run_id,run_name,_step,epoch,lr,val_ssim,val_psnr,val_rmse,val_mae,val_sam,val_ergas,val_loss,train_loss,train_mae,train_sam,train_grad_norm
whs69rcw,Modèle résiduel MSE,0,1.0,2e-05,0.690920789693964,21.466640470177495,0.08446328659778776,0.051137726432804405,0.2635068364184478,323.7466949753327,0.026603014722209554,0.07411404033629303,0.0737469241532505,0.3766963386382812,0.3140818779476178
whs69rcw,Modèle résiduel MSE,1,,,,,,,,,,,,,
whs69rcw,Modèle résiduel MSE,2,,,,,,,,,,,,,
whs69rcw,Modèle résiduel MSE,3,,,,,,,,,,,,,
whs69rcw,Modèle résiduel MSE,4,,,,,,,,,,,,,
whs69rcw,Modèle résiduel MSE,5,,,,,,,,,,,,,
whs69rcw,Modèle résiduel MSE,6,,,,,,,,,,,,,
whs69rcw,Modèle résiduel MSE,7,,,,,,,,,,,,,
whs69rcw,Modèle résiduel MSE,8,,,,,,,,,,,,,
whs69rcw,Modèle résiduel MSE,9,,,,,,,,,,,,,
whs69rcw,Modèle résiduel MSE,10,,,,,,,,,,,,,
whs69rcw,Modèle résiduel MSE,11,,,,,,,,,,,,,
whs69rcw,Modèle résiduel MSE,12,,,,,,,,,,,,,
whs69rcw,Modèle résiduel MSE,13,,,,,,,,,,,,,
whs69rcw,Modèle résiduel MSE,14,,,,,,,,,,,,,
whs69rcw,Modèle résiduel MSE,15,,,,,,,,,,,,,
whs69rcw,Modèle résiduel MSE,16,,,,,,,,,,,,,
whs69rcw,Modèle résiduel MSE,17,,,,,,,,,,,,,
whs69rcw,Modèle résiduel MSE,18,,,,,,,,,,,,,
whs69rcw,Modèle résiduel MSE,19,,,,,,,,,,,,,
whs69rcw,Modèle résiduel MSE,20,,,,,,,,,,,,,
whs69rcw,Modèle résiduel MSE,21,,,,,,,,,,,,,
whs69rcw,Modèle résiduel MSE,22,,,,,,,,,,,,,
whs69rcw,Modèle résiduel MSE,23,,,,,,,,,,,,,
whs69rcw,Modèle résiduel MSE,24,,,,,,,,,,,,,
whs69rcw,Modèle résiduel MSE,25,2.0,7.999999999999999e-05,0.7470682283927654,25.646240165300476,0.05220210209953641,0.031014382068453163,0.15641292415816208,282.03256165352815,0.011659026402851632,0.01981499665376977,0.039370534256992176,0.20313589911685032,0.15084642140019652
whs69rcw,Modèle résiduel MSE,26,,,,,,,,,,,,,
whs69rcw,Modèle résiduel MSE,27,,,,,,,,,,,,,
whs69rcw,Modèle résiduel MSE,28,,,,,,,,,,,,,
whs69rcw,Modèle résiduel MSE,29,,,,,,,,,,,,,
whs69rcw,Modèle résiduel MSE,30,,,,,,,,,,,,,
whs69rcw,Modèle résiduel MSE,31,,,,,,,,,,,,,
whs69rcw,Modèle résiduel MSE,32,,,,,,,,,,,,,
whs69rcw,Modèle résiduel MSE,33,,,,,,,,,,,,,
whs69rcw,Modèle résiduel MSE,34,,,,,,,,,,,,,
whs69rcw,Modèle résiduel MSE,35,,,,,,,,,,,,,
whs69rcw,Modèle résiduel MSE,36,,,,,,,,,,,,,
whs69rcw,Modèle résiduel MSE,37,,,,,,,,,,,,,
whs69rcw,Modèle résiduel MSE,38,,,,,,,,,,,,,
whs69rcw,Modèle résiduel MSE,39,,,,,,,,,,,,,
whs69rcw,Modèle résiduel MSE,40,,,,,,,,,,,,,
whs69rcw,Modèle résiduel MSE,41,,,,,,,,,,,,,
whs69rcw,Modèle résiduel MSE,42,,,,,,,,,,,,,
whs69rcw,Modèle résiduel MSE,43,,,,,,,,,,,,,
whs69rcw,Modèle résiduel MSE,44,,,,,,,,,,,,,
whs69rcw,Modèle résiduel MSE,45,,,,,,,,,,,,,
whs69rcw,Modèle résiduel MSE,46,,,,,,,,,,,,,
whs69rcw,Modèle résiduel MSE,47,,,,,,,,,,,,,
whs69rcw,Modèle résiduel MSE,48,,,,,,,,,,,,,
whs69rcw,Modèle résiduel MSE,49,,,,,,,,,,,,,
whs69rcw,Modèle résiduel MSE,50,3.0,0.00014,0.7600493205004725,26.39677739127201,0.04788077049504275,0.027937058616301108,0.14289159713120297,254.08541952733842,0.010032213766705888,0.014741012830541939,0.033398123728668586,0.16988033110387304,0.11372367880092217
whs69rcw,Modèle résiduel MSE,51,,,,,,,,,,,,,
whs69rcw,Modèle résiduel MSE,52,,,,,,,,,,,,,
whs69rcw,Modèle résiduel MSE,53,,,,,,,,,,,,,
whs69rcw,Modèle résiduel MSE,54,,,,,,,,,,,,,
whs69rcw,Modèle résiduel MSE,55,,,,,,,,,,,,,
whs69rcw,Modèle résiduel MSE,56,,,,,,,,,,,,,
whs69rcw,Modèle résiduel MSE,57,,,,,,,,,,,,,
whs69rcw,Modèle résiduel MSE,58,,,,,,,,,,,,,
whs69rcw,Modèle résiduel MSE,59,,,,,,,,,,,,,
whs69rcw,Modèle résiduel MSE,60,,,,,,,,,,,,,
whs69rcw,Modèle résiduel MSE,61,,,,,,,,,,,,,
whs69rcw,Modèle résiduel MSE,62,,,,,,,,,,,,,
whs69rcw,Modèle résiduel MSE,63,,,,,,,,,,,,,
whs69rcw,Modèle résiduel MSE,64,,,,,,,,,,,,,
whs69rcw,Modèle résiduel MSE,65,,,,,,,,,,,,,
whs69rcw,Modèle résiduel MSE,66,,,,,,,,,,,,,
whs69rcw,Modèle résiduel MSE,67,,,,,,,,,,,,,
whs69rcw,Modèle résiduel MSE,68,,,,,,,,,,,,,
whs69rcw,Modèle résiduel MSE,69,,,,,,,,,,,,,
whs69rcw,Modèle résiduel MSE,70,,,,,,,,,,,,,
whs69rcw,Modèle résiduel MSE,71,,,,,,,,,,,,,
whs69rcw,Modèle résiduel MSE,72,,,,,,,,,,,,,
whs69rcw,Modèle résiduel MSE,73,,,,,,,,,,,,,
whs69rcw,Modèle résiduel MSE,74,,,,,,,,,,,,,
whs69rcw,Modèle résiduel MSE,75,4.0,0.0002,0.7679977725292074,26.306750176805952,0.04837962426731653,0.027397463804688948,0.13811766792987956,247.4370656062958,0.009654844910355991,0.013792911271811424,0.03224798185257321,0.16325452589453796,0.09212980825358476
whs69rcw,Modèle résiduel MSE,76,,,,,,,,,,,,,
whs69rcw,Modèle résiduel MSE,77,,,,,,,,,,,,,
whs69rcw,Modèle résiduel MSE,78,,,,,,,,,,,,,
whs69rcw,Modèle résiduel MSE,79,,,,,,,,,,,,,
whs69rcw,Modèle résiduel MSE,80,,,,,,,,,,,,,
whs69rcw,Modèle résiduel MSE,81,,,,,,,,,,,,,
whs69rcw,Modèle résiduel MSE,82,,,,,,,,,,,,,
whs69rcw,Modèle résiduel MSE,83,,,,,,,,,,,,,
whs69rcw,Modèle résiduel MSE,84,,,,,,,,,,,,,
whs69rcw,Modèle résiduel MSE,85,,,,,,,,,,,,,
whs69rcw,Modèle résiduel MSE,86,,,,,,,,,,,,,
whs69rcw,Modèle résiduel MSE,87,,,,,,,,,,,,,
whs69rcw,Modèle résiduel MSE,88,,,,,,,,,,,,,
whs69rcw,Modèle résiduel MSE,89,,,,,,,,,,,,,
whs69rcw,Modèle résiduel MSE,90,,,,,,,,,,,,,
whs69rcw,Modèle résiduel MSE,91,,,,,,,,,,,,,
whs69rcw,Modèle résiduel MSE,92,,,,,,,,,,,,,
whs69rcw,Modèle résiduel MSE,93,,,,,,,,,,,,,
whs69rcw,Modèle résiduel MSE,94,,,,,,,,,,,,,
whs69rcw,Modèle résiduel MSE,95,,,,,,,,,,,,,
whs69rcw,Modèle résiduel MSE,96,,,,,,,,,,,,,
whs69rcw,Modèle résiduel MSE,97,,,,,,,,,,,,,
whs69rcw,Modèle résiduel MSE,98,,,,,,,,,,,,,
whs69rcw,Modèle résiduel MSE,99,,,,,,,,,,,,,
whs69rcw,Modèle résiduel MSE,100,5.0,0.00019980365947861302,0.7632020896878736,25.67367416740656,0.052037484151888636,0.029267438398352986,0.14480657670004615,270.1301030453306,0.010520980685371262,0.012387180911838753,0.030634317531162858,0.15484627498648104,0.09165405236089076
whs69rcw,Modèle résiduel MSE,101,6.0,0.00019921541278079057,0.7654260376404072,26.392774871684537,0.04790283937824687,0.02799290418624878,0.1400775762981382,254.65860947777492,0.009609885979443789,0.012504720099222584,0.030946444051387984,0.1551919473796828,0.0796481236640332
whs69rcw,Modèle résiduel MSE,102,,,,,,,,,,,,,
whs69rcw,Modèle résiduel MSE,103,,,,,,,,,,,,,
whs69rcw,Modèle résiduel MSE,104,,,,,,,,,,,,,
whs69rcw,Modèle résiduel MSE,105,,,,,,,,,,,,,
whs69rcw,Modèle résiduel MSE,106,,,,,,,,,,,,,
whs69rcw,Modèle résiduel MSE,107,,,,,,,,,,,,,
whs69rcw,Modèle résiduel MSE,108,,,,,,,,,,,,,
whs69rcw,Modèle résiduel MSE,109,,,,,,,,,,,,,
whs69rcw,Modèle résiduel MSE,110,,,,,,,,,,,,,
whs69rcw,Modèle résiduel MSE,111,,,,,,,,,,,,,
whs69rcw,Modèle résiduel MSE,112,,,,,,,,,,,,,
whs69rcw,Modèle résiduel MSE,113,,,,,,,,,,,,,
whs69rcw,Modèle résiduel MSE,114,,,,,,,,,,,,,
whs69rcw,Modèle résiduel MSE,115,,,,,,,,,,,,,
whs69rcw,Modèle résiduel MSE,116,,,,,,,,,,,,,
whs69rcw,Modèle résiduel MSE,117,,,,,,,,,,,,,
whs69rcw,Modèle résiduel MSE,118,,,,,,,,,,,,,
whs69rcw,Modèle résiduel MSE,119,,,,,,,,,,,,,
whs69rcw,Modèle résiduel MSE,120,,,,,,,,,,,,,
whs69rcw,Modèle résiduel MSE,121,,,,,,,,,,,,,
whs69rcw,Modèle résiduel MSE,122,,,,,,,,,,,,,
whs69rcw,Modèle résiduel MSE,123,,,,,,,,,,,,,
whs69rcw,Modèle résiduel MSE,124,,,,,,,,,,,,,
whs69rcw,Modèle résiduel MSE,125,,,,,,,,,,,,,
whs69rcw,Modèle résiduel MSE,126,7.0,0.00019823758144750454,0.7701425655134793,25.550222191697944,0.052782370447495716,0.029453066145551616,0.14511876065155555,240.32810956972187,0.010847170620450172,0.011193574897737967,0.029252170314455133,0.14726937278850466,0.07262131072676335
whs69rcw,Modèle résiduel MSE,127,8.0,0.0001968740245322988,0.7691572884033466,25.52484010118677,0.052936837791347384,0.029440537480444742,0.1460040239938374,252.32056752687376,0.010917102131221828,0.011252313929920396,0.028913889430526994,0.14705612561386874,0.07686335218544954
whs69rcw,Modèle résiduel MSE,128,9.0,0.0001951301233713678,0.7797087533720608,26.38073080852209,0.047969308679022236,0.027376981195190858,0.13874638363205152,246.64641244431468,0.00941548091841155,0.011070884242813047,0.028625498899919354,0.14603152899787977,0.0696360463451626
whs69rcw,Modèle résiduel MSE,129,,,,,,,,,,,,,
whs69rcw,Modèle résiduel MSE,130,,,,,,,,,,,,,
whs69rcw,Modèle résiduel MSE,131,,,,,,,,,,,,,
whs69rcw,Modèle résiduel MSE,132,,,,,,,,,,,,,
whs69rcw,Modèle résiduel MSE,133,,,,,,,,,,,,,
whs69rcw,Modèle résiduel MSE,134,,,,,,,,,,,,,
whs69rcw,Modèle résiduel MSE,135,,,,,,,,,,,,,
whs69rcw,Modèle résiduel MSE,136,,,,,,,,,,,,,
whs69rcw,Modèle résiduel MSE,137,,,,,,,,,,,,,
whs69rcw,Modèle résiduel MSE,138,,,,,,,,,,,,,
whs69rcw,Modèle résiduel MSE,139,,,,,,,,,,,,,
whs69rcw,Modèle résiduel MSE,140,,,,,,,,,,,,,
whs69rcw,Modèle résiduel MSE,141,,,,,,,,,,,,,
whs69rcw,Modèle résiduel MSE,142,,,,,,,,,,,,,
whs69rcw,Modèle résiduel MSE,143,,,,,,,,,,,,,
whs69rcw,Modèle résiduel MSE,144,,,,,,,,,,,,,
whs69rcw,Modèle résiduel MSE,145,,,,,,,,,,,,,
whs69rcw,Modèle résiduel MSE,146,,,,,,,,,,,,,
whs69rcw,Modèle résiduel MSE,147,,,,,,,,,,,,,
whs69rcw,Modèle résiduel MSE,148,,,,,,,,,,,,,
whs69rcw,Modèle résiduel MSE,149,,,,,,,,,,,,,
whs69rcw,Modèle résiduel MSE,150,,,,,,,,,,,,,
whs69rcw,Modèle résiduel MSE,151,,,,,,,,,,,,,
whs69rcw,Modèle résiduel MSE,152,,,,,,,,,,,,,
whs69rcw,Modèle résiduel MSE,153,10.0,0.000193012760345881,0.7554466374989214,24.911184933034903,0.05681208829625942,0.035121775713974034,0.17209078140299897,262.10379259041235,0.01298901213911073,0.010640194390812872,0.028221040319364805,0.14394827406757918,0.08004511637278856
whs69rcw,Modèle résiduel MSE,154,11.0,0.00019053029172036895,0.7968014108723608,27.421958851597484,0.04255024425231822,0.02432869297677073,0.12527948309635295,225.71389888640044,0.007978781543929002,0.01099203516028694,0.028691336870766602,0.1466625942888423,0.07647082182523023
whs69rcw,Modèle résiduel MSE,155,,,,,,,,,,,,,
whs69rcw,Modèle résiduel MSE,156,,,,,,,,,,,,,
whs69rcw,Modèle résiduel MSE,157,,,,,,,,,,,,,
whs69rcw,Modèle résiduel MSE,158,,,,,,,,,,,,,
whs69rcw,Modèle résiduel MSE,159,,,,,,,,,,,,,
whs69rcw,Modèle résiduel MSE,160,,,,,,,,,,,,,
whs69rcw,Modèle résiduel MSE,161,,,,,,,,,,,,,
whs69rcw,Modèle résiduel MSE,162,,,,,,,,,,,,,
whs69rcw,Modèle résiduel MSE,163,,,,,,,,,,,,,
whs69rcw,Modèle résiduel MSE,164,,,,,,,,,,,,,
whs69rcw,Modèle résiduel MSE,165,,,,,,,,,,,,,
whs69rcw,Modèle résiduel MSE,166,,,,,,,,,,,,,
whs69rcw,Modèle résiduel MSE,167,,,,,,,,,,,,,
whs69rcw,Modèle résiduel MSE,168,,,,,,,,,,,,,
whs69rcw,Modèle résiduel MSE,169,,,,,,,,,,,,,
whs69rcw,Modèle résiduel MSE,170,,,,,,,,,,,,,
whs69rcw,Modèle résiduel MSE,171,,,,,,,,,,,,,
whs69rcw,Modèle résiduel MSE,172,,,,,,,,,,,,,
whs69rcw,Modèle résiduel MSE,173,,,,,,,,,,,,,
whs69rcw,Modèle résiduel MSE,174,,,,,,,,,,,,,
whs69rcw,Modèle résiduel MSE,175,,,,,,,,,,,,,
whs69rcw,Modèle résiduel MSE,176,,,,,,,,,,,,,
whs69rcw,Modèle résiduel MSE,177,,,,,,,,,,,,,
whs69rcw,Modèle résiduel MSE,178,,,,,,,,,,,,,
whs69rcw,Modèle résiduel MSE,179,12.0,0.00018769251466436442,0.7977698609746736,27.304592386005837,0.043129098523740854,0.025236033095881856,0.12557308311606274,221.53784560355558,0.008161390497317088,0.010337963210753141,0.027830641764478806,0.1409212013658805,0.06710440893140104
whs69rcw,Modèle résiduel MSE,180,13.0,0.00018451062858745052,0.7927086045002115,27.356472496794613,0.04287225973602044,0.025051820637850927,0.1296741982986187,222.4031363953219,0.008314321716797763,0.010025047098135209,0.027377804804943565,0.13893422360221544,0.07072428847925785
whs69rcw,Modèle résiduel MSE,181,14.0,0.00018099719094030728,0.7910309968323543,26.53832132175914,0.047106835861439406,0.027069136821504296,0.13683614777079944,243.67183081769898,0.00945883681837084,0.01042790514512513,0.02783736115735438,0.14096972530978358,0.10872832090299353
whs69rcw,Modèle résiduel MSE,182,15.0,0.00017716606765619104,0.794174284770571,26.828760536477922,0.04555771917146453,0.025373369005733525,0.1283098872879456,244.24484597060658,0.008502743985696599,0.010811217658571962,0.028210014311803713,0.1432388818098439,0.07601803762472084
whs69rcw,Modèle résiduel MSE,183,16.0,0.00017303237842843046,0.8041035080778187,27.132195509124934,0.04399367321479584,0.024627414949495215,0.1258244635216121,211.544891746271,0.008272068735597462,0.009815186535756493,0.02717814914500102,0.13746932212613586,0.0694559038354036
whs69rcw,Modèle résiduel MSE,184,17.0,0.00016861243703990454,0.7981112393839606,27.38309071377323,0.042741077284219435,0.024290608145810407,0.126658850188913,218.93281507299557,0.008185431224711496,0.009926991490448196,0.02741754922665592,0.13816850189851898,0.07775745118976149
whs69rcw,Modèle résiduel MSE,185,18.0,0.00016392368697999463,0.801735769058096,27.406840816049964,0.042624368639918725,0.024757966270734524,0.12382549574149065,229.532759818061,0.007918466171570894,0.009421545176360851,0.026827102829503197,0.13446804772839588,0.06889206146359698
whs69rcw,Modèle résiduel MSE,186,,,,,,,,,,,,,
whs69rcw,Modèle résiduel MSE,187,,,,,,,,,,,,,
whs69rcw,Modèle résiduel MSE,188,,,,,,,,,,,,,
whs69rcw,Modèle résiduel MSE,189,,,,,,,,,,,,,
whs69rcw,Modèle résiduel MSE,190,,,,,,,,,,,,,
whs69rcw,Modèle résiduel MSE,191,,,,,,,,,,,,,
whs69rcw,Modèle résiduel MSE,192,,,,,,,,,,,,,
whs69rcw,Modèle résiduel MSE,193,,,,,,,,,,,,,
whs69rcw,Modèle résiduel MSE,194,,,,,,,,,,,,,
whs69rcw,Modèle résiduel MSE,195,,,,,,,,,,,,,
whs69rcw,Modèle résiduel MSE,196,,,,,,,,,,,,,
whs69rcw,Modèle résiduel MSE,197,,,,,,,,,,,,,
whs69rcw,Modèle résiduel MSE,198,,,,,,,,,,,,,
whs69rcw,Modèle résiduel MSE,199,,,,,,,,,,,,,
whs69rcw,Modèle résiduel MSE,200,,,,,,,,,,,,,
whs69rcw,Modèle résiduel MSE,201,,,,,,,,,,,,,
whs69rcw,Modèle résiduel MSE,202,,,,,,,,,,,,,
whs69rcw,Modèle résiduel MSE,203,,,,,,,,,,,,,
whs69rcw,Modèle résiduel MSE,204,,,,,,,,,,,,,
whs69rcw,Modèle résiduel MSE,205,,,,,,,,,,,,,
whs69rcw,Modèle résiduel MSE,206,,,,,,,,,,,,,
whs69rcw,Modèle résiduel MSE,207,,,,,,,,,,,,,
whs69rcw,Modèle résiduel MSE,208,,,,,,,,,,,,,
whs69rcw,Modèle résiduel MSE,209,,,,,,,,,,,,,
whs69rcw,Modèle résiduel MSE,210,19.0,0.0001589846326031011,0.7952779921992071,26.695677810640266,0.04626111642785088,0.02596503810892845,0.1321251104617941,245.97120293380215,0.008957875137827519,0.009664503881373467,0.027173822419319905,0.13498805654354584,0.07295787574834803
whs69rcw,Modèle résiduel MSE,211,20.0,0.00015381476610041016,0.8114950636337543,27.402606221883346,0.04264515418013498,0.024814105303636914,0.12280163425823738,217.1721070895151,0.007843332862931079,0.009496964211774688,0.026619278622838933,0.1350411236859285,0.07095694186914171
whs69rcw,Modèle résiduel MSE,212,,,,,,,,,,,,,
whs69rcw,Modèle résiduel MSE,213,,,,,,,,,,,,,
whs69rcw,Modèle résiduel MSE,214,,,,,,,,,,,,,
whs69rcw,Modèle résiduel MSE,215,,,,,,,,,,,,,
whs69rcw,Modèle résiduel MSE,216,,,,,,,,,,,,,
whs69rcw,Modèle résiduel MSE,217,,,,,,,,,,,,,
whs69rcw,Modèle résiduel MSE,218,,,,,,,,,,,,,
whs69rcw,Modèle résiduel MSE,219,,,,,,,,,,,,,
whs69rcw,Modèle résiduel MSE,220,,,,,,,,,,,,,
whs69rcw,Modèle résiduel MSE,221,,,,,,,,,,,,,
whs69rcw,Modèle résiduel MSE,222,,,,,,,,,,,,,
whs69rcw,Modèle résiduel MSE,223,,,,,,,,,,,,,
whs69rcw,Modèle résiduel MSE,224,,,,,,,,,,,,,
whs69rcw,Modèle résiduel MSE,225,,,,,,,,,,,,,
whs69rcw,Modèle résiduel MSE,226,,,,,,,,,,,,,
whs69rcw,Modèle résiduel MSE,227,,,,,,,,,,,,,
whs69rcw,Modèle résiduel MSE,228,,,,,,,,,,,,,
whs69rcw,Modèle résiduel MSE,229,,,,,,,,,,,,,
whs69rcw,Modèle résiduel MSE,230,,,,,,,,,,,,,
whs69rcw,Modèle résiduel MSE,231,,,,,,,,,,,,,
whs69rcw,Modèle résiduel MSE,232,,,,,,,,,,,,,
whs69rcw,Modèle résiduel MSE,233,,,,,,,,,,,,,
whs69rcw,Modèle résiduel MSE,234,,,,,,,,,,,,,
whs69rcw,Modèle résiduel MSE,235,,,,,,,,,,,,,
whs69rcw,Modèle résiduel MSE,236,21.0,0.00014843449057312067,0.8192306715866615,27.745528678287428,0.040994308598132606,0.023722259263540137,0.12123504011281605,203.5805899545524,0.007517644597602816,0.009311087170822753,0.0265562936074586,0.13339909583202794,0.07084406461789568
whs69rcw,Modèle résiduel MSE,237,,,,,,,,,,,,,
whs69rcw,Modèle résiduel MSE,238,,,,,,,,,,,,,
whs69rcw,Modèle résiduel MSE,239,,,,,,,,,,,,,
whs69rcw,Modèle résiduel MSE,240,,,,,,,,,,,,,
whs69rcw,Modèle résiduel MSE,241,,,,,,,,,,,,,
whs69rcw,Modèle résiduel MSE,242,,,,,,,,,,,,,
whs69rcw,Modèle résiduel MSE,243,,,,,,,,,,,,,
whs69rcw,Modèle résiduel MSE,244,,,,,,,,,,,,,
whs69rcw,Modèle résiduel MSE,245,,,,,,,,,,,,,
whs69rcw,Modèle résiduel MSE,246,,,,,,,,,,,,,
whs69rcw,Modèle résiduel MSE,247,,,,,,,,,,,,,
whs69rcw,Modèle résiduel MSE,248,,,,,,,,,,,,,
whs69rcw,Modèle résiduel MSE,249,,,,,,,,,,,,,
whs69rcw,Modèle résiduel MSE,250,,,,,,,,,,,,,
whs69rcw,Modèle résiduel MSE,251,,,,,,,,,,,,,
whs69rcw,Modèle résiduel MSE,252,,,,,,,,,,,,,
whs69rcw,Modèle résiduel MSE,253,,,,,,,,,,,,,
whs69rcw,Modèle résiduel MSE,254,,,,,,,,,,,,,
whs69rcw,Modèle résiduel MSE,255,,,,,,,,,,,,,
whs69rcw,Modèle résiduel MSE,256,,,,,,,,,,,,,
whs69rcw,Modèle résiduel MSE,257,,,,,,,,,,,,,
whs69rcw,Modèle résiduel MSE,258,,,,,,,,,,,,,
whs69rcw,Modèle résiduel MSE,259,,,,,,,,,,,,,
whs69rcw,Modèle résiduel MSE,260,,,,,,,,,,,,,
whs69rcw,Modèle résiduel MSE,261,22.0,0.00014286503951072474,0.8148639140457943,27.125489177723892,0.044027653623447655,0.025181879385791976,0.12425973728812974,230.08292347511943,0.008118905608767065,0.009266468082379518,0.026579633546181213,0.13304082145038834,0.08004483497009063
whs69rcw,Modèle résiduel MSE,262,23.0,0.00013712839299212547,0.8138943376212284,27.719480391729125,0.0411174317685274,0.023511744714502632,0.12229102721502041,209.447881901436,0.007795222689686665,0.009600213625364833,0.026698655878695157,0.13472841820146284,0.08313437048982605
whs69rcw,Modèle résiduel MSE,263,24.0,0.00013124719094030727,0.8151866588099249,27.739230779368,0.041024043218774536,0.023378768293508167,0.12287728257220366,208.82057038733066,0.007704270337226576,0.008982825359632062,0.02602009924972414,0.1299307250505329,0.07824939535532752
whs69rcw,Modèle résiduel MSE,264,25.0,0.00012524464377290304,0.7969787285245699,25.061661172517205,0.05583633977740657,0.030854082955368633,0.15048003890391054,241.55707014028144,0.011240526335313916,0.008867049182797026,0.025960747693848405,0.12974038841123256,0.08077593055418414
whs69rcw,Modèle résiduel MSE,265,26.0,0.00011914444080127963,0.8234543656480724,27.756584123654715,0.04094216402157859,0.0236388451323427,0.12157278764864494,199.65200854099004,0.007453402921814343,0.008792917799347868,0.02609189020262824,0.1289364475534003,0.0736897393153646
whs69rcw,Modèle résiduel MSE,266,,,,,,,,,,,,,
whs69rcw,Modèle résiduel MSE,267,,,,,,,,,,,,,
whs69rcw,Modèle résiduel MSE,268,,,,,,,,,,,,,
whs69rcw,Modèle résiduel MSE,269,,,,,,,,,,,,,
whs69rcw,Modèle résiduel MSE,270,,,,,,,,,,,,,
whs69rcw,Modèle résiduel MSE,271,,,,,,,,,,,,,
whs69rcw,Modèle résiduel MSE,272,,,,,,,,,,,,,
whs69rcw,Modèle résiduel MSE,273,,,,,,,,,,,,,
whs69rcw,Modèle résiduel MSE,274,,,,,,,,,,,,,
whs69rcw,Modèle résiduel MSE,275,,,,,,,,,,,,,
whs69rcw,Modèle résiduel MSE,276,,,,,,,,,,,,,
whs69rcw,Modèle résiduel MSE,277,,,,,,,,,,,,,
whs69rcw,Modèle résiduel MSE,278,,,,,,,,,,,,,
whs69rcw,Modèle résiduel MSE,279,,,,,,,,,,,,,
whs69rcw,Modèle résiduel MSE,280,,,,,,,,,,,,,
whs69rcw,Modèle résiduel MSE,281,,,,,,,,,,,,,
whs69rcw,Modèle résiduel MSE,282,,,,,,,,,,,,,
whs69rcw,Modèle résiduel MSE,283,,,,,,,,,,,,,
whs69rcw,Modèle résiduel MSE,284,,,,,,,,,,,,,
whs69rcw,Modèle résiduel MSE,285,,,,,,,,,,,,,
whs69rcw,Modèle résiduel MSE,286,,,,,,,,,,,,,
whs69rcw,Modèle résiduel MSE,287,,,,,,,,,,,,,
whs69rcw,Modèle résiduel MSE,288,,,,,,,,,,,,,
whs69rcw,Modèle résiduel MSE,289,,,,,,,,,,,,,
whs69rcw,Modèle résiduel MSE,290,27.0,0.0001129706567396483,0.8164204564587824,27.59760720693407,0.041698423866856925,0.024122098203876924,0.12069227173924446,234.94734395841166,0.007474327379644945,0.0087535997104441,0.02599537490397437,0.1285098135853425,0.08201565332790343
whs69rcw,Modèle résiduel MSE,291,28.0,0.0001067476566931667,0.8194968330449072,27.13885192539906,0.043959971655783,0.02696113050754728,0.1241630107678216,217.16432772012183,0.00791009407940096,0.008403419807521451,0.02540919464479527,0.125888920460756,0.07990031317672414
whs69rcw,Modèle résiduel MSE,292,29.0,0.0001005,0.8241757072251419,27.882297645772564,0.040353863228851636,0.022915483484494275,0.11874394362856602,212.207353804349,0.007349836884933556,0.008622625549164657,0.0255329401160662,0.1271860591876201,0.09422305796263564
whs69rcw,Modèle résiduel MSE,293,,,,,,,,,,,,,
whs69rcw,Modèle résiduel MSE,294,,,,,,,,,,,,,
whs69rcw,Modèle résiduel MSE,295,,,,,,,,,,,,,
whs69rcw,Modèle résiduel MSE,296,,,,,,,,,,,,,
whs69rcw,Modèle résiduel MSE,297,,,,,,,,,,,,,
whs69rcw,Modèle résiduel MSE,298,,,,,,,,,,,,,
whs69rcw,Modèle résiduel MSE,299,,,,,,,,,,,,,
whs69rcw,Modèle résiduel MSE,300,,,,,,,,,,,,,
whs69rcw,Modèle résiduel MSE,301,,,,,,,,,,,,,
whs69rcw,Modèle résiduel MSE,302,,,,,,,,,,,,,
whs69rcw,Modèle résiduel MSE,303,,,,,,,,,,,,,
whs69rcw,Modèle résiduel MSE,304,,,,,,,,,,,,,
whs69rcw,Modèle résiduel MSE,305,,,,,,,,,,,,,
whs69rcw,Modèle résiduel MSE,306,,,,,,,,,,,,,
whs69rcw,Modèle résiduel MSE,307,,,,,,,,,,,,,
whs69rcw,Modèle résiduel MSE,308,,,,,,,,,,,,,
whs69rcw,Modèle résiduel MSE,309,,,,,,,,,,,,,
whs69rcw,Modèle résiduel MSE,310,,,,,,,,,,,,,
whs69rcw,Modèle résiduel MSE,311,,,,,,,,,,,,,
whs69rcw,Modèle résiduel MSE,312,,,,,,,,,,,,,
whs69rcw,Modèle résiduel MSE,313,,,,,,,,,,,,,
whs69rcw,Modèle résiduel MSE,314,,,,,,,,,,,,,
whs69rcw,Modèle résiduel MSE,315,,,,,,,,,,,,,
whs69rcw,Modèle résiduel MSE,316,,,,,,,,,,,,,
whs69rcw,Modèle résiduel MSE,317,30.0,9.425234330683332e-05,0.819976479842745,26.514509912011647,0.04723615123437618,0.02693431811599896,0.12891185026744317,216.96637736989496,0.008376238723124924,0.008253340820312245,0.025270414204360582,0.12451647209306048,0.08620278789606105
whs69rcw,Modèle résiduel MSE,318,31.0,8.802934326035174e-05,0.8298287371109272,27.616335332044784,0.041608612456659484,0.024123335064485156,0.11729309926259107,214.9327155684976,0.007284690441306809,0.007998012787359966,0.025023339694349937,0.12325861492854917,0.0819034810918264
whs69rcw,Modèle résiduel MSE,319,,,,,,,,,,,,,
whs69rcw,Modèle résiduel MSE,320,,,,,,,,,,,,,
whs69rcw,Modèle résiduel MSE,321,,,,,,,,,,,,,
whs69rcw,Modèle résiduel MSE,322,,,,,,,,,,,,,
whs69rcw,Modèle résiduel MSE,323,,,,,,,,,,,,,
whs69rcw,Modèle résiduel MSE,324,,,,,,,,,,,,,
whs69rcw,Modèle résiduel MSE,325,,,,,,,,,,,,,
whs69rcw,Modèle résiduel MSE,326,,,,,,,,,,,,,
whs69rcw,Modèle résiduel MSE,327,,,,,,,,,,,,,
whs69rcw,Modèle résiduel MSE,328,,,,,,,,,,,,,
whs69rcw,Modèle résiduel MSE,329,,,,,,,,,,,,,
whs69rcw,Modèle résiduel MSE,330,,,,,,,,,,,,,
whs69rcw,Modèle résiduel MSE,331,,,,,,,,,,,,,
whs69rcw,Modèle résiduel MSE,332,,,,,,,,,,,,,
whs69rcw,Modèle résiduel MSE,333,,,,,,,,,,,,,
whs69rcw,Modèle résiduel MSE,334,,,,,,,,,,,,,
whs69rcw,Modèle résiduel MSE,335,,,,,,,,,,,,,
whs69rcw,Modèle résiduel MSE,336,,,,,,,,,,,,,
whs69rcw,Modèle résiduel MSE,337,,,,,,,,,,,,,
whs69rcw,Modèle résiduel MSE,338,,,,,,,,,,,,,
whs69rcw,Modèle résiduel MSE,339,,,,,,,,,,,,,
whs69rcw,Modèle résiduel MSE,340,,,,,,,,,,,,,
whs69rcw,Modèle résiduel MSE,341,,,,,,,,,,,,,
whs69rcw,Modèle résiduel MSE,342,,,,,,,,,,,,,
whs69rcw,Modèle résiduel MSE,343,32.0,8.18555591987204e-05,0.8214772795808727,27.63784060530831,0.041505721697651446,0.02447181368439362,0.12580366663891693,207.77263765284417,0.007767895854816869,0.008114797472117994,0.025066751306160137,0.12442693445417616,0.08927642741901243
whs69rcw,Modèle résiduel MSE,344,33.0,7.575535622709694e-05,0.8285707769722774,27.973253592286937,0.03993349489441453,0.02270403664944501,0.12096002363953097,186.4515067444857,0.007264166564584292,0.007918247967982331,0.02478870528582961,0.12244979273050259,0.08579483954235911
whs69rcw,Modèle résiduel MSE,345,,,,,,,,,,,,,
whs69rcw,Modèle résiduel MSE,346,,,,,,,,,,,,,
whs69rcw,Modèle résiduel MSE,347,,,,,,,,,,,,,
whs69rcw,Modèle résiduel MSE,348,,,,,,,,,,,,,
whs69rcw,Modèle résiduel MSE,349,,,,,,,,,,,,,
whs69rcw,Modèle résiduel MSE,350,,,,,,,,,,,,,
whs69rcw,Modèle résiduel MSE,351,,,,,,,,,,,,,
whs69rcw,Modèle résiduel MSE,352,,,,,,,,,,,,,
whs69rcw,Modèle résiduel MSE,353,,,,,,,,,,,,,
whs69rcw,Modèle résiduel MSE,354,,,,,,,,,,,,,
whs69rcw,Modèle résiduel MSE,355,,,,,,,,,,,,,
whs69rcw,Modèle résiduel MSE,356,,,,,,,,,,,,,
whs69rcw,Modèle résiduel MSE,357,,,,,,,,,,,,,
whs69rcw,Modèle résiduel MSE,358,,,,,,,,,,,,,
whs69rcw,Modèle résiduel MSE,359,,,,,,,,,,,,,
whs69rcw,Modèle résiduel MSE,360,,,,,,,,,,,,,
whs69rcw,Modèle résiduel MSE,361,,,,,,,,,,,,,
whs69rcw,Modèle résiduel MSE,362,,,,,,,,,,,,,
whs69rcw,Modèle résiduel MSE,363,,,,,,,,,,,,,
whs69rcw,Modèle résiduel MSE,364,,,,,,,,,,,,,
whs69rcw,Modèle résiduel MSE,365,,,,,,,,,,,,,
whs69rcw,Modèle résiduel MSE,366,,,,,,,,,,,,,
whs69rcw,Modèle résiduel MSE,367,,,,,,,,,,,,,
whs69rcw,Modèle résiduel MSE,368,,,,,,,,,,,,,
whs69rcw,Modèle résiduel MSE,369,34.0,6.975280905969277e-05,0.8288885087802492,27.20310539265246,0.04363597963217093,0.02532056108887853,0.12009030105224971,220.70565986208226,0.007621918748743062,0.008011019292176088,0.02483271122870282,0.12284286466673908,0.09472125583192986
whs69rcw,Modèle résiduel MSE,370,35.0,6.387160700787457e-05,0.8339760221284012,27.72569998570217,0.04108799987342796,0.023824635700419032,0.11776308985105877,208.31303980104963,0.007303678968535929,0.007899662995169688,0.024735974406616554,0.1216852204539837,0.08883452629831073
whs69rcw,Modèle résiduel MSE,371,36.0,5.813496048927527e-05,0.8395265977958153,28.082866041733002,0.03943271663448855,0.022304543101325118,0.11404149825203008,193.99957104137272,0.0068637274350200235,0.00781414693651291,0.024700337177158423,0.12110707975732975,0.09821250489475127
whs69rcw,Modèle résiduel MSE,372,,,,,,,,,,,,,
whs69rcw,Modèle résiduel MSE,373,,,,,,,,,,,,,
whs69rcw,Modèle résiduel MSE,374,,,,,,,,,,,,,
whs69rcw,Modèle résiduel MSE,375,,,,,,,,,,,,,
whs69rcw,Modèle résiduel MSE,376,,,,,,,,,,,,,
whs69rcw,Modèle résiduel MSE,377,,,,,,,,,,,,,
whs69rcw,Modèle résiduel MSE,378,,,,,,,,,,,,,
whs69rcw,Modèle résiduel MSE,379,,,,,,,,,,,,,
whs69rcw,Modèle résiduel MSE,380,,,,,,,,,,,,,
whs69rcw,Modèle résiduel MSE,381,,,,,,,,,,,,,
whs69rcw,Modèle résiduel MSE,382,,,,,,,,,,,,,
whs69rcw,Modèle résiduel MSE,383,,,,,,,,,,,,,
whs69rcw,Modèle résiduel MSE,384,,,,,,,,,,,,,
whs69rcw,Modèle résiduel MSE,385,,,,,,,,,,,,,
whs69rcw,Modèle résiduel MSE,386,,,,,,,,,,,,,
whs69rcw,Modèle résiduel MSE,387,,,,,,,,,,,,,
whs69rcw,Modèle résiduel MSE,388,,,,,,,,,,,,,
whs69rcw,Modèle résiduel MSE,389,,,,,,,,,,,,,
whs69rcw,Modèle résiduel MSE,390,,,,,,,,,,,,,
whs69rcw,Modèle résiduel MSE,391,,,,,,,,,,,,,
whs69rcw,Modèle résiduel MSE,392,,,,,,,,,,,,,
whs69rcw,Modèle résiduel MSE,393,,,,,,,,,,,,,
whs69rcw,Modèle résiduel MSE,394,,,,,,,,,,,,,
whs69rcw,Modèle résiduel MSE,395,,,,,,,,,,,,,
whs69rcw,Modèle résiduel MSE,396,37.0,5.256550942687932e-05,0.8364586028559454,27.95389294057685,0.04002260502741595,0.023051142371420204,0.11714170629094386,193.63979141549623,0.007085944895215076,0.0074780183450247235,0.02416778378522931,0.1193705163577683,0.10919890174658126
whs69rcw,Modèle résiduel MSE,397,38.0,4.718523389958981e-05,0.8370342953451748,28.070282870235374,0.03948988386114997,0.022505105826361425,0.1162534212243968,188.40819524109585,0.006900518674981491,0.007309220971054055,0.02417443289111058,0.11779232183073321,0.09235336180203237
whs69rcw,Modèle résiduel MSE,398,39.0,4.201536739689893e-05,0.841110280875502,27.939852827451585,0.04008735099167152,0.023459703179782833,0.11511844666353588,181.63508255074257,0.00703384914306988,0.0073219050870189425,0.02394784566683647,0.1179439326445771,0.10364824133073418
whs69rcw,Modèle résiduel MSE,399,40.0,3.707631302000537e-05,0.8441084130056973,28.09461267499955,0.03937942461618642,0.02203630675272695,0.114656087524932,205.74349773602754,0.0073583251917092455,0.007322352815371675,0.024063145789580468,0.11769469859253646,0.10616343275795126
whs69rcw,Modèle résiduel MSE,400,41.0,3.238756296009547e-05,0.8336544489038402,28.095597685419982,0.03937495910420268,0.022271303909605945,0.1161582326066905,193.7094208755791,0.00691350921185623,0.007171577867518505,0.024010064132097695,0.11629568642148605,0.09668699355843739
whs69rcw,Modèle résiduel MSE,401,42.0,2.7967621571569576e-05,0.8451373864864481,28.315778972542876,0.03838937586179177,0.021361960226605678,0.1114706727194375,186.44588587129107,0.0067991000672416955,0.007152283439834594,0.023798221833685525,0.11625824833654949,0.10424557812591521
whs69rcw,Modèle résiduel MSE,402,,,,,,,,,,,,,
whs69rcw,Modèle résiduel MSE,403,,,,,,,,,,,,,
whs69rcw,Modèle résiduel MSE,404,,,,,,,,,,,,,
whs69rcw,Modèle résiduel MSE,405,,,,,,,,,,,,,
whs69rcw,Modèle résiduel MSE,406,,,,,,,,,,,,,
whs69rcw,Modèle résiduel MSE,407,,,,,,,,,,,,,
whs69rcw,Modèle résiduel MSE,408,,,,,,,,,,,,,
whs69rcw,Modèle résiduel MSE,409,,,,,,,,,,,,,
whs69rcw,Modèle résiduel MSE,410,,,,,,,,,,,,,
whs69rcw,Modèle résiduel MSE,411,,,,,,,,,,,,,
whs69rcw,Modèle résiduel MSE,412,,,,,,,,,,,,,
whs69rcw,Modèle résiduel MSE,413,,,,,,,,,,,,,
whs69rcw,Modèle résiduel MSE,414,,,,,,,,,,,,,
whs69rcw,Modèle résiduel MSE,415,,,,,,,,,,,,,
whs69rcw,Modèle résiduel MSE,416,,,,,,,,,,,,,
whs69rcw,Modèle résiduel MSE,417,,,,,,,,,,,,,
whs69rcw,Modèle résiduel MSE,418,,,,,,,,,,,,,
whs69rcw,Modèle résiduel MSE,419,,,,,,,,,,,,,
whs69rcw,Modèle résiduel MSE,420,,,,,,,,,,,,,
whs69rcw,Modèle résiduel MSE,421,,,,,,,,,,,,,
whs69rcw,Modèle résiduel MSE,422,,,,,,,,,,,,,
whs69rcw,Modèle résiduel MSE,423,,,,,,,,,,,,,
whs69rcw,Modèle résiduel MSE,424,,,,,,,,,,,,,
whs69rcw,Modèle résiduel MSE,425,,,,,,,,,,,,,
whs69rcw,Modèle résiduel MSE,426,43.0,2.3833932343808982e-05,0.8381077174482674,28.091005806498867,0.039395780557485015,0.022371318897810476,0.11889343066462155,184.11990959480678,0.007153663800322804,0.007037447775419579,0.023557693235830873,0.1157396316018879,0.10368946272656958
whs69rcw,Modèle résiduel MSE,427,44.0,2.0002809059692742e-05,0.8340033827156856,28.187978483124922,0.03895839672628275,0.02200936811879791,0.11844789005559066,187.370119273805,0.006982230918546175,0.007006019830472895,0.023656642159972437,0.11478780426530756,0.10178603187330768
whs69rcw,Modèle résiduel MSE,428,45.0,1.6489371412549524e-05,0.8370139598846436,28.13523629455728,0.03919567836768173,0.022010138065650546,0.11813751068608515,190.59643774704946,0.006943620091047266,0.006916010006068227,0.023628000830674272,0.11459673250205496,0.09742754256814463
whs69rcw,Modèle résiduel MSE,429,46.0,1.3307485335635575e-05,0.8474473069454062,28.25786303138142,0.03864620456900765,0.02169483244932931,0.11305950569181607,178.31237451184427,0.0068321728131509035,0.006796083656840154,0.0232951699071524,0.11389027239802556,0.10987657914336166
whs69rcw,Modèle résiduel MSE,430,47.0,1.0469708279631076e-05,0.842831029974181,28.359687614730213,0.03819580075917931,0.021356255201430155,0.11395376650937672,178.74847448957377,0.006826644683064058,0.006754107703653793,0.0233268733176156,0.11309949738474992,0.10110002292049491
whs69rcw,Modèle résiduel MSE,431,48.0,7.987239654118992e-06,0.847329016389518,28.17921590928369,0.03899771890225439,0.021773942489305448,0.1132077857338149,188.15313371616344,0.007017736885182816,0.006712223001174692,0.02323234947716706,0.1128575281263926,0.09771753553476216
whs69rcw,Modèle résiduel MSE,432,49.0,5.8698766286322235e-06,0.8430970557804766,28.30010770873526,0.03845870129728318,0.0213556042069505,0.11391043997016446,180.93296831785116,0.0067957298035315914,0.006800659177984055,0.023329002512061697,0.11364759708571638,0.10022309744873872
whs69rcw,Modèle résiduel MSE,433,,,,,,,,,,,,,
whs69rcw,Modèle résiduel MSE,434,,,,,,,,,,,,,
whs69rcw,Modèle résiduel MSE,435,,,,,,,,,,,,,
whs69rcw,Modèle résiduel MSE,436,,,,,,,,,,,,,
whs69rcw,Modèle résiduel MSE,437,,,,,,,,,,,,,
whs69rcw,Modèle résiduel MSE,438,,,,,,,,,,,,,
whs69rcw,Modèle résiduel MSE,439,,,,,,,,,,,,,
whs69rcw,Modèle résiduel MSE,440,,,,,,,,,,,,,
whs69rcw,Modèle résiduel MSE,441,,,,,,,,,,,,,
whs69rcw,Modèle résiduel MSE,442,,,,,,,,,,,,,
whs69rcw,Modèle résiduel MSE,443,,,,,,,,,,,,,
whs69rcw,Modèle résiduel MSE,444,,,,,,,,,,,,,
whs69rcw,Modèle résiduel MSE,445,,,,,,,,,,,,,
whs69rcw,Modèle résiduel MSE,446,,,,,,,,,,,,,
whs69rcw,Modèle résiduel MSE,447,,,,,,,,,,,,,
whs69rcw,Modèle résiduel MSE,448,,,,,,,,,,,,,
whs69rcw,Modèle résiduel MSE,449,,,,,,,,,,,,,
whs69rcw,Modèle résiduel MSE,450,,,,,,,,,,,,,
whs69rcw,Modèle résiduel MSE,451,,,,,,,,,,,,,
whs69rcw,Modèle résiduel MSE,452,,,,,,,,,,,,,
whs69rcw,Modèle résiduel MSE,453,,,,,,,,,,,,,
whs69rcw,Modèle résiduel MSE,454,,,,,,,,,,,,,
whs69rcw,Modèle résiduel MSE,455,,,,,,,,,,,,,
whs69rcw,Modèle résiduel MSE,456,,,,,,,,,,,,,
whs69rcw,Modèle résiduel MSE,457,50.0,4.125975467701219e-06,0.8418441497046372,28.23612155187225,0.03874306029178443,0.021692180556469952,0.1156180714224947,185.06425654092976,0.007037115708828486,0.0066748249541538265,0.023248882681672644,0.11271590589840189,0.10325569914192216
whs69rcw,Modèle résiduel MSE,458,51.0,2.7624185524954723e-06,0.8470456291889322,28.208788956674343,0.03886516825267339,0.022015035152435303,0.11295492921409936,183.43555707515765,0.006900597387796332,0.006618415714942046,0.023118450039695215,0.1123621803509374,0.0900192748532336
whs69rcw,Modèle résiduel MSE,459,,,,,,,,,,,,,
whs69rcw,Modèle résiduel MSE,460,,,,,,,,,,,,,
whs69rcw,Modèle résiduel MSE,461,,,,,,,,,,,,,
whs69rcw,Modèle résiduel MSE,462,,,,,,,,,,,,,
whs69rcw,Modèle résiduel MSE,463,,,,,,,,,,,,,
whs69rcw,Modèle résiduel MSE,464,,,,,,,,,,,,,
whs69rcw,Modèle résiduel MSE,465,,,,,,,,,,,,,
5s7c0uvn,Modèle résiduel normalisé,0,1.0,2e-05,0.7397715346566562,6.314000225906503,0.4833925899437935,0.05217548459768295,0.23063070969334964,233.60185750261792,0.06831296828800235,0.09976645016198994,0.06424750457716803,0.3298699757736972,0.41481074964643544
5s7c0uvn,Modèle résiduel normalisé,1,,,,,,,,,,,,,
5s7c0uvn,Modèle résiduel normalisé,2,,,,,,,,,,,,,
5s7c0uvn,Modèle résiduel normalisé,3,,,,,,,,,,,,,
5s7c0uvn,Modèle résiduel normalisé,4,,,,,,,,,,,,,
5s7c0uvn,Modèle résiduel normalisé,5,,,,,,,,,,,,,
5s7c0uvn,Modèle résiduel normalisé,6,,,,,,,,,,,,,
5s7c0uvn,Modèle résiduel normalisé,7,,,,,,,,,,,,,
5s7c0uvn,Modèle résiduel normalisé,8,,,,,,,,,,,,,
5s7c0uvn,Modèle résiduel normalisé,9,,,,,,,,,,,,,
5s7c0uvn,Modèle résiduel normalisé,10,,,,,,,,,,,,,
5s7c0uvn,Modèle résiduel normalisé,11,,,,,,,,,,,,,
5s7c0uvn,Modèle résiduel normalisé,12,,,,,,,,,,,,,
5s7c0uvn,Modèle résiduel normalisé,13,,,,,,,,,,,,,
5s7c0uvn,Modèle résiduel normalisé,14,,,,,,,,,,,,,
5s7c0uvn,Modèle résiduel normalisé,15,,,,,,,,,,,,,
5s7c0uvn,Modèle résiduel normalisé,16,,,,,,,,,,,,,
5s7c0uvn,Modèle résiduel normalisé,17,,,,,,,,,,,,,
5s7c0uvn,Modèle résiduel normalisé,18,,,,,,,,,,,,,
5s7c0uvn,Modèle résiduel normalisé,19,,,,,,,,,,,,,
5s7c0uvn,Modèle résiduel normalisé,20,,,,,,,,,,,,,
5s7c0uvn,Modèle résiduel normalisé,21,,,,,,,,,,,,,
5s7c0uvn,Modèle résiduel normalisé,22,,,,,,,,,,,,,
5s7c0uvn,Modèle résiduel normalisé,23,,,,,,,,,,,,,
5s7c0uvn,Modèle résiduel normalisé,24,,,,,,,,,,,,,
5s7c0uvn,Modèle résiduel normalisé,25,2.0,7.999999999999999e-05,0.7877577646025296,27.184948368621026,0.043727291893149056,0.02339653876321069,0.1397219703629099,172.19528107407157,0.030813689889578985,0.03908898215740919,0.028492419057103813,0.1678201320907499,0.20773035297409082
5s7c0uvn,Modèle résiduel normalisé,26,,,,,,,,,,,,,
5s7c0uvn,Modèle résiduel normalisé,27,,,,,,,,,,,,,
5s7c0uvn,Modèle résiduel normalisé,28,,,,,,,,,,,,,
5s7c0uvn,Modèle résiduel normalisé,29,,,,,,,,,,,,,
5s7c0uvn,Modèle résiduel normalisé,30,,,,,,,,,,,,,
5s7c0uvn,Modèle résiduel normalisé,31,,,,,,,,,,,,,
5s7c0uvn,Modèle résiduel normalisé,32,,,,,,,,,,,,,
5s7c0uvn,Modèle résiduel normalisé,33,,,,,,,,,,,,,
5s7c0uvn,Modèle résiduel normalisé,34,,,,,,,,,,,,,
5s7c0uvn,Modèle résiduel normalisé,35,,,,,,,,,,,,,
5s7c0uvn,Modèle résiduel normalisé,36,,,,,,,,,,,,,
5s7c0uvn,Modèle résiduel normalisé,37,,,,,,,,,,,,,
5s7c0uvn,Modèle résiduel normalisé,38,,,,,,,,,,,,,
5s7c0uvn,Modèle résiduel normalisé,39,,,,,,,,,,,,,
5s7c0uvn,Modèle résiduel normalisé,40,,,,,,,,,,,,,
5s7c0uvn,Modèle résiduel normalisé,41,,,,,,,,,,,,,
5s7c0uvn,Modèle résiduel normalisé,42,,,,,,,,,,,,,
5s7c0uvn,Modèle résiduel normalisé,43,,,,,,,,,,,,,
5s7c0uvn,Modèle résiduel normalisé,44,,,,,,,,,,,,,
5s7c0uvn,Modèle résiduel normalisé,45,,,,,,,,,,,,,
5s7c0uvn,Modèle résiduel normalisé,46,,,,,,,,,,,,,
5s7c0uvn,Modèle résiduel normalisé,47,,,,,,,,,,,,,
5s7c0uvn,Modèle résiduel normalisé,48,,,,,,,,,,,,,
5s7c0uvn,Modèle résiduel normalisé,49,,,,,,,,,,,,,
5s7c0uvn,Modèle résiduel normalisé,50,3.0,0.00014,0.8051619262530886,27.774486681358255,0.04085786469952154,0.020922278664235412,0.11889253518190877,159.60936624146754,0.02643825197271232,0.030991353357258517,0.023141871409442943,0.140176294833167,0.1594431563320323
5s7c0uvn,Modèle résiduel normalisé,51,,,,,,,,,,,,,
5s7c0uvn,Modèle résiduel normalisé,52,,,,,,,,,,,,,
5s7c0uvn,Modèle résiduel normalisé,53,,,,,,,,,,,,,
5s7c0uvn,Modèle résiduel normalisé,54,,,,,,,,,,,,,
5s7c0uvn,Modèle résiduel normalisé,55,,,,,,,,,,,,,
5s7c0uvn,Modèle résiduel normalisé,56,,,,,,,,,,,,,
5s7c0uvn,Modèle résiduel normalisé,57,,,,,,,,,,,,,
5s7c0uvn,Modèle résiduel normalisé,58,,,,,,,,,,,,,
5s7c0uvn,Modèle résiduel normalisé,59,,,,,,,,,,,,,
5s7c0uvn,Modèle résiduel normalisé,60,,,,,,,,,,,,,
5s7c0uvn,Modèle résiduel normalisé,61,,,,,,,,,,,,,
5s7c0uvn,Modèle résiduel normalisé,62,,,,,,,,,,,,,
5s7c0uvn,Modèle résiduel normalisé,63,,,,,,,,,,,,,
5s7c0uvn,Modèle résiduel normalisé,64,,,,,,,,,,,,,
5s7c0uvn,Modèle résiduel normalisé,65,,,,,,,,,,,,,
5s7c0uvn,Modèle résiduel normalisé,66,,,,,,,,,,,,,
5s7c0uvn,Modèle résiduel normalisé,67,,,,,,,,,,,,,
5s7c0uvn,Modèle résiduel normalisé,68,,,,,,,,,,,,,
5s7c0uvn,Modèle résiduel normalisé,69,,,,,,,,,,,,,
5s7c0uvn,Modèle résiduel normalisé,70,,,,,,,,,,,,,
5s7c0uvn,Modèle résiduel normalisé,71,,,,,,,,,,,,,
5s7c0uvn,Modèle résiduel normalisé,72,,,,,,,,,,,,,
5s7c0uvn,Modèle résiduel normalisé,73,,,,,,,,,,,,,
5s7c0uvn,Modèle résiduel normalisé,74,,,,,,,,,,,,,
5s7c0uvn,Modèle résiduel normalisé,75,4.0,0.0002,0.8129241445968891,28.600721547314386,0.03715043665000917,0.020224222014176434,0.1181166541987452,152.47580996926712,0.025559943522615678,0.03019960282736609,0.0226577024660113,0.13671126866187805,0.15100361679035884
5s7c0uvn,Modèle résiduel normalisé,76,,,,,,,,,,,,,
5s7c0uvn,Modèle résiduel normalisé,77,,,,,,,,,,,,,
5s7c0uvn,Modèle résiduel normalisé,78,,,,,,,,,,,,,
5s7c0uvn,Modèle résiduel normalisé,79,,,,,,,,,,,,,
5s7c0uvn,Modèle résiduel normalisé,80,,,,,,,,,,,,,
5s7c0uvn,Modèle résiduel normalisé,81,,,,,,,,,,,,,
5s7c0uvn,Modèle résiduel normalisé,82,,,,,,,,,,,,,
5s7c0uvn,Modèle résiduel normalisé,83,,,,,,,,,,,,,
5s7c0uvn,Modèle résiduel normalisé,84,,,,,,,,,,,,,
5s7c0uvn,Modèle résiduel normalisé,85,,,,,,,,,,,,,
5s7c0uvn,Modèle résiduel normalisé,86,,,,,,,,,,,,,
5s7c0uvn,Modèle résiduel normalisé,87,,,,,,,,,,,,,
5s7c0uvn,Modèle résiduel normalisé,88,,,,,,,,,,,,,
5s7c0uvn,Modèle résiduel normalisé,89,,,,,,,,,,,,,
5s7c0uvn,Modèle résiduel normalisé,90,,,,,,,,,,,,,
5s7c0uvn,Modèle résiduel normalisé,91,,,,,,,,,,,,,
5s7c0uvn,Modèle résiduel normalisé,92,,,,,,,,,,,,,
5s7c0uvn,Modèle résiduel normalisé,93,,,,,,,,,,,,,
5s7c0uvn,Modèle résiduel normalisé,94,,,,,,,,,,,,,
5s7c0uvn,Modèle résiduel normalisé,95,,,,,,,,,,,,,
5s7c0uvn,Modèle résiduel normalisé,96,,,,,,,,,,,,,
5s7c0uvn,Modèle résiduel normalisé,97,,,,,,,,,,,,,
5s7c0uvn,Modèle résiduel normalisé,98,,,,,,,,,,,,,
5s7c0uvn,Modèle résiduel normalisé,99,,,,,,,,,,,,,
5s7c0uvn,Modèle résiduel normalisé,100,5.0,0.00019980365947861302,0.8210699311618147,27.333127538061607,0.042987641967376006,0.02218035698450845,0.1208942278191961,142.56450105601508,0.027754092267875015,0.028075031076486293,0.021406845695092384,0.12805314034096196,0.12557069842632002
5s7c0uvn,Modèle résiduel normalisé,101,6.0,0.00019921541278079057,0.8214651366759991,28.236809627335163,0.03873999128050452,0.019813747466381253,0.11712598813505008,151.3784604560388,0.025312865345642484,0.027716664899872918,0.0210831785797436,0.1263444628407303,0.13974540561246565
5s7c0uvn,Modèle résiduel normalisé,102,,,,,,,,,,,,,
5s7c0uvn,Modèle résiduel normalisé,103,,,,,,,,,,,,,
5s7c0uvn,Modèle résiduel normalisé,104,,,,,,,,,,,,,
5s7c0uvn,Modèle résiduel normalisé,105,,,,,,,,,,,,,
5s7c0uvn,Modèle résiduel normalisé,106,,,,,,,,,,,,,
5s7c0uvn,Modèle résiduel normalisé,107,,,,,,,,,,,,,
5s7c0uvn,Modèle résiduel normalisé,108,,,,,,,,,,,,,
5s7c0uvn,Modèle résiduel normalisé,109,,,,,,,,,,,,,
5s7c0uvn,Modèle résiduel normalisé,110,,,,,,,,,,,,,
5s7c0uvn,Modèle résiduel normalisé,111,,,,,,,,,,,,,
5s7c0uvn,Modèle résiduel normalisé,112,,,,,,,,,,,,,
5s7c0uvn,Modèle résiduel normalisé,113,,,,,,,,,,,,,
5s7c0uvn,Modèle résiduel normalisé,114,,,,,,,,,,,,,
5s7c0uvn,Modèle résiduel normalisé,115,,,,,,,,,,,,,
5s7c0uvn,Modèle résiduel normalisé,116,,,,,,,,,,,,,
5s7c0uvn,Modèle résiduel normalisé,117,,,,,,,,,,,,,
5s7c0uvn,Modèle résiduel normalisé,118,,,,,,,,,,,,,
5s7c0uvn,Modèle résiduel normalisé,119,,,,,,,,,,,,,
5s7c0uvn,Modèle résiduel normalisé,120,,,,,,,,,,,,,
5s7c0uvn,Modèle résiduel normalisé,121,,,,,,,,,,,,,
5s7c0uvn,Modèle résiduel normalisé,122,,,,,,,,,,,,,
5s7c0uvn,Modèle résiduel normalisé,123,,,,,,,,,,,,,
5s7c0uvn,Modèle résiduel normalisé,124,,,,,,,,,,,,,
5s7c0uvn,Modèle résiduel normalisé,125,,,,,,,,,,,,,
5s7c0uvn,Modèle résiduel normalisé,126,7.0,0.00019823758144750454,0.8268144274580067,27.4915039821118,0.042210918353031666,0.0203178142807607,0.11708817952151956,149.5843721118695,0.026097162723027426,0.02707926980737183,0.02064579860983878,0.12360661196657735,0.12110818830183429
5s7c0uvn,Modèle résiduel normalisé,127,8.0,0.0001968740245322988,0.8363990413731542,28.703068047607715,0.03671525912061766,0.01813097940436725,0.10759817564795757,141.36995584718667,0.023139441000490354,0.026631910250418715,0.02032166086216895,0.12194786969031024,0.11927185260141507
5s7c0uvn,Modèle résiduel normalisé,128,,,,,,,,,,,,,
5s7c0uvn,Modèle résiduel normalisé,129,,,,,,,,,,,,,
5s7c0uvn,Modèle résiduel normalisé,130,,,,,,,,,,,,,
5s7c0uvn,Modèle résiduel normalisé,131,,,,,,,,,,,,,
5s7c0uvn,Modèle résiduel normalisé,132,,,,,,,,,,,,,
5s7c0uvn,Modèle résiduel normalisé,133,,,,,,,,,,,,,
5s7c0uvn,Modèle résiduel normalisé,134,,,,,,,,,,,,,
5s7c0uvn,Modèle résiduel normalisé,135,,,,,,,,,,,,,
5s7c0uvn,Modèle résiduel normalisé,136,,,,,,,,,,,,,
5s7c0uvn,Modèle résiduel normalisé,137,,,,,,,,,,,,,
5s7c0uvn,Modèle résiduel normalisé,138,,,,,,,,,,,,,
5s7c0uvn,Modèle résiduel normalisé,139,,,,,,,,,,,,,
5s7c0uvn,Modèle résiduel normalisé,140,,,,,,,,,,,,,
5s7c0uvn,Modèle résiduel normalisé,141,,,,,,,,,,,,,
5s7c0uvn,Modèle résiduel normalisé,142,,,,,,,,,,,,,
5s7c0uvn,Modèle résiduel normalisé,143,,,,,,,,,,,,,
5s7c0uvn,Modèle résiduel normalisé,144,,,,,,,,,,,,,
5s7c0uvn,Modèle résiduel normalisé,145,,,,,,,,,,,,,
5s7c0uvn,Modèle résiduel normalisé,146,,,,,,,,,,,,,
5s7c0uvn,Modèle résiduel normalisé,147,,,,,,,,,,,,,
5s7c0uvn,Modèle résiduel normalisé,148,,,,,,,,,,,,,
5s7c0uvn,Modèle résiduel normalisé,149,,,,,,,,,,,,,
5s7c0uvn,Modèle résiduel normalisé,150,,,,,,,,,,,,,
5s7c0uvn,Modèle résiduel normalisé,151,,,,,,,,,,,,,
5s7c0uvn,Modèle résiduel normalisé,152,9.0,0.0001951301233713678,0.8442213884715376,29.128875327720007,0.03495877722302784,0.01752116749512738,0.103682822323051,136.342224422294,0.022107085213065147,0.026264473576990202,0.020106409549012653,0.12030217239362562,0.10993459150513522
5s7c0uvn,Modèle résiduel normalisé,153,,,,,,,,,,,,,
5s7c0uvn,Modèle résiduel normalisé,154,,,,,,,,,,,,,
5s7c0uvn,Modèle résiduel normalisé,155,,,,,,,,,,,,,
5s7c0uvn,Modèle résiduel normalisé,156,,,,,,,,,,,,,
5s7c0uvn,Modèle résiduel normalisé,157,,,,,,,,,,,,,
5s7c0uvn,Modèle résiduel normalisé,158,,,,,,,,,,,,,
5s7c0uvn,Modèle résiduel normalisé,159,,,,,,,,,,,,,
5s7c0uvn,Modèle résiduel normalisé,160,,,,,,,,,,,,,
5s7c0uvn,Modèle résiduel normalisé,161,,,,,,,,,,,,,
5s7c0uvn,Modèle résiduel normalisé,162,,,,,,,,,,,,,
5s7c0uvn,Modèle résiduel normalisé,163,,,,,,,,,,,,,
5s7c0uvn,Modèle résiduel normalisé,164,,,,,,,,,,,,,
5s7c0uvn,Modèle résiduel normalisé,165,,,,,,,,,,,,,
5s7c0uvn,Modèle résiduel normalisé,166,,,,,,,,,,,,,
5s7c0uvn,Modèle résiduel normalisé,167,,,,,,,,,,,,,
5s7c0uvn,Modèle résiduel normalisé,168,,,,,,,,,,,,,
5s7c0uvn,Modèle résiduel normalisé,169,,,,,,,,,,,,,
5s7c0uvn,Modèle résiduel normalisé,170,,,,,,,,,,,,,
5s7c0uvn,Modèle résiduel normalisé,171,,,,,,,,,,,,,
5s7c0uvn,Modèle résiduel normalisé,172,,,,,,,,,,,,,
5s7c0uvn,Modèle résiduel normalisé,173,,,,,,,,,,,,,
5s7c0uvn,Modèle résiduel normalisé,174,,,,,,,,,,,,,
5s7c0uvn,Modèle résiduel normalisé,175,,,,,,,,,,,,,
5s7c0uvn,Modèle résiduel normalisé,176,,,,,,,,,,,,,
5s7c0uvn,Modèle résiduel normalisé,177,10.0,0.000193012760345881,0.834340146903334,27.95915917639703,0.03999834676445486,0.02069189720626535,0.11921808174971876,153.82770192180692,0.026211998136392956,0.025899681593012862,0.01981283081536237,0.1195081341215688,0.11055188220089827
5s7c0uvn,Modèle résiduel normalisé,178,11.0,0.00019053029172036895,0.8477767644257381,28.934983427245406,0.03574792422085291,0.01745496799462828,0.1039416001274668,139.31420333816874,0.022214610739771663,0.025445878250986084,0.019535391440248896,0.11780548894889334,0.10219951926006211
5s7c0uvn,Modèle résiduel normalisé,179,12.0,0.00018769251466436442,0.8487252798573724,29.292642244071367,0.034305826573803176,0.017401596563386506,0.1036524818889026,136.11991285371053,0.02209053888660053,0.025365578575839855,0.019460289910212796,0.11731208774905938,0.10695572300917572
5s7c0uvn,Modèle résiduel normalisé,180,,,,,,,,,,,,,
5s7c0uvn,Modèle résiduel normalisé,181,,,,,,,,,,,,,
5s7c0uvn,Modèle résiduel normalisé,182,,,,,,,,,,,,,
5s7c0uvn,Modèle résiduel normalisé,183,,,,,,,,,,,,,
5s7c0uvn,Modèle résiduel normalisé,184,,,,,,,,,,,,,
5s7c0uvn,Modèle résiduel normalisé,185,,,,,,,,,,,,,
5s7c0uvn,Modèle résiduel normalisé,186,,,,,,,,,,,,,
5s7c0uvn,Modèle résiduel normalisé,187,,,,,,,,,,,,,
5s7c0uvn,Modèle résiduel normalisé,188,,,,,,,,,,,,,
5s7c0uvn,Modèle résiduel normalisé,189,,,,,,,,,,,,,
5s7c0uvn,Modèle résiduel normalisé,190,,,,,,,,,,,,,
5s7c0uvn,Modèle résiduel normalisé,191,,,,,,,,,,,,,
5s7c0uvn,Modèle résiduel normalisé,192,,,,,,,,,,,,,
5s7c0uvn,Modèle résiduel normalisé,193,,,,,,,,,,,,,
5s7c0uvn,Modèle résiduel normalisé,194,,,,,,,,,,,,,
5s7c0uvn,Modèle résiduel normalisé,195,,,,,,,,,,,,,
5s7c0uvn,Modèle résiduel normalisé,196,,,,,,,,,,,,,
5s7c0uvn,Modèle résiduel normalisé,197,,,,,,,,,,,,,
5s7c0uvn,Modèle résiduel normalisé,198,,,,,,,,,,,,,
5s7c0uvn,Modèle résiduel normalisé,199,,,,,,,,,,,,,
5s7c0uvn,Modèle résiduel normalisé,200,,,,,,,,,,,,,
5s7c0uvn,Modèle résiduel normalisé,201,,,,,,,,,,,,,
5s7c0uvn,Modèle résiduel normalisé,202,,,,,,,,,,,,,
5s7c0uvn,Modèle résiduel normalisé,203,,,,,,,,,,,,,
5s7c0uvn,Modèle résiduel normalisé,204,13.0,0.00018451062858745052,0.8549244917672256,29.46890488244955,0.033616675030179614,0.016752690301630003,0.09744010929917467,135.666911450948,0.020907527574434363,0.02475527173672349,0.01912073067461069,0.11430339301880608,0.09833382846962692
5s7c0uvn,Modèle résiduel normalisé,205,,,,,,,,,,,,,
5s7c0uvn,Modèle résiduel normalisé,206,,,,,,,,,,,,,
5s7c0uvn,Modèle résiduel normalisé,207,,,,,,,,,,,,,
5s7c0uvn,Modèle résiduel normalisé,208,,,,,,,,,,,,,
5s7c0uvn,Modèle résiduel normalisé,209,,,,,,,,,,,,,
5s7c0uvn,Modèle résiduel normalisé,210,,,,,,,,,,,,,
5s7c0uvn,Modèle résiduel normalisé,211,,,,,,,,,,,,,
5s7c0uvn,Modèle résiduel normalisé,212,,,,,,,,,,,,,
5s7c0uvn,Modèle résiduel normalisé,213,,,,,,,,,,,,,
5s7c0uvn,Modèle résiduel normalisé,214,,,,,,,,,,,,,
5s7c0uvn,Modèle résiduel normalisé,215,,,,,,,,,,,,,
5s7c0uvn,Modèle résiduel normalisé,216,,,,,,,,,,,,,
5s7c0uvn,Modèle résiduel normalisé,217,,,,,,,,,,,,,
5s7c0uvn,Modèle résiduel normalisé,218,,,,,,,,,,,,,
5s7c0uvn,Modèle résiduel normalisé,219,,,,,,,,,,,,,
5s7c0uvn,Modèle résiduel normalisé,220,,,,,,,,,,,,,
5s7c0uvn,Modèle résiduel normalisé,221,,,,,,,,,,,,,
5s7c0uvn,Modèle résiduel normalisé,222,,,,,,,,,,,,,
5s7c0uvn,Modèle résiduel normalisé,223,,,,,,,,,,,,,
5s7c0uvn,Modèle résiduel normalisé,224,,,,,,,,,,,,,
5s7c0uvn,Modèle résiduel normalisé,225,,,,,,,,,,,,,
5s7c0uvn,Modèle résiduel normalisé,226,,,,,,,,,,,,,
5s7c0uvn,Modèle résiduel normalisé,227,,,,,,,,,,,,,
5s7c0uvn,Modèle résiduel normalisé,228,,,,,,,,,,,,,
5s7c0uvn,Modèle résiduel normalisé,229,14.0,0.00018099719094030728,0.8539861337891941,29.589216625094682,0.03315424700696393,0.016563844032071787,0.09831140074750473,133.50006326066304,0.020947304393710762,0.024255002848803997,0.018866413364457525,0.11190368706344539,0.0931999895753514
5s7c0uvn,Modèle résiduel normalisé,230,15.0,0.00017716606765619104,0.8633919666553366,29.553741837044388,0.03328993200812602,0.016286360260484547,0.0948580773226146,130.50489975010188,0.02027614915679241,0.02451982661190196,0.019004556008129038,0.11312796535272883,0.09788269516176139
5s7c0uvn,Modèle résiduel normalisé,231,,,,,,,,,,,,,
5s7c0uvn,Modèle résiduel normalisé,232,,,,,,,,,,,,,
5s7c0uvn,Modèle résiduel normalisé,233,,,,,,,,,,,,,
5s7c0uvn,Modèle résiduel normalisé,234,,,,,,,,,,,,,
5s7c0uvn,Modèle résiduel normalisé,235,,,,,,,,,,,,,
5s7c0uvn,Modèle résiduel normalisé,236,,,,,,,,,,,,,
5s7c0uvn,Modèle résiduel normalisé,237,,,,,,,,,,,,,
5s7c0uvn,Modèle résiduel normalisé,238,,,,,,,,,,,,,
5s7c0uvn,Modèle résiduel normalisé,239,,,,,,,,,,,,,
5s7c0uvn,Modèle résiduel normalisé,240,,,,,,,,,,,,,
5s7c0uvn,Modèle résiduel normalisé,241,,,,,,,,,,,,,
5s7c0uvn,Modèle résiduel normalisé,242,,,,,,,,,,,,,
5s7c0uvn,Modèle résiduel normalisé,243,,,,,,,,,,,,,
5s7c0uvn,Modèle résiduel normalisé,244,,,,,,,,,,,,,
5s7c0uvn,Modèle résiduel normalisé,245,,,,,,,,,,,,,
5s7c0uvn,Modèle résiduel normalisé,246,,,,,,,,,,,,,
5s7c0uvn,Modèle résiduel normalisé,247,,,,,,,,,,,,,
5s7c0uvn,Modèle résiduel normalisé,248,,,,,,,,,,,,,
5s7c0uvn,Modèle résiduel normalisé,249,,,,,,,,,,,,,
5s7c0uvn,Modèle résiduel normalisé,250,,,,,,,,,,,,,
5s7c0uvn,Modèle résiduel normalisé,251,,,,,,,,,,,,,
5s7c0uvn,Modèle résiduel normalisé,252,,,,,,,,,,,,,
5s7c0uvn,Modèle résiduel normalisé,253,,,,,,,,,,,,,
5s7c0uvn,Modèle résiduel normalisé,254,,,,,,,,,,,,,
5s7c0uvn,Modèle résiduel normalisé,255,16.0,0.00017303237842843046,0.8619099526569761,29.74745779971361,0.03255570541227368,0.016239288102450043,0.09636384004662776,127.89173255423835,0.020337625470911634,0.024150897923888814,0.018736865455045913,0.11189611612731575,0.09410818233194514
5s7c0uvn,Modèle résiduel normalisé,256,17.0,0.00016861243703990454,0.8612918319373295,29.768420251842024,0.032477230483359903,0.01607192082908647,0.0934135671062716,129.60717407866395,0.019838076277539647,0.023981925167748306,0.01863394246205815,0.11134695299924949,0.09771782054733007
5s7c0uvn,Modèle résiduel normalisé,257,,,,,,,,,,,,,
5s7c0uvn,Modèle résiduel normalisé,258,,,,,,,,,,,,,
5s7c0uvn,Modèle résiduel normalisé,259,,,,,,,,,,,,,
5s7c0uvn,Modèle résiduel normalisé,260,,,,,,,,,,,,,
5s7c0uvn,Modèle résiduel normalisé,261,,,,,,,,,,,,,
5s7c0uvn,Modèle résiduel normalisé,262,,,,,,,,,,,,,
5s7c0uvn,Modèle résiduel normalisé,263,,,,,,,,,,,,,
5s7c0uvn,Modèle résiduel normalisé,264,,,,,,,,,,,,,
5s7c0uvn,Modèle résiduel normalisé,265,,,,,,,,,,,,,
5s7c0uvn,Modèle résiduel normalisé,266,,,,,,,,,,,,,
5s7c0uvn,Modèle résiduel normalisé,267,,,,,,,,,,,,,
5s7c0uvn,Modèle résiduel normalisé,268,,,,,,,,,,,,,
5s7c0uvn,Modèle résiduel normalisé,269,,,,,,,,,,,,,
5s7c0uvn,Modèle résiduel normalisé,270,,,,,,,,,,,,,
5s7c0uvn,Modèle résiduel normalisé,271,,,,,,,,,,,,,
5s7c0uvn,Modèle résiduel normalisé,272,,,,,,,,,,,,,
5s7c0uvn,Modèle résiduel normalisé,273,,,,,,,,,,,,,
5s7c0uvn,Modèle résiduel normalisé,274,,,,,,,,,,,,,
5s7c0uvn,Modèle résiduel normalisé,275,,,,,,,,,,,,,
5s7c0uvn,Modèle résiduel normalisé,276,,,,,,,,,,,,,
5s7c0uvn,Modèle résiduel normalisé,277,,,,,,,,,,,,,
5s7c0uvn,Modèle résiduel normalisé,278,,,,,,,,,,,,,
5s7c0uvn,Modèle résiduel normalisé,279,,,,,,,,,,,,,
5s7c0uvn,Modèle résiduel normalisé,280,,,,,,,,,,,,,
5s7c0uvn,Modèle résiduel normalisé,281,18.0,0.00016392368697999463,0.8682422514619499,29.85698158301745,0.03214777505766183,0.015595092951994518,0.09264953704229717,134.73881441875312,0.019600176252424717,0.023435963472972315,0.01826510352329311,0.10918319878033084,0.08853229515763938
5s7c0uvn,Modèle résiduel normalisé,282,,,,,,,,,,,,,
5s7c0uvn,Modèle résiduel normalisé,283,,,,,,,,,,,,,
5s7c0uvn,Modèle résiduel normalisé,284,,,,,,,,,,,,,
5s7c0uvn,Modèle résiduel normalisé,285,,,,,,,,,,,,,
5s7c0uvn,Modèle résiduel normalisé,286,,,,,,,,,,,,,
5s7c0uvn,Modèle résiduel normalisé,287,,,,,,,,,,,,,
5s7c0uvn,Modèle résiduel normalisé,288,,,,,,,,,,,,,
5s7c0uvn,Modèle résiduel normalisé,289,,,,,,,,,,,,,
5s7c0uvn,Modèle résiduel normalisé,290,,,,,,,,,,,,,
5s7c0uvn,Modèle résiduel normalisé,291,,,,,,,,,,,,,
5s7c0uvn,Modèle résiduel normalisé,292,,,,,,,,,,,,,
5s7c0uvn,Modèle résiduel normalisé,293,,,,,,,,,,,,,
5s7c0uvn,Modèle résiduel normalisé,294,,,,,,,,,,,,,
5s7c0uvn,Modèle résiduel normalisé,295,,,,,,,,,,,,,
5s7c0uvn,Modèle résiduel normalisé,296,,,,,,,,,,,,,
5s7c0uvn,Modèle résiduel normalisé,297,,,,,,,,,,,,,
5s7c0uvn,Modèle résiduel normalisé,298,,,,,,,,,,,,,
5s7c0uvn,Modèle résiduel normalisé,299,,,,,,,,,,,,,
5s7c0uvn,Modèle résiduel normalisé,300,,,,,,,,,,,,,
5s7c0uvn,Modèle résiduel normalisé,301,,,,,,,,,,,,,
5s7c0uvn,Modèle résiduel normalisé,302,,,,,,,,,,,,,
5s7c0uvn,Modèle résiduel normalisé,303,,,,,,,,,,,,,
5s7c0uvn,Modèle résiduel normalisé,304,,,,,,,,,,,,,
5s7c0uvn,Modèle résiduel normalisé,305,,,,,,,,,,,,,
5s7c0uvn,Modèle résiduel normalisé,306,19.0,0.0001589846326031011,0.8579857924888874,29.055566088000297,0.03525507927710837,0.017857392639692486,0.10325336147998941,140.7643381327985,0.022139712750654798,0.023287086731666684,0.018185754266814288,0.10803075984884532,0.09084972315746495
5s7c0uvn,Modèle résiduel normalisé,307,20.0,0.00015381476610041016,0.8670258152073828,29.776426783052425,0.032447307221477234,0.016413950875144582,0.09488397875222666,135.62419947362443,0.02037787209425507,0.02334783602760643,0.01821678729616424,0.10825253809746514,0.09150568066308132
5s7c0uvn,Modèle résiduel normalisé,308,21.0,0.00014843449057312067,0.870261155325791,29.60607210853015,0.03308997161171073,0.01682646880889761,0.09797299691829188,132.59672003584257,0.020888964613449985,0.02297432331018086,0.018016984674315423,0.10689996631863789,0.09057775918298806
5s7c0uvn,Modèle résiduel normalisé,309,22.0,0.00014286503951072474,0.8710132713975578,29.54944211174025,0.03330641540857405,0.01631932374860706,0.09688610416548006,130.77664734734185,0.02042475333116178,0.02364041231588548,0.018385848965750545,0.11036146419425295,0.09949295512504047
5s7c0uvn,Modèle résiduel normalisé,310,23.0,0.00013712839299212547,0.8783526502806565,30.063838600284146,0.03139121099207151,0.015137069762266916,0.09058439526064642,121.80980604611284,0.018896619949875206,0.023454899688720957,0.018248749892903954,0.10962202594193637,0.0935118992645771
5s7c0uvn,Modèle résiduel normalisé,311,,,,,,,,,,,,,
5s7c0uvn,Modèle résiduel normalisé,312,,,,,,,,,,,,,
5s7c0uvn,Modèle résiduel normalisé,313,,,,,,,,,,,,,
5s7c0uvn,Modèle résiduel normalisé,314,,,,,,,,,,,,,
5s7c0uvn,Modèle résiduel normalisé,315,,,,,,,,,,,,,
5s7c0uvn,Modèle résiduel normalisé,316,,,,,,,,,,,,,
5s7c0uvn,Modèle résiduel normalisé,317,,,,,,,,,,,,,
5s7c0uvn,Modèle résiduel normalisé,318,,,,,,,,,,,,,
5s7c0uvn,Modèle résiduel normalisé,319,,,,,,,,,,,,,
5s7c0uvn,Modèle résiduel normalisé,320,,,,,,,,,,,,,
5s7c0uvn,Modèle résiduel normalisé,321,,,,,,,,,,,,,
5s7c0uvn,Modèle résiduel normalisé,322,,,,,,,,,,,,,
5s7c0uvn,Modèle résiduel normalisé,323,,,,,,,,,,,,,
5s7c0uvn,Modèle résiduel normalisé,324,,,,,,,,,,,,,
5s7c0uvn,Modèle résiduel normalisé,325,,,,,,,,,,,,,
5s7c0uvn,Modèle résiduel normalisé,326,,,,,,,,,,,,,
5s7c0uvn,Modèle résiduel normalisé,327,,,,,,,,,,,,,
5s7c0uvn,Modèle résiduel normalisé,328,,,,,,,,,,,,,
5s7c0uvn,Modèle résiduel normalisé,329,,,,,,,,,,,,,
5s7c0uvn,Modèle résiduel normalisé,330,,,,,,,,,,,,,
5s7c0uvn,Modèle résiduel normalisé,331,,,,,,,,,,,,,
5s7c0uvn,Modèle résiduel normalisé,332,,,,,,,,,,,,,
5s7c0uvn,Modèle résiduel normalisé,333,,,,,,,,,,,,,
5s7c0uvn,Modèle résiduel normalisé,334,,,,,,,,,,,,,
5s7c0uvn,Modèle résiduel normalisé,335,24.0,0.00013124719094030727,0.8738665950709376,30.072455708787192,0.03136008380221932,0.015227032215173903,0.09172006304664858,127.205122860171,0.019141993164245426,0.022893009456590965,0.017927028437773895,0.10699538151041055,0.0916549422356308
5s7c0uvn,Modèle résiduel normalisé,336,25.0,0.00012524464377290304,0.8677971856347446,30.000610897561604,0.03162055258104922,0.01565182966918781,0.09414261361134463,129.59690682792973,0.019568589901358915,0.023141154231360324,0.01804672047479922,0.10849065085252126,0.10463116902253057
5s7c0uvn,Modèle résiduel normalisé,337,26.0,0.00011914444080127963,0.8726132244899355,29.980677060897875,0.03169320406421252,0.01577590772047125,0.09275306517194057,126.95869797650974,0.01948640071626367,0.0227412902073473,0.01777764051579512,0.107053251666391,0.10170055639285308
5s7c0uvn,Modèle résiduel normalisé,338,27.0,0.0001129706567396483,0.87066224731248,29.964536040882642,0.03175215441639748,0.01578723623192516,0.09447331816471856,132.70500120409025,0.019773416445943815,0.022514697303597488,0.017666020235603947,0.10595917169991721,0.09652526756255035
5s7c0uvn,Modèle résiduel normalisé,339,28.0,0.0001067476566931667,0.8725861331512188,29.778535694095375,0.032439430057374416,0.016292752730178422,0.09732586595005002,132.12870803622008,0.02049062031738717,0.022380122950730417,0.01751820758605997,0.10540043744139183,0.10041878119302101
5s7c0uvn,Modèle résiduel normalisé,340,29.0,0.0001005,0.8768545533048695,30.088085807969065,0.031303702649920905,0.015197562374945345,0.08986914222096574,126.86558579078971,0.01896629325146305,0.022452834400579207,0.017602914697530433,0.10555346443867072,0.10282447311676975
5s7c0uvn,Modèle résiduel normalisé,341,30.0,9.425234330683332e-05,0.8786309834184318,30.00819265494385,0.03159296361016765,0.015484896970206294,0.09048589113457449,125.46000395703787,0.01919199468503738,0.0220498139054602,0.017346855603222154,0.10367428654661545,0.09834270776273349
5s7c0uvn,Modèle résiduel normalisé,342,31.0,8.802934326035174e-05,0.873050029935508,29.925644855152647,0.03189464386888644,0.015885947561212654,0.09550696238875389,130.1163740950973,0.01996111686758954,0.02178850896560993,0.01723497011101781,0.10217789493692227,0.09600027015384956
5s7c0uvn,Modèle résiduel normalisé,343,32.0,8.18555591987204e-05,0.8723709747709077,29.968268508340433,0.03173851293256673,0.015825510827888703,0.0945000344052397,129.54854592514454,0.01976826456214847,0.022074457194305893,0.017334507734506812,0.10398556432153425,0.10513197420499264
5s7c0uvn,Modèle résiduel normalisé,344,33.0,7.575535622709694e-05,0.8695451761114186,30.032157870989295,0.031505915686565085,0.01570533633489033,0.09312832291270125,126.37717023124753,0.01947437907601225,0.021884410347566646,0.017262869936406102,0.10311982070661,0.10178659338917997
5s7c0uvn,Modèle résiduel normalisé,345,34.0,6.975280905969277e-05,0.878418412701837,30.167711704833017,0.031018044504048867,0.015284593056502014,0.08992727126540809,126.60415441309124,0.01899670536533512,0.021541489431491263,0.017022906810554683,0.10134987354788005,0.09916698101621407
5s7c0uvn,Modèle résiduel normalisé,346,35.0,6.387160700787457e-05,0.8796327812918301,30.189731470470363,0.03093950965337799,0.015064098840129787,0.09043718360621354,123.99477500658976,0.01882269451844281,0.02198433429480363,0.017256463702736247,0.10325390004958862,0.10703636065889628
5s7c0uvn,Modèle résiduel normalisé,347,,,,,,,,,,,,,
5s7c0uvn,Modèle résiduel normalisé,348,,,,,,,,,,,,,
5s7c0uvn,Modèle résiduel normalisé,349,,,,,,,,,,,,,
5s7c0uvn,Modèle résiduel normalisé,350,,,,,,,,,,,,,
5s7c0uvn,Modèle résiduel normalisé,351,,,,,,,,,,,,,
5s7c0uvn,Modèle résiduel normalisé,352,,,,,,,,,,,,,
5s7c0uvn,Modèle résiduel normalisé,353,,,,,,,,,,,,,
5s7c0uvn,Modèle résiduel normalisé,354,,,,,,,,,,,,,
5s7c0uvn,Modèle résiduel normalisé,355,,,,,,,,,,,,,
5s7c0uvn,Modèle résiduel normalisé,356,,,,,,,,,,,,,
5s7c0uvn,Modèle résiduel normalisé,357,,,,,,,,,,,,,
5s7c0uvn,Modèle résiduel normalisé,358,,,,,,,,,,,,,
5s7c0uvn,Modèle résiduel normalisé,359,,,,,,,,,,,,,
5s7c0uvn,Modèle résiduel normalisé,360,,,,,,,,,,,,,
5s7c0uvn,Modèle résiduel normalisé,361,,,,,,,,,,,,,
5s7c0uvn,Modèle résiduel normalisé,362,,,,,,,,,,,,,
5s7c0uvn,Modèle résiduel normalisé,363,,,,,,,,,,,,,
5s7c0uvn,Modèle résiduel normalisé,364,,,,,,,,,,,,,
5s7c0uvn,Modèle résiduel normalisé,365,,,,,,,,,,,,,
5s7c0uvn,Modèle résiduel normalisé,366,,,,,,,,,,,,,
5s7c0uvn,Modèle résiduel normalisé,367,,,,,,,,,,,,,
5s7c0uvn,Modèle résiduel normalisé,368,,,,,,,,,,,,,
5s7c0uvn,Modèle résiduel normalisé,369,,,,,,,,,,,,,
5s7c0uvn,Modèle résiduel normalisé,370,,,,,,,,,,,,,
5s7c0uvn,Modèle résiduel normalisé,371,36.0,5.813496048927527e-05,0.87968942420236,30.247433940016148,0.030734652206029344,0.014993616315568316,0.08974224984132011,120.90041372210058,0.018753177807505787,0.02136491738164272,0.01692555073855652,0.10061870305201946,0.11083561717632502
5s7c0uvn,Modèle résiduel normalisé,372,,,,,,,,,,,,,
5s7c0uvn,Modèle résiduel normalisé,373,,,,,,,,,,,,,
5s7c0uvn,Modèle résiduel normalisé,374,,,,,,,,,,,,,
5s7c0uvn,Modèle résiduel normalisé,375,,,,,,,,,,,,,
5s7c0uvn,Modèle résiduel normalisé,376,,,,,,,,,,,,,
5s7c0uvn,Modèle résiduel normalisé,377,,,,,,,,,,,,,
5s7c0uvn,Modèle résiduel normalisé,378,,,,,,,,,,,,,
5s7c0uvn,Modèle résiduel normalisé,379,,,,,,,,,,,,,
5s7c0uvn,Modèle résiduel normalisé,380,,,,,,,,,,,,,
5s7c0uvn,Modèle résiduel normalisé,381,,,,,,,,,,,,,
5s7c0uvn,Modèle résiduel normalisé,382,,,,,,,,,,,,,
5s7c0uvn,Modèle résiduel normalisé,383,,,,,,,,,,,,,
5s7c0uvn,Modèle résiduel normalisé,384,,,,,,,,,,,,,
5s7c0uvn,Modèle résiduel normalisé,385,,,,,,,,,,,,,
5s7c0uvn,Modèle résiduel normalisé,386,,,,,,,,,,,,,
5s7c0uvn,Modèle résiduel normalisé,387,,,,,,,,,,,,,
5s7c0uvn,Modèle résiduel normalisé,388,,,,,,,,,,,,,
5s7c0uvn,Modèle résiduel normalisé,389,,,,,,,,,,,,,
5s7c0uvn,Modèle résiduel normalisé,390,,,,,,,,,,,,,
5s7c0uvn,Modèle résiduel normalisé,391,,,,,,,,,,,,,
5s7c0uvn,Modèle résiduel normalisé,392,,,,,,,,,,,,,
5s7c0uvn,Modèle résiduel normalisé,393,,,,,,,,,,,,,
5s7c0uvn,Modèle résiduel normalisé,394,,,,,,,,,,,,,
5s7c0uvn,Modèle résiduel normalisé,395,,,,,,,,,,,,,
5s7c0uvn,Modèle résiduel normalisé,396,37.0,5.256550942687932e-05,0.8786809526640793,30.186760807446458,0.030950093091592586,0.015231622800487897,0.08942335021906886,121.44028767330995,0.018785806083730584,0.021230432220822215,0.016839491685008645,0.0998679175017736,0.11261145802389862
5s7c0uvn,Modèle résiduel normalisé,397,38.0,4.718523389958981e-05,0.8715637983946964,30.105821705568403,0.031239848187456214,0.015518167987465858,0.09153640372999783,126.6691731251663,0.01920529769669319,0.020924564180338483,0.016632834111109503,0.09872265882853769,0.10970950535793081
5s7c0uvn,Modèle résiduel normalisé,398,39.0,4.201536739689893e-05,0.879364354857083,30.22983420351109,0.030796991263189334,0.01511317552549058,0.09018002643153586,121.05279837968666,0.018870425474797857,0.0208247644174048,0.01658972142996569,0.09831281752986276,0.10714304426478015
5s7c0uvn,Modèle résiduel normalisé,399,40.0,3.707631302000537e-05,0.8840452083225908,30.330534237093353,0.030442007466839865,0.014780804257968376,0.08770800780119567,118.94843843123292,0.018397846740895306,0.020720324005422175,0.016444707209737893,0.09798892163950154,0.11432026350536408
5s7c0uvn,Modèle résiduel normalisé,400,,,,,,,,,,,,,
5s7c0uvn,Modèle résiduel normalisé,401,,,,,,,,,,,,,
5s7c0uvn,Modèle résiduel normalisé,402,,,,,,,,,,,,,
5s7c0uvn,Modèle résiduel normalisé,403,,,,,,,,,,,,,
5s7c0uvn,Modèle résiduel normalisé,404,,,,,,,,,,,,,
5s7c0uvn,Modèle résiduel normalisé,405,,,,,,,,,,,,,
5s7c0uvn,Modèle résiduel normalisé,406,,,,,,,,,,,,,
5s7c0uvn,Modèle résiduel normalisé,407,,,,,,,,,,,,,
5s7c0uvn,Modèle résiduel normalisé,408,,,,,,,,,,,,,
5s7c0uvn,Modèle résiduel normalisé,409,,,,,,,,,,,,,
5s7c0uvn,Modèle résiduel normalisé,410,,,,,,,,,,,,,
5s7c0uvn,Modèle résiduel normalisé,411,,,,,,,,,,,,,
5s7c0uvn,Modèle résiduel normalisé,412,,,,,,,,,,,,,
5s7c0uvn,Modèle résiduel normalisé,413,,,,,,,,,,,,,
5s7c0uvn,Modèle résiduel normalisé,414,,,,,,,,,,,,,
5s7c0uvn,Modèle résiduel normalisé,415,,,,,,,,,,,,,
5s7c0uvn,Modèle résiduel normalisé,416,,,,,,,,,,,,,
5s7c0uvn,Modèle résiduel normalisé,417,,,,,,,,,,,,,
5s7c0uvn,Modèle résiduel normalisé,418,,,,,,,,,,,,,
5s7c0uvn,Modèle résiduel normalisé,419,,,,,,,,,,,,,
5s7c0uvn,Modèle résiduel normalisé,420,,,,,,,,,,,,,
5s7c0uvn,Modèle résiduel normalisé,421,,,,,,,,,,,,,
5s7c0uvn,Modèle résiduel normalisé,422,,,,,,,,,,,,,
5s7c0uvn,Modèle résiduel normalisé,423,,,,,,,,,,,,,
5s7c0uvn,Modèle résiduel normalisé,424,41.0,3.238756296009547e-05,0.8752974251220966,30.173816051252793,0.03099625302641687,0.015311743710832349,0.09103475485382409,120.28566715090173,0.018988156402162438,0.020668735238126457,0.016475261193023533,0.09742277785817273,0.10906283140309855
5s7c0uvn,Modèle résiduel normalisé,425,42.0,2.7967621571569576e-05,0.8837043088057945,30.36252444002865,0.03033009551592566,0.014748057093599746,0.08772058361049356,116.38334140399664,0.01825345057094919,0.020297204426879812,0.016197488523828678,0.0960508741151828,0.1130270395332422
5s7c0uvn,Modèle résiduel normalisé,426,,,,,,,,,,,,,
5s7c0uvn,Modèle résiduel normalisé,427,,,,,,,,,,,,,
5s7c0uvn,Modèle résiduel normalisé,428,,,,,,,,,,,,,
5s7c0uvn,Modèle résiduel normalisé,429,,,,,,,,,,,,,
5s7c0uvn,Modèle résiduel normalisé,430,,,,,,,,,,,,,
5s7c0uvn,Modèle résiduel normalisé,431,,,,,,,,,,,,,
5s7c0uvn,Modèle résiduel normalisé,432,,,,,,,,,,,,,
5s7c0uvn,Modèle résiduel normalisé,433,,,,,,,,,,,,,
5s7c0uvn,Modèle résiduel normalisé,434,,,,,,,,,,,,,
5s7c0uvn,Modèle résiduel normalisé,435,,,,,,,,,,,,,
5s7c0uvn,Modèle résiduel normalisé,436,,,,,,,,,,,,,
5s7c0uvn,Modèle résiduel normalisé,437,,,,,,,,,,,,,
5s7c0uvn,Modèle résiduel normalisé,438,,,,,,,,,,,,,
5s7c0uvn,Modèle résiduel normalisé,439,,,,,,,,,,,,,
5s7c0uvn,Modèle résiduel normalisé,440,,,,,,,,,,,,,
5s7c0uvn,Modèle résiduel normalisé,441,,,,,,,,,,,,,
5s7c0uvn,Modèle résiduel normalisé,442,,,,,,,,,,,,,
5s7c0uvn,Modèle résiduel normalisé,443,,,,,,,,,,,,,
5s7c0uvn,Modèle résiduel normalisé,444,,,,,,,,,,,,,
5s7c0uvn,Modèle résiduel normalisé,445,,,,,,,,,,,,,
5s7c0uvn,Modèle résiduel normalisé,446,,,,,,,,,,,,,
5s7c0uvn,Modèle résiduel normalisé,447,,,,,,,,,,,,,
5s7c0uvn,Modèle résiduel normalisé,448,,,,,,,,,,,,,
5s7c0uvn,Modèle résiduel normalisé,449,,,,,,,,,,,,,
5s7c0uvn,Modèle résiduel normalisé,450,43.0,2.3833932343808982e-05,0.8829127940638312,30.280952450704966,0.03061627692682995,0.014942149149960485,0.08903550690618055,115.2478315575971,0.018565970729908038,0.020176448202572573,0.016109741400354184,0.09560428645748359,0.11864907318391861
5s7c0uvn,Modèle résiduel normalisé,451,44.0,2.0002809059692742e-05,0.8783544815819839,30.274319117861705,0.030639667222087608,0.015033952410108057,0.09001556809606223,118.83657559997113,0.018678069467945344,0.020218591563976727,0.01612806440386762,0.09557488426948205,0.11703673497033425
5s7c0uvn,Modèle résiduel normalisé,452,45.0,1.6489371412549524e-05,0.8848956782242348,30.347828456703706,0.030381455581900543,0.014648289580283493,0.08679292537271976,116.66589689540538,0.0181509414366607,0.02032131118238227,0.016211350707130298,0.09602829287003757,0.11690326573120223
5s7c0uvn,Modèle résiduel normalisé,453,,,,,,,,,,,,,
5s7c0uvn,Modèle résiduel normalisé,454,,,,,,,,,,,,,
5s7c0uvn,Modèle résiduel normalisé,455,,,,,,,,,,,,,
5s7c0uvn,Modèle résiduel normalisé,456,,,,,,,,,,,,,
5s7c0uvn,Modèle résiduel normalisé,457,,,,,,,,,,,,,
5s7c0uvn,Modèle résiduel normalisé,458,,,,,,,,,,,,,
5s7c0uvn,Modèle résiduel normalisé,459,,,,,,,,,,,,,
5s7c0uvn,Modèle résiduel normalisé,460,,,,,,,,,,,,,
5s7c0uvn,Modèle résiduel normalisé,461,,,,,,,,,,,,,
5s7c0uvn,Modèle résiduel normalisé,462,,,,,,,,,,,,,
5s7c0uvn,Modèle résiduel normalisé,463,,,,,,,,,,,,,
5s7c0uvn,Modèle résiduel normalisé,464,,,,,,,,,,,,,
5s7c0uvn,Modèle résiduel normalisé,465,,,,,,,,,,,,,
5s7c0uvn,Modèle résiduel normalisé,466,,,,,,,,,,,,,
5s7c0uvn,Modèle résiduel normalisé,467,,,,,,,,,,,,,
5s7c0uvn,Modèle résiduel normalisé,468,,,,,,,,,,,,,
5s7c0uvn,Modèle résiduel normalisé,469,,,,,,,,,,,,,
5s7c0uvn,Modèle résiduel normalisé,470,,,,,,,,,,,,,
5s7c0uvn,Modèle résiduel normalisé,471,,,,,,,,,,,,,
5s7c0uvn,Modèle résiduel normalisé,472,,,,,,,,,,,,,
5s7c0uvn,Modèle résiduel normalisé,473,,,,,,,,,,,,,
5s7c0uvn,Modèle résiduel normalisé,474,,,,,,,,,,,,,
5s7c0uvn,Modèle résiduel normalisé,475,,,,,,,,,,,,,
5s7c0uvn,Modèle résiduel normalisé,476,,,,,,,,,,,,,
5s7c0uvn,Modèle résiduel normalisé,477,46.0,1.3307485335635575e-05,0.8868987806912126,30.355164757322353,0.030355805544975283,0.014782411335357305,0.08693251116522427,115.32910328820036,0.01822414933222121,0.02000491187756515,0.016006778384375777,0.09468676329741621,0.12335741220945452
5s7c0uvn,Modèle résiduel normalisé,478,47.0,1.0469708279631076e-05,0.8845178998749832,30.369761461860264,0.030304835219606526,0.014643595586049146,0.087730397952014,111.23109901088685,0.018231372927026503,0.020089353856622662,0.016066615632934194,0.09525785819651225,0.12386726842731492
5s7c0uvn,Modèle résiduel normalisé,479,48.0,7.987239654118992e-06,0.8882800237885837,30.360568990538823,0.030336924482084953,0.014640969834451017,0.08740709683504598,110.3589094966936,0.018162554964937013,0.01993836370559457,0.015944495108615384,0.09438334500942475,0.12655762334664664
5s7c0uvn,Modèle résiduel normalisé,480,49.0,5.8698766286322235e-06,0.8845213014504005,30.35688892020865,0.030349780467383278,0.0147152843339176,0.08780262657794459,112.3208451106127,0.018230783078691054,0.01982766220696334,0.015907120080983154,0.0939182506985644,0.12277915217300765
5s7c0uvn,Modèle résiduel normalisé,481,50.0,4.125975467701219e-06,0.8801540732383728,30.241397065163518,0.03075602085670353,0.015092085533100983,0.08994385523015055,114.54046516436787,0.018660114275227332,0.019749168012068313,0.015881532329556525,0.09336335718249664,0.12629415502405575
5s7c0uvn,Modèle résiduel normalisé,482,51.0,2.7624185524954723e-06,0.8877325263516657,30.360341417626625,0.030337719329012736,0.014799689874053001,0.08689215984837763,109.30345008283496,0.018284389106877918,0.019806158279156327,0.015939496827717774,0.09386910488590217,0.12354205074345964
5s7c0uvn,Modèle résiduel normalisé,483,52.0,1.7845872192094625e-06,0.8846976983136144,30.340295133739343,0.030407817026364067,0.014764802658866191,0.088150835371223,110.10212966895966,0.01829537659369666,0.019829585630860593,0.015915849616225712,0.09384589637510288,0.13100756755751422
5s7c0uvn,Modèle résiduel normalisé,484,53.0,1.19634052138698e-06,0.8874508183577965,30.373009819224784,0.030293503907151017,0.014690754260739377,0.08715006709098816,109.07257999260206,0.018179044191693437,0.019692836592021663,0.01584479886576788,0.09300925665431553,0.12375901898958235
5s7c0uvn,Modèle résiduel normalisé,485,54.0,0.0002,0.8644695302535748,29.555187485596065,0.033284391811404856,0.016704347915947437,0.0977683256155458,142.6227787832028,0.02090661028592751,0.023122601935433015,0.017903699571441892,0.10848074686578196,0.1240458863062991
5s7c0uvn,Modèle résiduel normalisé,486,55.0,0.00019980365947861302,0.8693392276763916,29.976944891408166,0.03170682498620713,0.015892004883237953,0.09443221909218821,130.3369402451417,0.0199206471764322,0.022275874208117653,0.017432538864131156,0.10495375838671994,0.11631160563765428
5s7c0uvn,Modèle résiduel normalisé,487,56.0,0.00019921541278079057,0.876676043559765,29.870902746453552,0.032096292020033675,0.015747086016525483,0.09120382522714549,126.18332151976236,0.019410879832917248,0.02260478899583348,0.017589859529119782,0.1064877376660832,0.11212565916162703
5s7c0uvn,Modèle résiduel normalisé,488,57.0,0.00019823758144750454,0.8607911940278679,29.26487042878965,0.034415689795194465,0.017768846375161206,0.10307977322874398,140.18235172435573,0.021986711160119236,0.02236175402187002,0.017442326614649124,0.10555008432676649,0.11268821497185108
5s7c0uvn,Modèle résiduel normalisé,489,58.0,0.0001968740245322988,0.8781011125137066,29.960690024030562,0.03176621703595693,0.015331498026077089,0.09189665985518489,124.23628044040521,0.01933261559441172,0.021860793272717897,0.017195859135916598,0.10329006736477216,0.10065324150790007
5s7c0uvn,Modèle résiduel normalisé,490,59.0,0.0001951301233713678,0.8785709635964756,30.00380170231616,0.03160893874713604,0.015246704927292364,0.09086196702615969,122.19968385511294,0.019095384515821934,0.021690156334676802,0.017095586579515893,0.10189252502770506,0.10156319798248956
5s7c0uvn,Modèle résiduel normalisé,491,60.0,0.000193012760345881,0.8756028927605728,29.80179160102404,0.03235269175437908,0.016283439504432267,0.09717573854943802,132.82910910545505,0.02034840344226566,0.021303976396433055,0.01684272142015716,0.10010326298701967,0.10245426319157466
5s7c0uvn,Modèle résiduel normalisé,492,,,,,,,,,,,,,
5s7c0uvn,Modèle résiduel normalisé,493,,,,,,,,,,,,,
5s7c0uvn,Modèle résiduel normalisé,494,,,,,,,,,,,,,
5s7c0uvn,Modèle résiduel normalisé,495,,,,,,,,,,,,,
5s7c0uvn,Modèle résiduel normalisé,496,,,,,,,,,,,,,
5s7c0uvn,Modèle résiduel normalisé,497,,,,,,,,,,,,,
5s7c0uvn,Modèle résiduel normalisé,498,,,,,,,,,,,,,
6cerivdu,Modèle résiduel,0,1.0,2e-05,0.7165820495835666,14.145253718935447,0.19621730842063193,0.04706118885299255,0.23858997379911356,278.59900308950427,0.06426984624102197,0.10896627507849127,0.07079705529105969,0.34523693981588394,0.403104340355111
6cerivdu,Modèle résiduel,1,,,,,,,,,,,,,
6cerivdu,Modèle résiduel,2,,,,,,,,,,,,,
6cerivdu,Modèle résiduel,3,,,,,,,,,,,,,
6cerivdu,Modèle résiduel,4,,,,,,,,,,,,,
6cerivdu,Modèle résiduel,5,,,,,,,,,,,,,
6cerivdu,Modèle résiduel,6,,,,,,,,,,,,,
6cerivdu,Modèle résiduel,7,,,,,,,,,,,,,
6cerivdu,Modèle résiduel,8,,,,,,,,,,,,,
6cerivdu,Modèle résiduel,9,,,,,,,,,,,,,
6cerivdu,Modèle résiduel,10,,,,,,,,,,,,,
6cerivdu,Modèle résiduel,11,,,,,,,,,,,,,
6cerivdu,Modèle résiduel,12,,,,,,,,,,,,,
6cerivdu,Modèle résiduel,13,,,,,,,,,,,,,
6cerivdu,Modèle résiduel,14,,,,,,,,,,,,,
6cerivdu,Modèle résiduel,15,,,,,,,,,,,,,
6cerivdu,Modèle résiduel,16,,,,,,,,,,,,,
6cerivdu,Modèle résiduel,17,,,,,,,,,,,,,
6cerivdu,Modèle résiduel,18,,,,,,,,,,,,,
6cerivdu,Modèle résiduel,19,,,,,,,,,,,,,
6cerivdu,Modèle résiduel,20,,,,,,,,,,,,,
6cerivdu,Modèle résiduel,21,,,,,,,,,,,,,
6cerivdu,Modèle résiduel,22,,,,,,,,,,,,,
6cerivdu,Modèle résiduel,23,,,,,,,,,,,,,
6cerivdu,Modèle résiduel,24,,,,,,,,,,,,,
6cerivdu,Modèle résiduel,25,2.0,7.999999999999999e-05,0.7614529954976049,25.524374111106187,0.05293967788074029,0.02844135180629533,0.15406068748441235,225.2808329044188,0.037754854380056775,0.0504573535763173,0.03661704716137332,0.19264310910406277,0.25768587617283195
6cerivdu,Modèle résiduel,26,,,,,,,,,,,,,
6cerivdu,Modèle résiduel,27,,,,,,,,,,,,,
6cerivdu,Modèle résiduel,28,,,,,,,,,,,,,
6cerivdu,Modèle résiduel,29,,,,,,,,,,,,,
6cerivdu,Modèle résiduel,30,,,,,,,,,,,,,
6cerivdu,Modèle résiduel,31,,,,,,,,,,,,,
6cerivdu,Modèle résiduel,32,,,,,,,,,,,,,
6cerivdu,Modèle résiduel,33,,,,,,,,,,,,,
6cerivdu,Modèle résiduel,34,,,,,,,,,,,,,
6cerivdu,Modèle résiduel,35,,,,,,,,,,,,,
6cerivdu,Modèle résiduel,36,,,,,,,,,,,,,
6cerivdu,Modèle résiduel,37,,,,,,,,,,,,,
6cerivdu,Modèle résiduel,38,,,,,,,,,,,,,
6cerivdu,Modèle résiduel,39,,,,,,,,,,,,,
6cerivdu,Modèle résiduel,40,,,,,,,,,,,,,
6cerivdu,Modèle résiduel,41,,,,,,,,,,,,,
6cerivdu,Modèle résiduel,42,,,,,,,,,,,,,
6cerivdu,Modèle résiduel,43,,,,,,,,,,,,,
6cerivdu,Modèle résiduel,44,,,,,,,,,,,,,
6cerivdu,Modèle résiduel,45,,,,,,,,,,,,,
6cerivdu,Modèle résiduel,46,,,,,,,,,,,,,
6cerivdu,Modèle résiduel,47,,,,,,,,,,,,,
6cerivdu,Modèle résiduel,48,,,,,,,,,,,,,
6cerivdu,Modèle résiduel,49,,,,,,,,,,,,,
6cerivdu,Modèle résiduel,50,3.0,0.00014,0.7775047626988641,25.98086548138541,0.05022925374818325,0.02692287627222209,0.13996982702921176,208.918573802261,0.0346402938252893,0.04109085489733097,0.030661892854314074,0.16294888919617376,0.18947235020434755
6cerivdu,Modèle résiduel,51,,,,,,,,,,,,,
6cerivdu,Modèle résiduel,52,,,,,,,,,,,,,
6cerivdu,Modèle résiduel,53,,,,,,,,,,,,,
6cerivdu,Modèle résiduel,54,,,,,,,,,,,,,
6cerivdu,Modèle résiduel,55,,,,,,,,,,,,,
6cerivdu,Modèle résiduel,56,,,,,,,,,,,,,
6cerivdu,Modèle résiduel,57,,,,,,,,,,,,,
6cerivdu,Modèle résiduel,58,,,,,,,,,,,,,
6cerivdu,Modèle résiduel,59,,,,,,,,,,,,,
6cerivdu,Modèle résiduel,60,,,,,,,,,,,,,
6cerivdu,Modèle résiduel,61,,,,,,,,,,,,,
6cerivdu,Modèle résiduel,62,,,,,,,,,,,,,
6cerivdu,Modèle résiduel,63,,,,,,,,,,,,,
6cerivdu,Modèle résiduel,64,,,,,,,,,,,,,
6cerivdu,Modèle résiduel,65,,,,,,,,,,,,,
6cerivdu,Modèle résiduel,66,,,,,,,,,,,,,
6cerivdu,Modèle résiduel,67,,,,,,,,,,,,,
6cerivdu,Modèle résiduel,68,,,,,,,,,,,,,
6cerivdu,Modèle résiduel,69,,,,,,,,,,,,,
6cerivdu,Modèle résiduel,70,,,,,,,,,,,,,
6cerivdu,Modèle résiduel,71,,,,,,,,,,,,,
6cerivdu,Modèle résiduel,72,,,,,,,,,,,,,
6cerivdu,Modèle résiduel,73,,,,,,,,,,,,,
6cerivdu,Modèle résiduel,74,,,,,,,,,,,,,
6cerivdu,Modèle résiduel,75,4.0,0.0002,0.7816798995281088,24.610121487483312,0.05881578876602894,0.028583224605897378,0.14984020051257363,219.1625952090261,0.03837705673328761,0.04068362474059447,0.03020669600297498,0.1612015859120422,0.17176171373098326
6cerivdu,Modèle résiduel,76,5.0,0.00019980365947861302,0.7959255637793705,26.866028669484734,0.04536266558828969,0.024715406820178032,0.13334526789599452,202.70985162751774,0.03187125567989103,0.03778929873091033,0.028398251956981473,0.1518258530423682,0.14556253816072756
6cerivdu,Modèle résiduel,77,,,,,,,,,,,,,
6cerivdu,Modèle résiduel,78,,,,,,,,,,,,,
6cerivdu,Modèle résiduel,79,,,,,,,,,,,,,
6cerivdu,Modèle résiduel,80,,,,,,,,,,,,,
6cerivdu,Modèle résiduel,81,,,,,,,,,,,,,
6cerivdu,Modèle résiduel,82,,,,,,,,,,,,,
6cerivdu,Modèle résiduel,83,,,,,,,,,,,,,
6cerivdu,Modèle résiduel,84,,,,,,,,,,,,,
6cerivdu,Modèle résiduel,85,,,,,,,,,,,,,
6cerivdu,Modèle résiduel,86,,,,,,,,,,,,,
6cerivdu,Modèle résiduel,87,,,,,,,,,,,,,
6cerivdu,Modèle résiduel,88,,,,,,,,,,,,,
6cerivdu,Modèle résiduel,89,,,,,,,,,,,,,
6cerivdu,Modèle résiduel,90,,,,,,,,,,,,,
6cerivdu,Modèle résiduel,91,,,,,,,,,,,,,
6cerivdu,Modèle résiduel,92,,,,,,,,,,,,,
6cerivdu,Modèle résiduel,93,,,,,,,,,,,,,
6cerivdu,Modèle résiduel,94,,,,,,,,,,,,,
6cerivdu,Modèle résiduel,95,,,,,,,,,,,,,
6cerivdu,Modèle résiduel,96,,,,,,,,,,,,,
6cerivdu,Modèle résiduel,97,,,,,,,,,,,,,
6cerivdu,Modèle résiduel,98,,,,,,,,,,,,,
6cerivdu,Modèle résiduel,99,,,,,,,,,,,,,
6cerivdu,Modèle résiduel,100,,,,,,,,,,,,,
6cerivdu,Modèle résiduel,101,6.0,0.00019921541278079057,0.7936749026693147,26.818789897204233,0.045610045463452153,0.02590743092627361,0.13789329395211977,208.32628986101636,0.033135589469095755,0.03791868805280353,0.028564210670689743,0.1508639148539967,0.16324641810268417
6cerivdu,Modèle résiduel,102,7.0,0.00019823758144750454,0.8029436284098131,26.686565066477982,0.04630967644358392,0.02672463237982372,0.1384691965991053,200.29445434830944,0.03399618419593778,0.035594244471663594,0.02725187410465163,0.14334659596793672,0.14341874255074394
6cerivdu,Modèle résiduel,103,8.0,0.0001968740245322988,0.7929148571244602,25.47277673844774,0.05325509491813504,0.028902785146030886,0.144735398734438,205.49138326064084,0.03707251819814074,0.03611527911076943,0.027399421243681613,0.14518594652669042,0.18065970610731688
6cerivdu,Modèle résiduel,104,9.0,0.0001951301233713678,0.8110250522350443,27.277880811795555,0.04326193688751048,0.024491607307873923,0.13176444686692337,196.41414232487435,0.031184350300965637,0.034777771132305645,0.026466505454741735,0.14162720252688116,0.14103982288740638
6cerivdu,Modèle résiduel,105,,,,,,,,,,,,,
6cerivdu,Modèle résiduel,106,,,,,,,,,,,,,
6cerivdu,Modèle résiduel,107,,,,,,,,,,,,,
6cerivdu,Modèle résiduel,108,,,,,,,,,,,,,
6cerivdu,Modèle résiduel,109,,,,,,,,,,,,,
6cerivdu,Modèle résiduel,110,,,,,,,,,,,,,
6cerivdu,Modèle résiduel,111,,,,,,,,,,,,,
6cerivdu,Modèle résiduel,112,,,,,,,,,,,,,
6cerivdu,Modèle résiduel,113,,,,,,,,,,,,,
6cerivdu,Modèle résiduel,114,,,,,,,,,,,,,
6cerivdu,Modèle résiduel,115,,,,,,,,,,,,,
6cerivdu,Modèle résiduel,116,,,,,,,,,,,,,
6cerivdu,Modèle résiduel,117,,,,,,,,,,,,,
6cerivdu,Modèle résiduel,118,,,,,,,,,,,,,
6cerivdu,Modèle résiduel,119,,,,,,,,,,,,,
6cerivdu,Modèle résiduel,120,,,,,,,,,,,,,
6cerivdu,Modèle résiduel,121,,,,,,,,,,,,,
6cerivdu,Modèle résiduel,122,,,,,,,,,,,,,
6cerivdu,Modèle résiduel,123,,,,,,,,,,,,,
6cerivdu,Modèle résiduel,124,,,,,,,,,,,,,
6cerivdu,Modèle résiduel,125,,,,,,,,,,,,,
6cerivdu,Modèle résiduel,126,,,,,,,,,,,,,
6cerivdu,Modèle résiduel,127,,,,,,,,,,,,,
6cerivdu,Modèle résiduel,128,,,,,,,,,,,,,
6cerivdu,Modèle résiduel,129,10.0,0.000193012760345881,0.8083675113217584,26.062238402877465,0.049760883184397815,0.026491878233079254,0.14365576952695847,204.3052770887802,0.03496079808422204,0.03464465097197865,0.026405897449192584,0.14068358652612084,0.1438755926827335
6cerivdu,Modèle résiduel,130,11.0,0.00019053029172036895,0.8216922015979372,27.764207169960446,0.04090624748240436,0.022469171579798747,0.12305288607704229,184.21674780907244,0.028731191659281993,0.03431131853125034,0.026069264118679058,0.14079137423481697,0.1525457200841007
6cerivdu,Modèle résiduel,131,,,,,,,,,,,,,
6cerivdu,Modèle résiduel,132,,,,,,,,,,,,,
6cerivdu,Modèle résiduel,133,,,,,,,,,,,,,
6cerivdu,Modèle résiduel,134,,,,,,,,,,,,,
6cerivdu,Modèle résiduel,135,,,,,,,,,,,,,
6cerivdu,Modèle résiduel,136,,,,,,,,,,,,,
6cerivdu,Modèle résiduel,137,,,,,,,,,,,,,
6cerivdu,Modèle résiduel,138,,,,,,,,,,,,,
6cerivdu,Modèle résiduel,139,,,,,,,,,,,,,
6cerivdu,Modèle résiduel,140,,,,,,,,,,,,,
6cerivdu,Modèle résiduel,141,,,,,,,,,,,,,
6cerivdu,Modèle résiduel,142,,,,,,,,,,,,,
6cerivdu,Modèle résiduel,143,,,,,,,,,,,,,
6cerivdu,Modèle résiduel,144,,,,,,,,,,,,,
6cerivdu,Modèle résiduel,145,,,,,,,,,,,,,
6cerivdu,Modèle résiduel,146,,,,,,,,,,,,,
6cerivdu,Modèle résiduel,147,,,,,,,,,,,,,
6cerivdu,Modèle résiduel,148,,,,,,,,,,,,,
6cerivdu,Modèle résiduel,149,,,,,,,,,,,,,
6cerivdu,Modèle résiduel,150,,,,,,,,,,,,,
6cerivdu,Modèle résiduel,151,,,,,,,,,,,,,
6cerivdu,Modèle résiduel,152,,,,,,,,,,,,,
6cerivdu,Modèle résiduel,153,,,,,,,,,,,,,
6cerivdu,Modèle résiduel,154,,,,,,,,,,,,,
6cerivdu,Modèle résiduel,155,12.0,0.00018769251466436442,0.8185292441269447,27.745735433308433,0.04099333279961199,0.023407956553173476,0.12744482580957742,189.4979944753312,0.029984226643011487,0.03369957360669843,0.025886242114739794,0.1373963311441943,0.13135787222184178
6cerivdu,Modèle résiduel,156,13.0,0.00018451062858745052,0.8216335280188198,27.542238307964524,0.041965082825013725,0.02332943061302448,0.12665474825891956,192.08377081496707,0.02979956458097902,0.03300028735310094,0.025330076439895183,0.1354556985390492,0.13331380562904555
6cerivdu,Modèle résiduel,157,14.0,0.00018099719094030728,0.8257227272822939,27.516632033349417,0.0420889797394022,0.022845381999324108,0.12606572231342053,187.34795879263623,0.029408478788260757,0.03258093496641287,0.025142574933572456,0.1337522699728481,0.14179472892712325
6cerivdu,Modèle résiduel,158,15.0,0.00017716606765619104,0.8308170273386198,28.089944751492908,0.03940059337979784,0.02210904429827271,0.12425935525318672,181.91396263472532,0.028422435745596886,0.03287274670651835,0.02508085305428403,0.13536736292716783,0.13930367285178769
6cerivdu,Modèle résiduel,159,,,,,,,,,,,,,
6cerivdu,Modèle résiduel,160,,,,,,,,,,,,,
6cerivdu,Modèle résiduel,161,,,,,,,,,,,,,
6cerivdu,Modèle résiduel,162,,,,,,,,,,,,,
6cerivdu,Modèle résiduel,163,,,,,,,,,,,,,
6cerivdu,Modèle résiduel,164,,,,,,,,,,,,,
6cerivdu,Modèle résiduel,165,,,,,,,,,,,,,
6cerivdu,Modèle résiduel,166,,,,,,,,,,,,,
6cerivdu,Modèle résiduel,167,,,,,,,,,,,,,
6cerivdu,Modèle résiduel,168,,,,,,,,,,,,,
6cerivdu,Modèle résiduel,169,,,,,,,,,,,,,
6cerivdu,Modèle résiduel,170,,,,,,,,,,,,,
6cerivdu,Modèle résiduel,171,,,,,,,,,,,,,
6cerivdu,Modèle résiduel,172,,,,,,,,,,,,,
6cerivdu,Modèle résiduel,173,,,,,,,,,,,,,
6cerivdu,Modèle résiduel,174,,,,,,,,,,,,,
6cerivdu,Modèle résiduel,175,,,,,,,,,,,,,
6cerivdu,Modèle résiduel,176,,,,,,,,,,,,,
6cerivdu,Modèle résiduel,177,,,,,,,,,,,,,
6cerivdu,Modèle résiduel,178,,,,,,,,,,,,,
6cerivdu,Modèle résiduel,179,,,,,,,,,,,,,
6cerivdu,Modèle résiduel,180,,,,,,,,,,,,,
6cerivdu,Modèle résiduel,181,,,,,,,,,,,,,
6cerivdu,Modèle résiduel,182,,,,,,,,,,,,,
6cerivdu,Modèle résiduel,183,16.0,0.00017303237842843046,0.8388140345441883,27.694140654747205,0.04123756064730896,0.02169555994071837,0.12285690934493623,165.47404730162296,0.028071423799827182,0.03237159673570313,0.024959213458574735,0.1334078372734734,0.1388189098996739
6cerivdu,Modèle résiduel,184,,,,,,,,,,,,,
6cerivdu,Modèle résiduel,185,,,,,,,,,,,,,
6cerivdu,Modèle résiduel,186,,,,,,,,,,,,,
6cerivdu,Modèle résiduel,187,,,,,,,,,,,,,
6cerivdu,Modèle résiduel,188,,,,,,,,,,,,,
6cerivdu,Modèle résiduel,189,,,,,,,,,,,,,
6cerivdu,Modèle résiduel,190,,,,,,,,,,,,,
6cerivdu,Modèle résiduel,191,,,,,,,,,,,,,
6cerivdu,Modèle résiduel,192,,,,,,,,,,,,,
6cerivdu,Modèle résiduel,193,,,,,,,,,,,,,
6cerivdu,Modèle résiduel,194,,,,,,,,,,,,,
6cerivdu,Modèle résiduel,195,,,,,,,,,,,,,
6cerivdu,Modèle résiduel,196,,,,,,,,,,,,,
6cerivdu,Modèle résiduel,197,,,,,,,,,,,,,
6cerivdu,Modèle résiduel,198,,,,,,,,,,,,,
6cerivdu,Modèle résiduel,199,,,,,,,,,,,,,
6cerivdu,Modèle résiduel,200,,,,,,,,,,,,,
6cerivdu,Modèle résiduel,201,,,,,,,,,,,,,
6cerivdu,Modèle résiduel,202,,,,,,,,,,,,,
6cerivdu,Modèle résiduel,203,,,,,,,,,,,,,
6cerivdu,Modèle résiduel,204,,,,,,,,,,,,,
6cerivdu,Modèle résiduel,205,,,,,,,,,,,,,
6cerivdu,Modèle résiduel,206,,,,,,,,,,,,,
6cerivdu,Modèle résiduel,207,,,,,,,,,,,,,
6cerivdu,Modèle résiduel,208,17.0,0.00016861243703990454,0.8440801645147389,28.100983487075382,0.03935055170377999,0.021964770420615017,0.11865385005186344,175.84312091339055,0.02791645615522204,0.03238285897283727,0.024824018128470987,0.1334126246217479,0.14530447279859302
6cerivdu,Modèle résiduel,209,,,,,,,,,,,,,
6cerivdu,Modèle résiduel,210,,,,,,,,,,,,,
6cerivdu,Modèle résiduel,211,,,,,,,,,,,,,
6cerivdu,Modèle résiduel,212,,,,,,,,,,,,,
6cerivdu,Modèle résiduel,213,,,,,,,,,,,,,
6cerivdu,Modèle résiduel,214,,,,,,,,,,,,,
6cerivdu,Modèle résiduel,215,,,,,,,,,,,,,
6cerivdu,Modèle résiduel,216,,,,,,,,,,,,,
6cerivdu,Modèle résiduel,217,,,,,,,,,,,,,
6cerivdu,Modèle résiduel,218,,,,,,,,,,,,,
6cerivdu,Modèle résiduel,219,,,,,,,,,,,,,
6cerivdu,Modèle résiduel,220,,,,,,,,,,,,,
6cerivdu,Modèle résiduel,221,,,,,,,,,,,,,
6cerivdu,Modèle résiduel,222,,,,,,,,,,,,,
6cerivdu,Modèle résiduel,223,,,,,,,,,,,,,
6cerivdu,Modèle résiduel,224,,,,,,,,,,,,,
6cerivdu,Modèle résiduel,225,,,,,,,,,,,,,
6cerivdu,Modèle résiduel,226,,,,,,,,,,,,,
6cerivdu,Modèle résiduel,227,,,,,,,,,,,,,
6cerivdu,Modèle résiduel,228,,,,,,,,,,,,,
6cerivdu,Modèle résiduel,229,,,,,,,,,,,,,
6cerivdu,Modèle résiduel,230,,,,,,,,,,,,,
6cerivdu,Modèle résiduel,231,,,,,,,,,,,,,
6cerivdu,Modèle résiduel,232,,,,,,,,,,,,,
6cerivdu,Modèle résiduel,233,18.0,0.00016392368697999463,0.8435474798597139,28.35609496369445,0.038211602544842335,0.021160814140377373,0.11760054284642482,183.44949407827698,0.0269831876944879,0.03152912559831499,0.02433887328236149,0.1305175464695845,0.13751482777297497
6cerivdu,Modèle résiduel,234,,,,,,,,,,,,,
6cerivdu,Modèle résiduel,235,,,,,,,,,,,,,
6cerivdu,Modèle résiduel,236,,,,,,,,,,,,,
6cerivdu,Modèle résiduel,237,,,,,,,,,,,,,
6cerivdu,Modèle résiduel,238,,,,,,,,,,,,,
6cerivdu,Modèle résiduel,239,,,,,,,,,,,,,
6cerivdu,Modèle résiduel,240,,,,,,,,,,,,,
6cerivdu,Modèle résiduel,241,,,,,,,,,,,,,
6cerivdu,Modèle résiduel,242,,,,,,,,,,,,,
6cerivdu,Modèle résiduel,243,,,,,,,,,,,,,
6cerivdu,Modèle résiduel,244,,,,,,,,,,,,,
6cerivdu,Modèle résiduel,245,,,,,,,,,,,,,
6cerivdu,Modèle résiduel,246,,,,,,,,,,,,,
6cerivdu,Modèle résiduel,247,,,,,,,,,,,,,
6cerivdu,Modèle résiduel,248,,,,,,,,,,,,,
6cerivdu,Modèle résiduel,249,,,,,,,,,,,,,
6cerivdu,Modèle résiduel,250,,,,,,,,,,,,,
6cerivdu,Modèle résiduel,251,,,,,,,,,,,,,
6cerivdu,Modèle résiduel,252,,,,,,,,,,,,,
6cerivdu,Modèle résiduel,253,,,,,,,,,,,,,
6cerivdu,Modèle résiduel,254,,,,,,,,,,,,,
6cerivdu,Modèle résiduel,255,,,,,,,,,,,,,
6cerivdu,Modèle résiduel,256,,,,,,,,,,,,,
6cerivdu,Modèle résiduel,257,,,,,,,,,,,,,
6cerivdu,Modèle résiduel,258,19.0,0.0001589846326031011,0.8373700647518553,27.912182822583954,0.0402152579646014,0.021990125099646634,0.12223102023889279,187.6470373048575,0.028234019169005854,0.03153148805324593,0.024315645309308402,0.13015974389436918,0.1416220146780595
6cerivdu,Modèle résiduel,259,20.0,0.00015381476610041016,0.8445925342625585,28.187821204685797,0.038959102165973834,0.021010927920197618,0.1196181851214376,173.15669205146057,0.026939171077362423,0.031506251217399396,0.024193217197799276,0.13053532893586361,0.1467587294240878
6cerivdu,Modèle résiduel,260,,,,,,,,,,,,,
6cerivdu,Modèle résiduel,261,,,,,,,,,,,,,
6cerivdu,Modèle résiduel,262,,,,,,,,,,,,,
6cerivdu,Modèle résiduel,263,,,,,,,,,,,,,
6cerivdu,Modèle résiduel,264,,,,,,,,,,,,,
6cerivdu,Modèle résiduel,265,,,,,,,,,,,,,
6cerivdu,Modèle résiduel,266,,,,,,,,,,,,,
6cerivdu,Modèle résiduel,267,,,,,,,,,,,,,
6cerivdu,Modèle résiduel,268,,,,,,,,,,,,,
6cerivdu,Modèle résiduel,269,,,,,,,,,,,,,
6cerivdu,Modèle résiduel,270,,,,,,,,,,,,,
6cerivdu,Modèle résiduel,271,,,,,,,,,,,,,
6cerivdu,Modèle résiduel,272,,,,,,,,,,,,,
6cerivdu,Modèle résiduel,273,,,,,,,,,,,,,
6cerivdu,Modèle résiduel,274,,,,,,,,,,,,,
6cerivdu,Modèle résiduel,275,,,,,,,,,,,,,
6cerivdu,Modèle résiduel,276,,,,,,,,,,,,,
6cerivdu,Modèle résiduel,277,,,,,,,,,,,,,
6cerivdu,Modèle résiduel,278,,,,,,,,,,,,,
6cerivdu,Modèle résiduel,279,,,,,,,,,,,,,
6cerivdu,Modèle résiduel,280,,,,,,,,,,,,,
6cerivdu,Modèle résiduel,281,,,,,,,,,,,,,
6cerivdu,Modèle résiduel,282,,,,,,,,,,,,,
6cerivdu,Modèle résiduel,283,,,,,,,,,,,,,
6cerivdu,Modèle résiduel,284,21.0,0.00014843449057312067,0.8560189871952452,28.529565189998895,0.03745602968122929,0.020613103783850013,0.11661016530004041,163.55746755192507,0.026253501916753835,0.03147219738357852,0.024268111651842922,0.13033351770196205,0.13562834713385147
6cerivdu,Modèle résiduel,285,,,,,,,,,,,,,
6cerivdu,Modèle résiduel,286,,,,,,,,,,,,,
6cerivdu,Modèle résiduel,287,,,,,,,,,,,,,
6cerivdu,Modèle résiduel,288,,,,,,,,,,,,,
6cerivdu,Modèle résiduel,289,,,,,,,,,,,,,
6cerivdu,Modèle résiduel,290,,,,,,,,,,,,,
6cerivdu,Modèle résiduel,291,,,,,,,,,,,,,
6cerivdu,Modèle résiduel,292,,,,,,,,,,,,,
6cerivdu,Modèle résiduel,293,,,,,,,,,,,,,
6cerivdu,Modèle résiduel,294,,,,,,,,,,,,,
6cerivdu,Modèle résiduel,295,,,,,,,,,,,,,
6cerivdu,Modèle résiduel,296,,,,,,,,,,,,,
6cerivdu,Modèle résiduel,297,,,,,,,,,,,,,
6cerivdu,Modèle résiduel,298,,,,,,,,,,,,,
6cerivdu,Modèle résiduel,299,,,,,,,,,,,,,
6cerivdu,Modèle résiduel,300,,,,,,,,,,,,,
6cerivdu,Modèle résiduel,301,,,,,,,,,,,,,
6cerivdu,Modèle résiduel,302,,,,,,,,,,,,,
6cerivdu,Modèle résiduel,303,,,,,,,,,,,,,
6cerivdu,Modèle résiduel,304,,,,,,,,,,,,,
6cerivdu,Modèle résiduel,305,,,,,,,,,,,,,
6cerivdu,Modèle résiduel,306,,,,,,,,,,,,,
6cerivdu,Modèle résiduel,307,,,,,,,,,,,,,
6cerivdu,Modèle résiduel,308,,,,,,,,,,,,,
6cerivdu,Modèle résiduel,309,22.0,0.00014286503951072474,0.8425910678403131,27.422237824667,0.04254887764715534,0.02422153178987832,0.12474918288403544,174.70492173171291,0.030536693617187697,0.0304370858730414,0.023649548013240863,0.12695382207504705,0.14279721836503753
6cerivdu,Modèle résiduel,310,23.0,0.00013712839299212547,0.8585887263561117,28.570027863479964,0.03728194889727733,0.020233429872013372,0.11514907484424525,160.8972209885765,0.026069405777701015,0.030885587541911848,0.02385150730753174,0.12787761462804598,0.1541943384700606
6cerivdu,Modèle résiduel,311,,,,,,,,,,,,,
6cerivdu,Modèle résiduel,312,,,,,,,,,,,,,
6cerivdu,Modèle résiduel,313,,,,,,,,,,,,,
6cerivdu,Modèle résiduel,314,,,,,,,,,,,,,
6cerivdu,Modèle résiduel,315,,,,,,,,,,,,,
6cerivdu,Modèle résiduel,316,,,,,,,,,,,,,
6cerivdu,Modèle résiduel,317,,,,,,,,,,,,,
6cerivdu,Modèle résiduel,318,,,,,,,,,,,,,
6cerivdu,Modèle résiduel,319,,,,,,,,,,,,,
6cerivdu,Modèle résiduel,320,,,,,,,,,,,,,
6cerivdu,Modèle résiduel,321,,,,,,,,,,,,,
6cerivdu,Modèle résiduel,322,,,,,,,,,,,,,
6cerivdu,Modèle résiduel,323,,,,,,,,,,,,,
6cerivdu,Modèle résiduel,324,,,,,,,,,,,,,
6cerivdu,Modèle résiduel,325,,,,,,,,,,,,,
6cerivdu,Modèle résiduel,326,,,,,,,,,,,,,
6cerivdu,Modèle résiduel,327,,,,,,,,,,,,,
6cerivdu,Modèle résiduel,328,,,,,,,,,,,,,
6cerivdu,Modèle résiduel,329,,,,,,,,,,,,,
6cerivdu,Modèle résiduel,330,,,,,,,,,,,,,
6cerivdu,Modèle résiduel,331,,,,,,,,,,,,,
6cerivdu,Modèle résiduel,332,,,,,,,,,,,,,
6cerivdu,Modèle résiduel,333,,,,,,,,,,,,,
6cerivdu,Modèle résiduel,334,,,,,,,,,,,,,
6cerivdu,Modèle résiduel,335,24.0,0.00013124719094030727,0.8464503226609066,28.42546642547823,0.037907633990123236,0.020976076480643504,0.11945822205522964,167.3877127513969,0.026862091481171805,0.030169286717398044,0.023417257588420413,0.12535604207306847,0.14904151323577788
6cerivdu,Modèle résiduel,336,25.0,0.00012524464377290304,0.8481347910289107,28.320673530521677,0.03836774928092265,0.021706881258508254,0.11682697051558001,172.2417134345357,0.027319018054625083,0.030640909583586402,0.023604665807265248,0.12718044858202976,0.1563873070363815
6cerivdu,Modèle résiduel,337,26.0,0.00011914444080127963,0.8542843707676592,28.313423900520252,0.03839978607959079,0.02165926556135046,0.1163882343419667,167.22465766495498,0.027238644209915196,0.029736429715576846,0.023152644817645732,0.12447671834220234,0.15330438325420404
6cerivdu,Modèle résiduel,338,27.0,0.0001129706567396483,0.8496589414004622,28.352497479851003,0.03822743213742328,0.02098912504854901,0.11518201591639683,181.35012859400666,0.02654934533197304,0.029986512345763352,0.023361880793912798,0.12454743285337065,0.15977929316015324
6cerivdu,Modèle résiduel,339,28.0,0.0001067476566931667,0.8463005793505701,28.363498342963332,0.03817904693223372,0.021313747037844413,0.11988012852339909,180.28040686536568,0.02732802843996163,0.02974621841731744,0.02311866180016062,0.12472354209957978,0.16186453331994194
6cerivdu,Modèle résiduel,340,29.0,0.0001005,0.858562381103121,28.60048385307795,0.03715145330643319,0.020593450308359903,0.11435183291805201,158.00920894972057,0.026269116149894123,0.029295647162625678,0.022808780507622365,0.12346775202542289,0.15956576556986213
6cerivdu,Modèle résiduel,341,30.0,9.425234330683332e-05,0.8560935361631985,27.89437157904925,0.04029780778845971,0.02248272601643513,0.11710328377526381,168.75079985015208,0.028147748189753498,0.029133722114448365,0.022741294704759732,0.12184868870764716,0.17418960809835002
6cerivdu,Modèle résiduel,342,31.0,8.802934326035174e-05,0.8594697446658693,28.66375663046826,0.03688180509769431,0.019612582528899455,0.11471445704328603,169.12526639777815,0.025290876241593527,0.028295453152277023,0.02226049560878394,0.11934075771998136,0.16357332434600744
6cerivdu,Modèle résiduel,343,,,,,,,,,,,,,
6cerivdu,Modèle résiduel,344,,,,,,,,,,,,,
6cerivdu,Modèle résiduel,345,,,,,,,,,,,,,
6cerivdu,Modèle résiduel,346,,,,,,,,,,,,,
6cerivdu,Modèle résiduel,347,,,,,,,,,,,,,
6cerivdu,Modèle résiduel,348,,,,,,,,,,,,,
6cerivdu,Modèle résiduel,349,,,,,,,,,,,,,
6cerivdu,Modèle résiduel,350,,,,,,,,,,,,,
6cerivdu,Modèle résiduel,351,,,,,,,,,,,,,
6cerivdu,Modèle résiduel,352,,,,,,,,,,,,,
6cerivdu,Modèle résiduel,353,,,,,,,,,,,,,
6cerivdu,Modèle résiduel,354,,,,,,,,,,,,,
6cerivdu,Modèle résiduel,355,,,,,,,,,,,,,
6cerivdu,Modèle résiduel,356,,,,,,,,,,,,,
6cerivdu,Modèle résiduel,357,,,,,,,,,,,,,
6cerivdu,Modèle résiduel,358,,,,,,,,,,,,,
6cerivdu,Modèle résiduel,359,,,,,,,,,,,,,
6cerivdu,Modèle résiduel,360,,,,,,,,,,,,,
6cerivdu,Modèle résiduel,361,,,,,,,,,,,,,
6cerivdu,Modèle résiduel,362,,,,,,,,,,,,,
6cerivdu,Modèle résiduel,363,,,,,,,,,,,,,
6cerivdu,Modèle résiduel,364,,,,,,,,,,,,,
6cerivdu,Modèle résiduel,365,,,,,,,,,,,,,
6cerivdu,Modèle résiduel,366,,,,,,,,,,,,,
6cerivdu,Modèle résiduel,367,32.0,8.18555591987204e-05,0.8521023207697375,28.441408250694302,0.03783812324717797,0.02139861281190453,0.11813362597905357,166.90536737134133,0.027138399730982452,0.02874337605590749,0.022325100886643443,0.12222257724557167,0.17939479324503008
6cerivdu,Modèle résiduel,368,33.0,7.575535622709694e-05,0.863521353951816,28.38913881914341,0.03806650975746249,0.021508919299933416,0.11333326905451972,154.93022518941783,0.026913443194894957,0.02871728740218613,0.022411346865388062,0.12080532423833497,0.17702360564253777
6cerivdu,Modèle résiduel,369,34.0,6.975280905969277e-05,0.857115899694377,28.576219228851585,0.0372553835217935,0.02069983445107937,0.11334503172286625,166.8401312606572,0.026089124959604495,0.028352659362822007,0.022220516195281956,0.11913893403660537,0.18614874351928887
6cerivdu,Modèle résiduel,370,35.0,6.387160700787457e-05,0.8611757426426329,28.47534376598069,0.03769057922556516,0.019864083492550356,0.11676221674886243,149.313286135565,0.02572407371139732,0.028194584509628452,0.02217247864056347,0.1189367092318005,0.1787064199964715
6cerivdu,Modèle résiduel,371,36.0,5.813496048927527e-05,0.8669416185083061,28.870361107353666,0.036014877725084285,0.019436408540812033,0.10980784559044345,148.38349783091792,0.024821410983287055,0.02790222329716397,0.02187103530567171,0.11808682089814773,0.19427045417201316
6cerivdu,Modèle résiduel,372,,,,,,,,,,,,,
6cerivdu,Modèle résiduel,373,,,,,,,,,,,,,
6cerivdu,Modèle résiduel,374,,,,,,,,,,,,,
6cerivdu,Modèle résiduel,375,,,,,,,,,,,,,
6cerivdu,Modèle résiduel,376,,,,,,,,,,,,,
6cerivdu,Modèle résiduel,377,,,,,,,,,,,,,
6cerivdu,Modèle résiduel,378,,,,,,,,,,,,,
6cerivdu,Modèle résiduel,379,,,,,,,,,,,,,
6cerivdu,Modèle résiduel,380,,,,,,,,,,,,,
6cerivdu,Modèle résiduel,381,,,,,,,,,,,,,
6cerivdu,Modèle résiduel,382,,,,,,,,,,,,,
6cerivdu,Modèle résiduel,383,,,,,,,,,,,,,
6cerivdu,Modèle résiduel,384,,,,,,,,,,,,,
6cerivdu,Modèle résiduel,385,,,,,,,,,,,,,
6cerivdu,Modèle résiduel,386,,,,,,,,,,,,,
6cerivdu,Modèle résiduel,387,,,,,,,,,,,,,
6cerivdu,Modèle résiduel,388,,,,,,,,,,,,,
6cerivdu,Modèle résiduel,389,,,,,,,,,,,,,
6cerivdu,Modèle résiduel,390,,,,,,,,,,,,,
6cerivdu,Modèle résiduel,391,,,,,,,,,,,,,
6cerivdu,Modèle résiduel,392,,,,,,,,,,,,,
6cerivdu,Modèle résiduel,393,,,,,,,,,,,,,
6cerivdu,Modèle résiduel,394,,,,,,,,,,,,,
6cerivdu,Modèle résiduel,395,,,,,,,,,,,,,
6cerivdu,Modèle résiduel,396,37.0,5.256550942687932e-05,0.8626824843472448,28.78516947857674,0.03636985135427125,0.019804717041552067,0.11114948602585957,151.3114936061361,0.025087592481025333,0.027387359314876743,0.02161993344242756,0.11653202867660767,0.19308354363291183
6cerivdu,Modèle résiduel,397,38.0,4.718523389958981e-05,0.8617084910129679,28.499104835320587,0.037587613995291175,0.020902319393795114,0.11258045455505108,148.37590489658206,0.026264597693907803,0.027024231747620635,0.02138551841609371,0.11505502392338891,0.18499056816610515
6cerivdu,Modèle résiduel,398,39.0,4.201536739689893e-05,0.8655699655927461,28.803972843252357,0.036291202429672445,0.019590901564164407,0.11234517575337968,148.3527799289863,0.02508387547628633,0.026879481692663115,0.0212252031510266,0.11497362164987458,0.18970970756923541
6cerivdu,Modèle résiduel,399,40.0,3.707631302000537e-05,0.8690370794000297,28.88919926681039,0.03593685246275438,0.019124351955693345,0.11041681288645186,141.52967915849015,0.024604386039848984,0.027120579440051164,0.021360242046797887,0.11570885051519443,0.20621232526042524
6cerivdu,Modèle résiduel,400,,,,,,,,,,,,,
6cerivdu,Modèle résiduel,401,,,,,,,,,,,,,
6cerivdu,Modèle résiduel,402,,,,,,,,,,,,,
6cerivdu,Modèle résiduel,403,,,,,,,,,,,,,
6cerivdu,Modèle résiduel,404,,,,,,,,,,,,,
6cerivdu,Modèle résiduel,405,,,,,,,,,,,,,
6cerivdu,Modèle résiduel,406,,,,,,,,,,,,,
6cerivdu,Modèle résiduel,407,,,,,,,,,,,,,
6cerivdu,Modèle résiduel,408,,,,,,,,,,,,,
6cerivdu,Modèle résiduel,409,,,,,,,,,,,,,
6cerivdu,Modèle résiduel,410,,,,,,,,,,,,,
6cerivdu,Modèle résiduel,411,,,,,,,,,,,,,
6cerivdu,Modèle résiduel,412,,,,,,,,,,,,,
6cerivdu,Modèle résiduel,413,,,,,,,,,,,,,
6cerivdu,Modèle résiduel,414,,,,,,,,,,,,,
6cerivdu,Modèle résiduel,415,,,,,,,,,,,,,
6cerivdu,Modèle résiduel,416,,,,,,,,,,,,,
6cerivdu,Modèle résiduel,417,,,,,,,,,,,,,
6cerivdu,Modèle résiduel,418,,,,,,,,,,,,,
6cerivdu,Modèle résiduel,419,,,,,,,,,,,,,
6cerivdu,Modèle résiduel,420,,,,,,,,,,,,,
6cerivdu,Modèle résiduel,421,,,,,,,,,,,,,
6cerivdu,Modèle résiduel,422,,,,,,,,,,,,,
6cerivdu,Modèle résiduel,423,,,,,,,,,,,,,
6cerivdu,Modèle résiduel,424,41.0,3.238756296009547e-05,0.8601686975051617,28.843747466915715,0.03612539684900684,0.019289065023948407,0.11191318363978944,152.48320254937045,0.024492448324273372,0.026834607681530155,0.02127213475620772,0.11423715242208579,0.20392805670634803
6cerivdu,Modèle résiduel,425,,,,,,,,,,,,,
6cerivdu,Modèle résiduel,426,,,,,,,,,,,,,
6cerivdu,Modèle résiduel,427,,,,,,,,,,,,,
6cerivdu,Modèle résiduel,428,,,,,,,,,,,,,
6cerivdu,Modèle résiduel,429,,,,,,,,,,,,,
6cerivdu,Modèle résiduel,430,,,,,,,,,,,,,
6cerivdu,Modèle résiduel,431,,,,,,,,,,,,,
6cerivdu,Modèle résiduel,432,,,,,,,,,,,,,
6cerivdu,Modèle résiduel,433,,,,,,,,,,,,,
6cerivdu,Modèle résiduel,434,,,,,,,,,,,,,
6cerivdu,Modèle résiduel,435,,,,,,,,,,,,,
6cerivdu,Modèle résiduel,436,,,,,,,,,,,,,
6cerivdu,Modèle résiduel,437,,,,,,,,,,,,,
6cerivdu,Modèle résiduel,438,,,,,,,,,,,,,
6cerivdu,Modèle résiduel,439,,,,,,,,,,,,,
6cerivdu,Modèle résiduel,440,,,,,,,,,,,,,
6cerivdu,Modèle résiduel,441,,,,,,,,,,,,,
6cerivdu,Modèle résiduel,442,,,,,,,,,,,,,
6cerivdu,Modèle résiduel,443,,,,,,,,,,,,,
6cerivdu,Modèle résiduel,444,,,,,,,,,,,,,
6cerivdu,Modèle résiduel,445,,,,,,,,,,,,,
6cerivdu,Modèle résiduel,446,,,,,,,,,,,,,
6cerivdu,Modèle résiduel,447,,,,,,,,,,,,,
6cerivdu,Modèle résiduel,448,,,,,,,,,,,,,
6cerivdu,Modèle résiduel,449,42.0,2.7967621571569576e-05,0.8693114519119263,28.97694505451103,0.035575642093810755,0.018950599695331062,0.10932546982477451,141.65256625037517,0.024167476735752206,0.02653253958839127,0.021003197878599167,0.11366501924955946,0.20801419952613676
6cerivdu,Modèle résiduel,450,,,,,,,,,,,,,
6cerivdu,Modèle résiduel,451,,,,,,,,,,,,,
6cerivdu,Modèle résiduel,452,,,,,,,,,,,,,
6cerivdu,Modèle résiduel,453,,,,,,,,,,,,,
6cerivdu,Modèle résiduel,454,,,,,,,,,,,,,
6cerivdu,Modèle résiduel,455,,,,,,,,,,,,,
6cerivdu,Modèle résiduel,456,,,,,,,,,,,,,
6cerivdu,Modèle résiduel,457,,,,,,,,,,,,,
6cerivdu,Modèle résiduel,458,,,,,,,,,,,,,
6cerivdu,Modèle résiduel,459,,,,,,,,,,,,,
6cerivdu,Modèle résiduel,460,,,,,,,,,,,,,
6cerivdu,Modèle résiduel,461,,,,,,,,,,,,,
6cerivdu,Modèle résiduel,462,,,,,,,,,,,,,
6cerivdu,Modèle résiduel,463,,,,,,,,,,,,,
6cerivdu,Modèle résiduel,464,,,,,,,,,,,,,
6cerivdu,Modèle résiduel,465,,,,,,,,,,,,,
6cerivdu,Modèle résiduel,466,,,,,,,,,,,,,
6cerivdu,Modèle résiduel,467,,,,,,,,,,,,,
6cerivdu,Modèle résiduel,468,,,,,,,,,,,,,
6cerivdu,Modèle résiduel,469,,,,,,,,,,,,,
6cerivdu,Modèle résiduel,470,,,,,,,,,,,,,
6cerivdu,Modèle résiduel,471,,,,,,,,,,,,,
6cerivdu,Modèle résiduel,472,,,,,,,,,,,,,
6cerivdu,Modèle résiduel,473,,,,,,,,,,,,,
6cerivdu,Modèle résiduel,474,43.0,2.3833932343808982e-05,0.8676286997466252,29.06234455346027,0.03522757695745698,0.018353856393489344,0.11203469014887152,137.2574309308951,0.024220042059133792,0.026270282801049642,0.020801847422511406,0.11342033275809044,0.21853831671496743
6cerivdu,Modèle résiduel,475,44.0,2.0002809059692742e-05,0.8651442794964231,29.065467231304673,0.0352149145121455,0.018459833644587417,0.11040745020426553,148.35886033209147,0.023672616526741404,0.026248167141571514,0.0207720294348004,0.11287541719328643,0.21690831911296415
6cerivdu,Modèle résiduel,476,,,,,,,,,,,,,
6cerivdu,Modèle résiduel,477,,,,,,,,,,,,,
6cerivdu,Modèle résiduel,478,,,,,,,,,,,,,
6cerivdu,Modèle résiduel,479,,,,,,,,,,,,,
6cerivdu,Modèle résiduel,480,,,,,,,,,,,,,
6cerivdu,Modèle résiduel,481,,,,,,,,,,,,,
6cerivdu,Modèle résiduel,482,,,,,,,,,,,,,
6cerivdu,Modèle résiduel,483,,,,,,,,,,,,,
6cerivdu,Modèle résiduel,484,,,,,,,,,,,,,
6cerivdu,Modèle résiduel,485,,,,,,,,,,,,,
6cerivdu,Modèle résiduel,486,,,,,,,,,,,,,
6cerivdu,Modèle résiduel,487,,,,,,,,,,,,,
6cerivdu,Modèle résiduel,488,,,,,,,,,,,,,
6cerivdu,Modèle résiduel,489,,,,,,,,,,,,,
6cerivdu,Modèle résiduel,490,,,,,,,,,,,,,
6cerivdu,Modèle résiduel,491,,,,,,,,,,,,,
6cerivdu,Modèle résiduel,492,,,,,,,,,,,,,
6cerivdu,Modèle résiduel,493,,,,,,,,,,,,,
6cerivdu,Modèle résiduel,494,,,,,,,,,,,,,
6cerivdu,Modèle résiduel,495,,,,,,,,,,,,,
6cerivdu,Modèle résiduel,496,,,,,,,,,,,,,
6cerivdu,Modèle résiduel,497,,,,,,,,,,,,,
6cerivdu,Modèle résiduel,498,,,,,,,,,,,,,
6cerivdu,Modèle résiduel,499,,,,,,,,,,,,,
6cerivdu,Modèle résiduel,500,45.0,1.6489371412549524e-05,0.8647597144389975,28.930105887704535,0.035768004015389966,0.018865046027148592,0.10977701701480767,146.8964961729895,0.02396379986071381,0.026131001949851584,0.02078679983273276,0.11239734642271303,0.20396383423517403
6cerivdu,Modèle résiduel,501,46.0,1.3307485335635575e-05,0.8708263224568861,28.79675332832373,0.036321379395427025,0.019362017126946615,0.10957112176151111,137.32273320475932,0.024653424862129934,0.025771474664728355,0.020457419312089428,0.11209027832135177,0.22505164671784791
6cerivdu,Modèle résiduel,502,47.0,1.0469708279631076e-05,0.865491704694156,29.080256263507216,0.03515500684436593,0.018493251232751483,0.10986619751001227,138.23845773566097,0.02376803922755965,0.02576333043189385,0.02051474495082457,0.11137765973933741,0.22250464469449133
6cerivdu,Modèle résiduel,503,48.0,7.987239654118992e-06,0.8702555812638382,28.940182061677234,0.03572653495683571,0.0187068128765657,0.11138500427377634,137.5975142764489,0.0246842862909724,0.02562294682312725,0.020357013592480593,0.11086286075858988,0.23145161521358368
6cerivdu,Modèle résiduel,504,49.0,5.8698766286322235e-06,0.8664183513871555,29.082470098936785,0.03514604777562937,0.018398656541931218,0.10998462063485179,139.27856887033656,0.02376184496900131,0.02579823463088554,0.02044940146848432,0.11173829436302185,0.23009579332921126
6cerivdu,Modèle résiduel,505,50.0,4.125975467701219e-06,0.8675831268573629,29.096203249372667,0.03509052270981395,0.018367601141076665,0.10987342097635927,137.20634288014077,0.023846982496565784,0.02555391865058078,0.02034726233468351,0.11090942328939071,0.23896862213046122
6cerivdu,Modèle résiduel,506,51.0,2.7624185524954723e-06,0.8688018774164135,28.824677710325236,0.03620479681209004,0.01947321887288628,0.11053609013043601,137.4627244860134,0.02504314302370466,0.025449422574164268,0.02029976186254977,0.11063981890423685,0.2210528183187175
6cerivdu,Modèle résiduel,507,52.0,1.7845872192094625e-06,0.8679032120211371,29.08031327567002,0.03515477609582098,0.018414568412920523,0.1093519739806652,136.07879919528372,0.023669089190661907,0.025539415653667644,0.020324348480018795,0.111005025000399,0.22950560712597817
6cerivdu,Modèle résiduel,508,,,,,,,,,,,,,
6cerivdu,Modèle résiduel,509,,,,,,,,,,,,,
6cerivdu,Modèle résiduel,510,,,,,,,,,,,,,
6cerivdu,Modèle résiduel,511,,,,,,,,,,,,,
6cerivdu,Modèle résiduel,512,,,,,,,,,,,,,
6cerivdu,Modèle résiduel,513,,,,,,,,,,,,,
6cerivdu,Modèle résiduel,514,,,,,,,,,,,,,
6cerivdu,Modèle résiduel,515,,,,,,,,,,,,,
6cerivdu,Modèle résiduel,516,,,,,,,,,,,,,
6cerivdu,Modèle résiduel,517,,,,,,,,,,,,,
6cerivdu,Modèle résiduel,518,,,,,,,,,,,,,
6cerivdu,Modèle résiduel,519,,,,,,,,,,,,,
6cerivdu,Modèle résiduel,520,,,,,,,,,,,,,
6cerivdu,Modèle résiduel,521,,,,,,,,,,,,,
6cerivdu,Modèle résiduel,522,,,,,,,,,,,,,
6cerivdu,Modèle résiduel,523,,,,,,,,,,,,,
6cerivdu,Modèle résiduel,524,,,,,,,,,,,,,
6cerivdu,Modèle résiduel,525,,,,,,,,,,,,,
6cerivdu,Modèle résiduel,526,,,,,,,,,,,,,
6cerivdu,Modèle résiduel,527,,,,,,,,,,,,,
6cerivdu,Modèle résiduel,528,,,,,,,,,,,,,
6cerivdu,Modèle résiduel,529,,,,,,,,,,,,,
6cerivdu,Modèle résiduel,530,,,,,,,,,,,,,
6cerivdu,Modèle résiduel,531,,,,,,,,,,,,,
6cerivdu,Modèle résiduel,532,53.0,1.19634052138698e-06,0.8728096012411446,29.00313707832005,0.03546852646019255,0.0186100533745926,0.10921741174212818,133.68239559007003,0.02397078172913913,0.025480624547021255,0.020352847762724273,0.11042237924969095,0.21891060525662878
6cerivdu,Modèle résiduel,533,54.0,0.0002,0.8536523210591284,27.976616420636887,0.039918037238153785,0.021630187743696672,0.11595234737314027,177.8285737809116,0.027380778807504422,0.030276985548468482,0.02342003472069772,0.1258299681238639,0.1964531182988077
6cerivdu,Modèle résiduel,534,55.0,0.00019980365947861302,0.8551914630265072,28.657693582656172,0.036907558845559386,0.019634108476597686,0.11742394957049139,159.67163544479263,0.025397717278322268,0.029575087106189668,0.02285358747945,0.12438777897857194,0.19464201180853397
6cerivdu,Modèle résiduel,535,56.0,0.00019921541278079057,0.8456219023671644,27.359295190626472,0.04285832960256945,0.022500732624582177,0.12472409986216447,171.50109772542874,0.028798532961257572,0.029378088605072763,0.02275040950705735,0.12386208861811548,0.1761072219437004
6cerivdu,Modèle résiduel,536,57.0,0.00019823758144750454,0.8495921883089789,28.366862220709766,0.038164263785572645,0.02101352936106509,0.1215882008445674,170.42234615185293,0.026973559199992954,0.02914559705835632,0.02261867534576191,0.12245827741347827,0.1823828246157903
6cerivdu,Modèle résiduel,537,58.0,0.0001968740245322988,0.8532259895883757,28.442909933063227,0.037831582071386496,0.020127758929698633,0.1141646752326653,175.77938324091832,0.02566978874905356,0.028638196114100452,0.0223189269264157,0.12053995659081344,0.1842808074867114
6cerivdu,Modèle résiduel,538,59.0,0.0001951301233713678,0.8488600685678679,27.896555358957265,0.04028767750992301,0.022570763393465816,0.12541498449342003,163.37242116022807,0.028801334957624304,0.029381413163983416,0.022712774857337404,0.12358351175983746,0.16767450611497092
6cerivdu,Modèle résiduel,539,,,,,,,,,,,,,
6cerivdu,Modèle résiduel,540,,,,,,,,,,,,,
6cerivdu,Modèle résiduel,541,,,,,,,,,,,,,
6cerivdu,Modèle résiduel,542,,,,,,,,,,,,,
6cerivdu,Modèle résiduel,543,,,,,,,,,,,,,
6cerivdu,Modèle résiduel,544,,,,,,,,,,,,,
6cerivdu,Modèle résiduel,545,,,,,,,,,,,,,
8p13wa1e,Modèle simulé,0,1.0,2e-05,0.5023151266163793,8.897716331163167,0.3590163137623744,0.16135149115118488,0.38996318856189993,474.6958121120917,0.2234659045934677,0.328958691822158,0.18042894729819053,0.6952764107885524,0.7817938776097746
8p13wa1e,Modèle simulé,1,,,,,,,,,,,,,
8p13wa1e,Modèle simulé,2,,,,,,,,,,,,,
8p13wa1e,Modèle simulé,3,,,,,,,,,,,,,
8p13wa1e,Modèle simulé,4,,,,,,,,,,,,,
8p13wa1e,Modèle simulé,5,,,,,,,,,,,,,
8p13wa1e,Modèle simulé,6,,,,,,,,,,,,,
8p13wa1e,Modèle simulé,7,,,,,,,,,,,,,
8p13wa1e,Modèle simulé,8,,,,,,,,,,,,,
8p13wa1e,Modèle simulé,9,2.0,7.999999999999999e-05,0.810125942887931,-9.22690663025885,2.8929793355776003,0.25256926222736464,0.2798595767596672,257.9781150115903,0.30974790408950426,0.10189393649880703,0.07271481657193767,0.2683100245701961,0.8845012265981012
8p13wa1e,Modèle simulé,10,3.0,0.00014,0.8698141163793104,24.824927773584278,0.057379084057455086,0.029047543600458522,0.13029140567985073,202.10678943980116,0.034811938759581794,0.05248610539218554,0.03935113255507671,0.17853583853978378,0.4994867003371573
8p13wa1e,Modèle simulé,11,,,,,,,,,,,,,
8p13wa1e,Modèle simulé,12,,,,,,,,,,,,,
8p13wa1e,Modèle simulé,13,,,,,,,,,,,,,
8p13wa1e,Modèle simulé,14,,,,,,,,,,,,,
8p13wa1e,Modèle simulé,15,,,,,,,,,,,,,
8p13wa1e,Modèle simulé,16,,,,,,,,,,,,,
8p13wa1e,Modèle simulé,17,,,,,,,,,,,,,
8p13wa1e,Modèle simulé,18,,,,,,,,,,,,,
8p13wa1e,Modèle simulé,19,4.0,0.0002,0.8640220905172413,20.228946124487504,0.09739859537282182,0.03345503317641801,0.132404129823734,214.60437739758714,0.0402724244471254,0.047070259721870095,0.03535973877669909,0.16726220902214703,0.40971300744602823
8p13wa1e,Modèle simulé,20,5.0,0.00019980365947861302,0.8378737877155172,5.61161363290279,0.5241062254203616,0.14862772401679178,0.15057198009614287,293.58245440645607,0.15740594332074298,0.04310481485106751,0.03272086391862259,0.15921769364394694,0.3845927559921884
8p13wa1e,Modèle simulé,21,6.0,0.00019921541278079057,0.8982017780172413,29.756695259631275,0.03252110076283639,0.016231862442760633,0.1072062248813695,151.86210253939208,0.020883497428791278,0.04143160211447722,0.03189866465285548,0.15205241755669952,0.3580118343870864
8p13wa1e,Modèle simulé,22,,,,,,,,,,,,,
8p13wa1e,Modèle simulé,23,,,,,,,,,,,,,
8p13wa1e,Modèle simulé,24,,,,,,,,,,,,,
8p13wa1e,Modèle simulé,25,,,,,,,,,,,,,
8p13wa1e,Modèle simulé,26,,,,,,,,,,,,,
8p13wa1e,Modèle simulé,27,,,,,,,,,,,,,
8p13wa1e,Modèle simulé,28,,,,,,,,,,,,,
8p13wa1e,Modèle simulé,29,,,,,,,,,,,,,
8p13wa1e,Modèle simulé,30,7.0,0.00019823758144750454,0.9067887931034483,26.19257056579716,0.04901979285575174,0.01907594970844943,0.10937042123284833,140.32058094556885,0.02392140891531418,0.038842026781067886,0.029933910737307664,0.14623186823267204,0.36033308130298924
8p13wa1e,Modèle simulé,31,8.0,0.0001968740245322988,0.8946996228448276,22.328751800321427,0.07648255892669284,0.025652639439393735,0.11354662272436865,159.22071818588836,0.030608487700850798,0.03597388676025419,0.027818882539390754,0.13950121991782108,0.33062228426719326
8p13wa1e,Modèle simulé,32,9.0,0.0001951301233713678,0.920342807112069,21.42939781536164,0.08482621896413726,0.020476250106404567,0.10991130512336204,123.32399774356281,0.02641689347039009,0.038859235608361214,0.029629397695549786,0.14504764830836883,0.31767738368521387
8p13wa1e,Modèle simulé,33,10.0,0.000193012760345881,0.8985385237068966,17.887090975304872,0.12753971765949781,0.03211634281765798,0.11465212343067958,168.50645226949723,0.03758930093769369,0.036811540293324195,0.028292057566090018,0.14070502907419816,0.3286940959146899
8p13wa1e,Modèle simulé,34,11.0,0.00019053029172036895,0.9059132543103449,29.871302795158215,0.03209481378523023,0.01701768943718795,0.10480613903752689,127.22428240930034,0.020998316335267032,0.03363637010861411,0.025777249111451656,0.13529327938444594,0.3071163945600518
8p13wa1e,Modèle simulé,35,12.0,0.00018769251466436442,0.9020238415948276,25.475195527286832,0.05324026685782416,0.018169336470550503,0.11017007766098812,144.76151632632346,0.02369177113447724,0.03335982920506444,0.025554218190188847,0.13527884799191076,0.2999111837428859
8p13wa1e,Modèle simulé,36,13.0,0.00018451062858745052,0.9076811691810345,28.855789883335877,0.03607534605922587,0.014809456734179422,0.1038529762420161,137.648752381403,0.019980937130106933,0.031596231286246806,0.024337799312212527,0.13004503676142448,0.32051510529385674
8p13wa1e,Modèle simulé,37,,,,,,,,,,,,,
8p13wa1e,Modèle simulé,38,,,,,,,,,,,,,
8p13wa1e,Modèle simulé,39,,,,,,,,,,,,,
8p13wa1e,Modèle simulé,40,,,,,,,,,,,,,
8p13wa1e,Modèle simulé,41,,,,,,,,,,,,,
8p13wa1e,Modèle simulé,42,,,,,,,,,,,,,
8p13wa1e,Modèle simulé,43,,,,,,,,,,,,,
8p13wa1e,Modèle simulé,44,,,,,,,,,,,,,
8p13wa1e,Modèle simulé,45,14.0,0.00018099719094030728,0.8940598060344828,20.38769456100816,0.09563464981443802,0.033805861523182226,0.1104471454846448,155.29316020775494,0.03877253878604749,0.030425052039134197,0.023271648794348933,0.13023680314803734,0.3082369887867035
8p13wa1e,Modèle simulé,46,15.0,0.00017716606765619104,0.9278859105603449,30.43854641013954,0.03006579413750266,0.01201374981359675,0.08094721737092939,106.89621882998898,0.014628080330018339,0.02974271178086344,0.022769814496461906,0.12607116752073297,0.3015089084704717
8p13wa1e,Modèle simulé,47,,,,,,,,,,,,,
8p13wa1e,Modèle simulé,48,,,,,,,,,,,,,
8p13wa1e,Modèle simulé,49,,,,,,,,,,,,,
8p13wa1e,Modèle simulé,50,,,,,,,,,,,,,
8p13wa1e,Modèle simulé,51,,,,,,,,,,,,,
8p13wa1e,Modèle simulé,52,,,,,,,,,,,,,
8p13wa1e,Modèle simulé,53,,,,,,,,,,,,,
8p13wa1e,Modèle simulé,54,,,,,,,,,,,,,
8p13wa1e,Modèle simulé,55,16.0,0.00017303237842843046,0.9227673760775862,25.423684696693787,0.05355694119967939,0.021217834750383066,0.10628547095533075,147.43984317738918,0.026571184460972917,0.030057196190946888,0.02300563343983685,0.12737053085086691,0.3031356515537979
8p13wa1e,Modèle simulé,56,17.0,0.00016861243703990454,0.936944369612069,30.643902618497137,0.02936330046118541,0.014150511200443423,0.07519618486022127,103.55095204174175,0.0162318948624206,0.028690873215404842,0.02224230716148248,0.12159609508055907,0.28962585552890074
8p13wa1e,Modèle simulé,57,18.0,0.00016392368697999463,0.9161503232758621,28.348045587132127,0.03824703036567224,0.01957694206643721,0.09350070691314237,128.08449264677927,0.022643271576741647,0.02628928559840235,0.019989647707527775,0.11913412045209835,0.29104166108573604
8p13wa1e,Modèle simulé,58,19.0,0.0001589846326031011,0.9318763469827587,30.30955098560636,0.030515637747145784,0.013798247219930435,0.08391481226888196,103.96053615031744,0.01624429145635202,0.028473921148026854,0.021930009775405,0.12030322757414263,0.2966009447844619
8p13wa1e,Modèle simulé,59,20.0,0.00015381476610041016,0.9315227640086207,23.534980949521568,0.06656576884249771,0.013993538530736134,0.08460354997680106,100.43409051387395,0.016934439636253077,0.02576696878681198,0.019994427561441548,0.11560708195225805,0.28083552948684776
8p13wa1e,Modèle simulé,60,21.0,0.00014843449057312067,0.940497036637931,32.81827937371879,0.022860516125956874,0.010011082980781794,0.07315271797365155,85.32094939804644,0.012049432779694426,0.02738076037305415,0.021078616042390592,0.11916729521292907,0.3065332531546935
8p13wa1e,Modèle simulé,61,,,,,,,,,,,,,
8p13wa1e,Modèle simulé,62,,,,,,,,,,,,,
8p13wa1e,Modèle simulé,63,,,,,,,,,,,,,
8p13wa1e,Modèle simulé,64,,,,,,,,,,,,,
8p13wa1e,Modèle simulé,65,,,,,,,,,,,,,
8p13wa1e,Modèle simulé,66,,,,,,,,,,,,,
8p13wa1e,Modèle simulé,67,,,,,,,,,,,,,
8p13wa1e,Modèle simulé,68,,,,,,,,,,,,,
8p13wa1e,Modèle simulé,69,22.0,0.00014286503951072474,0.9249562230603449,27.728453622423523,0.04107497605001027,0.014389936924623004,0.08698638361589663,120.8622768362094,0.01803403805363281,0.024185250545095686,0.018582602174809344,0.11324990136373757,0.28241781457367104
8p13wa1e,Modèle simulé,70,23.0,0.00013712839299212547,0.9509024784482759,30.471564356871554,0.02995172103645511,0.009276810053992888,0.0712302512135999,75.79047575986264,0.01130058950391309,0.02467584874258082,0.01861178782633227,0.11246061761282448,0.2856908330104799
8p13wa1e,Modèle simulé,71,,,,,,,,,,,,,
8p13wa1e,Modèle simulé,72,,,,,,,,,,,,,
8p13wa1e,Modèle simulé,73,,,,,,,,,,,,,
8p13wa1e,Modèle simulé,74,,,,,,,,,,,,,
8p13wa1e,Modèle simulé,75,,,,,,,,,,,,,
8p13wa1e,Modèle simulé,76,,,,,,,,,,,,,
8p13wa1e,Modèle simulé,77,,,,,,,,,,,,,
8p13wa1e,Modèle simulé,78,,,,,,,,,,,,,
8p13wa1e,Modèle simulé,79,24.0,0.00013124719094030727,0.9466594827586207,27.404731223634098,0.0426347223249351,0.01118545312884039,0.0814839208434368,79.1016000912578,0.013749025360649002,0.023993259080900595,0.018140817534687936,0.11261681432270595,0.2998680051447999
8p13wa1e,Modèle simulé,80,25.0,0.00012524464377290304,0.9524851831896551,31.567743185091253,0.026400541864428084,0.008879645655317039,0.07227422605300772,77.55779696947309,0.010888456238497948,0.02281684199602813,0.017569668499482237,0.10879546327468677,0.2881793334889106
8p13wa1e,Modèle simulé,81,,,,,,,,,,,,,
8p13wa1e,Modèle simulé,82,,,,,,,,,,,,,
8p13wa1e,Modèle simulé,83,,,,,,,,,,,,,
8p13wa1e,Modèle simulé,84,,,,,,,,,,,,,
8p13wa1e,Modèle simulé,85,,,,,,,,,,,,,
8p13wa1e,Modèle simulé,86,,,,,,,,,,,,,
8p13wa1e,Modèle simulé,87,,,,,,,,,,,,,
8p13wa1e,Modèle simulé,88,,,,,,,,,,,,,
8p13wa1e,Modèle simulé,89,26.0,0.00011914444080127963,0.9355132004310345,31.457855246101424,0.026736665193731173,0.011645176367641523,0.0790401618799259,105.83852194786702,0.014447811701945189,0.021863648771411844,0.016785289188767344,0.10514460902056123,0.28192543709634715
8p13wa1e,Modèle simulé,90,27.0,0.0001129706567396483,0.897528286637931,8.200047038190668,0.38904303813696145,0.05282286153142822,0.1071360336038573,164.98195023956555,0.060500881024475754,0.02180612186750031,0.01698355374730423,0.10572537107982187,0.28917657513903755
8p13wa1e,Modèle simulé,91,28.0,0.0001067476566931667,0.9451272898706896,24.95289608553954,0.05653992078961039,0.011859367746089039,0.08421839324050936,96.37951758604382,0.014772917689948246,0.022937940775902353,0.017393661121654715,0.10878592684992358,0.2936021646118572
8p13wa1e,Modèle simulé,92,29.0,0.0001005,0.9376346982758621,29.04043059386015,0.03531656615410749,0.012899926430064029,0.07408705520732649,107.77547377569428,0.01515475729608844,0.021499481943682727,0.01648177394372785,0.10492151566486582,0.2928571115192185
8p13wa1e,Modèle simulé,93,30.0,9.425234330683332e-05,0.9346713362068966,32.805459270917204,0.02289428244923256,0.010857188383695381,0.07825671971358102,116.74170229524151,0.013754978567233374,0.02172576581947824,0.016601499802886676,0.10376469322886223,0.28770902428107387
8p13wa1e,Modèle simulé,94,31.0,8.802934326035174e-05,0.9480738146551724,28.06605637458968,0.03950910404962483,0.009181126855827611,0.06983704248379016,84.13135201430913,0.011033423501869729,0.020530754684383035,0.015901564427404705,0.10147589384617968,0.2843353918347603
8p13wa1e,Modèle simulé,95,32.0,8.18555591987204e-05,0.9527209051724138,29.77460597454219,0.03245410980917678,0.01014198549091816,0.0730536360422085,77.77427370944564,0.012297282461076975,0.02031458466926701,0.015521129842003824,0.10141439095903666,0.2944533680685056
8p13wa1e,Modèle simulé,96,33.0,7.575535622709694e-05,0.9542362607758621,27.973846323635083,0.03993076989701687,0.009458629526840201,0.07059930650324657,78.4286229288328,0.011237088269714651,0.02043149838797175,0.015695925646771986,0.10136908526795033,0.3137469351546377
8p13wa1e,Modèle simulé,97,34.0,6.975280905969277e-05,0.9532260237068966,29.904959725253807,0.03197069031688202,0.00899714223462446,0.06932897775851447,76.09201222153533,0.010693801021010712,0.019448277799205646,0.014859258320628323,0.09924045292676514,0.29602498131302685
8p13wa1e,Modèle simulé,98,,,,,,,,,,,,,
8p13wa1e,Modèle simulé,99,,,,,,,,,,,,,
8p13wa1e,Modèle simulé,100,,,,,,,,,,,,,
8p13wa1e,Modèle simulé,101,,,,,,,,,,,,,
8p13wa1e,Modèle simulé,102,,,,,,,,,,,,,
8p13wa1e,Modèle simulé,103,,,,,,,,,,,,,
8p13wa1e,Modèle simulé,104,,,,,,,,,,,,,
8p13wa1e,Modèle simulé,105,,,,,,,,,,,,,
8p13wa1e,Modèle simulé,106,35.0,6.387160700787457e-05,0.9603313577586207,33.40539690447737,0.021366340973495077,0.007516371913190032,0.06389682855585525,63.83904892901084,0.009085284289101074,0.01948088099861629,0.015239842522602815,0.0977678772730705,0.2947244285645648
8p13wa1e,Modèle simulé,107,,,,,,,,,,,,,
8p13wa1e,Modèle simulé,108,,,,,,,,,,,,,
8p13wa1e,Modèle simulé,109,,,,,,,,,,,,,
8p13wa1e,Modèle simulé,110,,,,,,,,,,,,,
8p13wa1e,Modèle simulé,111,,,,,,,,,,,,,
8p13wa1e,Modèle simulé,112,,,,,,,,,,,,,
8p13wa1e,Modèle simulé,113,,,,,,,,,,,,,
8p13wa1e,Modèle simulé,114,,,,,,,,,,,,,
8p13wa1e,Modèle simulé,115,36.0,5.813496048927527e-05,0.9558694773706896,30.383797316791995,0.030255904044947,0.008654369771930164,0.06544139647278292,67.65684502832384,0.010279022060848516,0.01831993520952379,0.014401515898032066,0.09450722178523867,0.295202770198767
8p13wa1e,Modèle simulé,116,37.0,5.256550942687932e-05,0.9553811961206896,31.705760859510047,0.02598435596104197,0.00819104799904443,0.0663275290922872,77.19609916538292,0.009846562391211247,0.017852821606251165,0.01379525737884717,0.09549991173558256,0.29754464824994403
8p13wa1e,Modèle simulé,117,38.0,4.718523389958981e-05,0.9502794989224138,32.48411051756528,0.02375715734883156,0.010996266252136436,0.067434536742753,91.87554215102305,0.01284168594805845,0.016816635468863268,0.01313889835579082,0.09163170815724084,0.29422787519601673
8p13wa1e,Modèle simulé,118,39.0,4.201536739689893e-05,0.96044921875,32.19439554372659,0.024562932954862414,0.0091627585171754,0.06357666156415281,68.4458989346735,0.010592094478036823,0.01806325789811647,0.013865068063346876,0.0951282004865571,0.3130361682329422
8p13wa1e,Modèle simulé,119,40.0,3.707631302000537e-05,0.9584119073275862,33.522510210558345,0.0210801884724925,0.007386927581231655,0.06314886001677349,67.17761288282648,0.0088764735144274,0.017399300164423693,0.013440737657997215,0.09312704488889784,0.31483461300277304
8p13wa1e,Modèle simulé,120,,,,,,,,,,,,,
8p13wa1e,Modèle simulé,121,,,,,,,,,,,,,
8p13wa1e,Modèle simulé,122,,,,,,,,,,,,,
8p13wa1e,Modèle simulé,123,,,,,,,,,,,,,
8p13wa1e,Modèle simulé,124,,,,,,,,,,,,,
8p13wa1e,Modèle simulé,125,,,,,,,,,,,,,
8p13wa1e,Modèle simulé,126,,,,,,,,,,,,,
8p13wa1e,Modèle simulé,127,,,,,,,,,,,,,
8p13wa1e,Modèle simulé,128,41.0,3.238756296009547e-05,0.9510203394396551,24.96743169547196,0.056445381832050355,0.009489526281711357,0.06812697494852132,79.39286555019822,0.011272000518209976,0.01657567657211907,0.01300169637776975,0.09078899237653638,0.2947587305918718
8p13wa1e,Modèle simulé,129,42.0,2.7967621571569576e-05,0.9645743534482759,28.538490479613987,0.03741756105850214,0.007942543951152214,0.06732266100830045,66.28924911363063,0.009579856880009174,0.015850036842828125,0.012240713770684397,0.09063318944894351,0.29630269014682525
8p13wa1e,Modèle simulé,130,43.0,2.3833932343808982e-05,0.9595063308189655,29.991220646176796,0.0316547558129091,0.007986425695105874,0.0662241075830213,62.887677237198865,0.009566138562714231,0.015621536888946325,0.012143338594633417,0.08873698413053639,0.29667687260060227
8p13wa1e,Modèle simulé,131,44.0,2.0002809059692742e-05,0.9606007543103449,27.74118434456664,0.041014817435975424,0.009285813751469913,0.06398416233473811,61.16394625172839,0.010847495916973928,0.01579969063695743,0.012497901200101925,0.08852285027312927,0.28980330787119435
8p13wa1e,Modèle simulé,132,45.0,1.6489371412549524e-05,0.9540847252155172,29.50975452409399,0.03345894737060719,0.009301665624410942,0.067497868990076,71.31821427994518,0.011130959293323344,0.01608234921939926,0.012463051258610228,0.08994094826854192,0.3178804656251883
8p13wa1e,Modèle simulé,133,46.0,1.3307485335635575e-05,0.9601798221982759,32.28037681098097,0.024320984975674906,0.007911116173812028,0.06527815669261176,62.28192705444822,0.009343660886174646,0.015146764058969978,0.011849081308907296,0.08758816514641811,0.29842907747524416
8p13wa1e,Modèle simulé,134,47.0,1.0469708279631076e-05,0.9602303340517241,27.51203377342631,0.04211126730167706,0.009193027753318692,0.06245100857882664,61.88403238578135,0.010568136252976697,0.01543161723141869,0.011902525135451276,0.08927388907943526,0.3125052708718512
8p13wa1e,Modèle simulé,135,48.0,7.987239654118992e-06,0.9599272629310345,33.69699364137318,0.02066095148564084,0.007856721965724537,0.061746456242840864,62.30914948660152,0.009241231106992426,0.014771497235275231,0.011520580768696645,0.08663378162389128,0.3090596816733352
8p13wa1e,Modèle simulé,136,49.0,5.8698766286322235e-06,0.9641534213362069,30.347554724571353,0.03038241305568987,0.008264924407583373,0.06137165478591261,57.84110884220114,0.009624031211795479,0.01469306755038854,0.011514746130276948,0.0862173145620996,0.28940507381135583
8p13wa1e,Modèle simulé,137,50.0,4.125975467701219e-06,0.9615941540948276,29.335677298384695,0.03413627551581333,0.00928226809402735,0.06213475249964615,62.10304617065088,0.01063489252380256,0.014369366638776328,0.011177478907391047,0.08534342290945032,0.30461443053224146
8p13wa1e,Modèle simulé,138,51.0,2.7624185524954723e-06,0.9588496767241379,29.904290594205296,0.031973153323718556,0.007728017328692408,0.06289355957816387,63.4506398605299,0.009132154735511747,0.014789020865518823,0.011585431641095087,0.08685338094384752,0.2950067393736452
8p13wa1e,Modèle simulé,139,52.0,1.7845872192094625e-06,0.9610721982758621,31.73843826626691,0.025886783208853164,0.008822937560235632,0.06325718773336246,61.11941123202787,0.010254673980947199,0.014931033472888745,0.011608763134234354,0.08703954632465656,0.3072729697490966
8p13wa1e,Modèle simulé,140,53.0,1.19634052138698e-06,0.9624191810344828,35.029469658833875,0.01772256251869593,0.006624759841260725,0.06109648300655957,56.63753728569819,0.007946703004939803,0.014908524055002082,0.011706240208517028,0.08600642083164974,0.3131363763450048
8p13wa1e,Modèle simulé,141,,,,,,,,,,,,,
8p13wa1e,Modèle simulé,142,,,,,,,,,,,,,
8p13wa1e,Modèle simulé,143,,,,,,,,,,,,,
8p13wa1e,Modèle simulé,144,,,,,,,,,,,,,
8p13wa1e,Modèle simulé,145,,,,,,,,,,,,,
8p13wa1e,Modèle simulé,146,,,,,,,,,,,,,
8p13wa1e,Modèle simulé,147,,,,,,,,,,,,,
8p13wa1e,Modèle simulé,148,,,,,,,,,,,,,
8p13wa1e,Modèle simulé,149,54.0,0.0002,0.8842268318965517,7.639785663404637,0.41496428233781346,0.0706747531377036,0.1269918319223256,191.0577116770131,0.08232884309736305,0.024073726382170223,0.018575034679399215,0.10878201983232275,0.3244216360597529
8p13wa1e,Modèle simulé,150,55.0,0.00019980365947861302,0.9464237607758621,26.199640464211488,0.04897990932454954,0.009907247466516906,0.07214138438475542,89.71653719935911,0.012170091287457737,0.023826586480578806,0.018326140828749053,0.10865173620991728,0.30197104544211656
8p13wa1e,Modèle simulé,151,56.0,0.00019921541278079057,0.9393521012931034,31.629966259131056,0.026212092208628225,0.010398701732528621,0.07270851872604468,109.98553192296207,0.01235570339486003,0.022899203014392883,0.01786298721901372,0.10405248422653247,0.30953570385264534
8p13wa1e,Modèle simulé,152,57.0,0.00019823758144750454,0.9346039870689655,30.65562664160364,0.029323693259468635,0.011543321310831555,0.07943454063658056,124.95072253505316,0.014800653439657441,0.02303396616704189,0.017780350258526128,0.1056028031385862,0.3020952624770311
8p13wa1e,Modèle simulé,153,58.0,0.0001968740245322988,0.9278353987068966,28.3101719761984,0.03841416532940487,0.014522309382927829,0.08696454467958417,103.48748785240771,0.01725945351966496,0.021864850101912886,0.017071653595273822,0.10191440356210765,0.2951392993076235
8p13wa1e,Modèle simulé,154,59.0,0.0001951301233713678,0.9447231950431034,32.6754503496313,0.02323953759604324,0.01051319388929626,0.0779953592553221,94.1450628766123,0.012938589532056758,0.022611059964849398,0.017195637769694638,0.10569915014645483,0.30597401464701723
8p13wa1e,Modèle simulé,155,60.0,0.000193012760345881,0.9493197737068966,28.543290148454943,0.03739689048831484,0.011093481251134955,0.07541776332875778,104.81667047678732,0.013029269954382345,0.02105380843879066,0.016150746777112413,0.10199294968420623,0.28507993284326333
8p13wa1e,Modèle simulé,156,61.0,0.00019053029172036895,0.9551117995689655,30.685817432312177,0.029221945630570532,0.009412812117230275,0.07408077089950957,101.5751781913473,0.011770701324888345,0.0220447578586829,0.016933543977733605,0.10405934334565432,0.28311428930769617
8p13wa1e,Modèle simulé,157,62.0,0.00018769251466436442,0.9494881465517241,28.82189423829796,0.03621640082644456,0.01126240768694672,0.07334485894133305,84.08947143227122,0.013997129726641137,0.02097033815155936,0.016001595789168634,0.10195054339929524,0.28631738127551526
8p13wa1e,Modèle simulé,158,63.0,0.00018451062858745052,0.9529734644396551,32.505024863341134,0.023700022419133344,0.008495942561020112,0.06574016706696872,80.82904295410661,0.010017322472714144,0.021306593870568987,0.0163053954179343,0.10076141368565905,0.28411918353193844
8p13wa1e,Modèle simulé,159,64.0,0.00018099719094030728,0.935614224137931,30.58176084112151,0.029574128662471683,0.01587190409993817,0.07780416502520957,108.7741542211605,0.018411601765145516,0.020294988205513127,0.015846261541701406,0.09759578917525773,0.27908309682821614
8p13wa1e,Modèle simulé,160,65.0,0.00017716606765619104,0.9325161637931034,30.987812277222066,0.028223403589611777,0.013751235678149709,0.07874587062617829,113.07017642096278,0.016517986447132867,0.019931792922349822,0.015583259547049673,0.09754196317213723,0.2944204302297698
8p13wa1e,Modèle simulé,161,66.0,0.00017303237842843046,0.9244342672413793,27.815180109967915,0.04066689313626976,0.019716912655737894,0.09412145010870078,150.6222698833167,0.024671613174522745,0.020210465165571526,0.015782173321001295,0.09755393268906662,0.30077587138129097
8p13wa1e,Modèle simulé,162,67.0,0.00016861243703990454,0.9541857489224138,31.879644930081138,0.025469343664216815,0.009025719081019533,0.06437390271959634,91.576275957773,0.01047911409866707,0.019406940111428753,0.014926035733272633,0.0961390328553752,0.28885501957474613
8p13wa1e,Modèle simulé,163,68.0,0.00016392368697999463,0.9562904094827587,30.749725206746,0.029007729682489936,0.00920736193978067,0.06628106945547564,75.054532420727,0.010724731110807123,0.01847579599254661,0.014116004640714098,0.0968808176744188,0.28622607960023433
8p13wa1e,Modèle simulé,164,,,,,,,,,,,,,
8p13wa1e,Modèle simulé,165,,,,,,,,,,,,,
8p13wa1e,Modèle simulé,166,,,,,,,,,,,,,
8p13wa1e,Modèle simulé,167,,,,,,,,,,,,,
01bdn81w,Modèle résiduel normalisé,0,1.0,2e-05,0.7397566376061275,5.929685711503971,0.5052609268698729,0.053041960594469105,0.2309244912246178,234.33151301627433,0.06928421749637045,0.099756979295968,0.0642426679085972,0.32984974451808846,0.41212205381857026
01bdn81w,Modèle résiduel normalisé,1,,,,,,,,,,,,,
01bdn81w,Modèle résiduel normalisé,2,,,,,,,,,,,,,
01bdn81w,Modèle résiduel normalisé,3,,,,,,,,,,,,,
01bdn81w,Modèle résiduel normalisé,4,,,,,,,,,,,,,
01bdn81w,Modèle résiduel normalisé,5,,,,,,,,,,,,,
01bdn81w,Modèle résiduel normalisé,6,,,,,,,,,,,,,
01bdn81w,Modèle résiduel normalisé,7,,,,,,,,,,,,,
01bdn81w,Modèle résiduel normalisé,8,,,,,,,,,,,,,
01bdn81w,Modèle résiduel normalisé,9,2.0,7.999999999999999e-05,0.7880679040119566,27.313249271961162,0.04308613485437106,0.023154978255002664,0.1381022203071364,172.4631898670019,0.03043535814203065,0.03923051805896127,0.0285502292900386,0.16838077411182925,0.20808279749929395
01bdn81w,Modèle résiduel normalisé,10,,,,,,,,,,,,,
01bdn81w,Modèle résiduel normalisé,11,,,,,,,,,,,,,
01bdn81w,Modèle résiduel normalisé,12,,,,,,,,,,,,,
01bdn81w,Modèle résiduel normalisé,13,,,,,,,,,,,,,
01bdn81w,Modèle résiduel normalisé,14,,,,,,,,,,,,,
01bdn81w,Modèle résiduel normalisé,15,,,,,,,,,,,,,
01bdn81w,Modèle résiduel normalisé,16,,,,,,,,,,,,,
01bdn81w,Modèle résiduel normalisé,17,,,,,,,,,,,,,
01bdn81w,Modèle résiduel normalisé,18,3.0,0.00014,0.8084677868875964,28.54342407692353,0.037396313866935975,0.020238349374769062,0.11555440364212825,152.9228031163125,0.025372410706918817,0.03132222321393908,0.02340084558718989,0.1413294017696992,0.16593254838361698
01bdn81w,Modèle résiduel normalisé,19,,,,,,,,,,,,,
01bdn81w,Modèle résiduel normalisé,20,,,,,,,,,,,,,
01bdn81w,Modèle résiduel normalisé,21,,,,,,,,,,,,,
01bdn81w,Modèle résiduel normalisé,22,,,,,,,,,,,,,
01bdn81w,Modèle résiduel normalisé,23,,,,,,,,,,,,,
01bdn81w,Modèle résiduel normalisé,24,,,,,,,,,,,,,
01bdn81w,Modèle résiduel normalisé,25,,,,,,,,,,,,,
01bdn81w,Modèle résiduel normalisé,26,,,,,,,,,,,,,
01bdn81w,Modèle résiduel normalisé,27,4.0,0.0002,0.8080675067572758,28.190776981318287,0.0389458467808017,0.02108391123855936,0.12169735930089293,149.898958497774,0.02660644574668901,0.02972122771331133,0.022371231554410398,0.13460547846351933,0.13609302196747217
01bdn81w,Modèle résiduel normalisé,28,5.0,0.00019980365947861302,0.8278400897979736,28.86367123818967,0.03604262705621374,0.018886440112416088,0.1100077456955252,136.26971458684903,0.02371035773178627,0.02780727081351046,0.021210506220117338,0.12686604178614086,0.11655481610224287
01bdn81w,Modèle résiduel normalisé,29,,,,,,,,,,,,,
01bdn81w,Modèle résiduel normalisé,30,,,,,,,,,,,,,
01bdn81w,Modèle résiduel normalisé,31,,,,,,,,,,,,,
01bdn81w,Modèle résiduel normalisé,32,,,,,,,,,,,,,
01bdn81w,Modèle résiduel normalisé,33,,,,,,,,,,,,,
01bdn81w,Modèle résiduel normalisé,34,,,,,,,,,,,,,
01bdn81w,Modèle résiduel normalisé,35,,,,,,,,,,,,,
01bdn81w,Modèle résiduel normalisé,36,,,,,,,,,,,,,
01bdn81w,Modèle résiduel normalisé,37,6.0,0.00019921541278079057,0.8297479892599171,28.668961164095784,0.03685971235809866,0.018569487789324646,0.11099097068453657,141.32688415767012,0.02372097159767973,0.02715941272580471,0.020710616897887144,0.12412549373813164,0.1133901641314101
01bdn81w,Modèle résiduel normalisé,38,7.0,0.00019823758144750454,0.8383707527456612,29.115963777406066,0.03501078198911986,0.01777263168759387,0.10729426107016103,142.164816059206,0.022636931196882808,0.026140013590264015,0.020092335147544358,0.12025160883736406,0.10539903095326363
01bdn81w,Modèle résiduel normalisé,39,,,,,,,,,,,,,
01bdn81w,Modèle résiduel normalisé,40,,,,,,,,,,,,,
01bdn81w,Modèle résiduel normalisé,41,,,,,,,,,,,,,
01bdn81w,Modèle résiduel normalisé,42,,,,,,,,,,,,,
01bdn81w,Modèle résiduel normalisé,43,,,,,,,,,,,,,
01bdn81w,Modèle résiduel normalisé,44,,,,,,,,,,,,,
01bdn81w,Modèle résiduel normalisé,45,,,,,,,,,,,,,
01bdn81w,Modèle résiduel normalisé,46,,,,,,,,,,,,,
01bdn81w,Modèle résiduel normalisé,47,8.0,0.0001968740245322988,0.8408793457623186,29.06328936022257,0.035223745289753396,0.017644917239145987,0.10297719633270955,139.81192800430995,0.022249963648360353,0.025993894435401656,0.019904004202948675,0.11904005044036442,0.1077812688313743
01bdn81w,Modèle résiduel normalisé,48,,,,,,,,,,,,,
01bdn81w,Modèle résiduel normalisé,49,,,,,,,,,,,,,
01bdn81w,Modèle résiduel normalisé,50,,,,,,,,,,,,,
01bdn81w,Modèle résiduel normalisé,51,,,,,,,,,,,,,
01bdn81w,Modèle résiduel normalisé,52,,,,,,,,,,,,,
01bdn81w,Modèle résiduel normalisé,53,,,,,,,,,,,,,
01bdn81w,Modèle résiduel normalisé,54,,,,,,,,,,,,,
01bdn81w,Modèle résiduel normalisé,55,,,,,,,,,,,,,
01bdn81w,Modèle résiduel normalisé,56,9.0,0.0001951301233713678,0.8422363893739109,28.62202271009101,0.037059441026208104,0.018230375769580233,0.10772255217206889,146.4633891294623,0.023313416264437396,0.026146585177470986,0.019990344289053455,0.1200348407857948,0.11614935864240696
01bdn81w,Modèle résiduel normalisé,57,10.0,0.000193012760345881,0.8279993965707976,23.98330877603433,0.0632170988233992,0.025167197310205162,0.1311031549141325,176.7959857719245,0.0319951409795161,0.02578316204265779,0.019706966144502416,0.1189527351122636,0.10376813323197202
01bdn81w,Modèle résiduel normalisé,58,11.0,0.00019053029172036895,0.8437566305028981,28.870918159543862,0.03601256805687038,0.018026501197239447,0.10472860238675413,138.9556019611229,0.02265291433010636,0.025274987706643902,0.019467923985236984,0.11667838972857875,0.10065502477570987
01bdn81w,Modèle résiduel normalisé,59,12.0,0.00018769251466436442,0.8469162768331068,28.844902004330567,0.03612059534309255,0.017668704245367955,0.10499993056572716,140.46306908452675,0.022716715032684392,0.02549391833301156,0.01956602780578228,0.11729442328214645,0.11305648359095949
01bdn81w,Modèle résiduel normalisé,60,13.0,0.00018451062858745052,0.8606090196247759,29.73944935073896,0.032585735834783275,0.01631487543084498,0.0951645399989753,132.08437006736247,0.020274082455655623,0.02446491754032735,0.018982223008210078,0.11310156648102988,0.09463282513758565
01bdn81w,Modèle résiduel normalisé,61,,,,,,,,,,,,,
01bdn81w,Modèle résiduel normalisé,62,,,,,,,,,,,,,
01bdn81w,Modèle résiduel normalisé,63,,,,,,,,,,,,,
01bdn81w,Modèle résiduel normalisé,64,,,,,,,,,,,,,
01bdn81w,Modèle résiduel normalisé,65,,,,,,,,,,,,,
01bdn81w,Modèle résiduel normalisé,66,,,,,,,,,,,,,
01bdn81w,Modèle résiduel normalisé,67,,,,,,,,,,,,,
01bdn81w,Modèle résiduel normalisé,68,,,,,,,,,,,,,
01bdn81w,Modèle résiduel normalisé,69,14.0,0.00018099719094030728,0.8506118264691583,29.353818035582893,0.03406505529424588,0.01706023379389582,0.10049094118434808,136.17372994299873,0.021640728613169027,0.024053012697487816,0.018722268880114086,0.11115366602555299,0.0901660915527843
01bdn81w,Modèle résiduel normalisé,70,15.0,0.00017716606765619104,0.8557160188411844,28.74675546917866,0.03653105600299254,0.01759547775547052,0.09967019254791326,137.93465070377232,0.021867422547576756,0.02510100982000685,0.01927751948674902,0.11548598820709774,0.10868198913323064
01bdn81w,Modèle résiduel normalisé,71,16.0,0.00017303237842843046,0.8567568865315668,29.217860781495304,0.03460245885630575,0.01740061578437172,0.10162202615676255,131.91692890245403,0.021653052579996914,0.024261713843856357,0.0187827699427676,0.1123173781312429,0.09776338086360031
01bdn81w,Modèle résiduel normalisé,72,17.0,0.00016861243703990454,0.8584308336521017,29.35846778189052,0.03404682440675024,0.01686332326639315,0.09807404207772222,133.08387102121978,0.02085266702262492,0.023854155296412032,0.018554246264040217,0.11075624062592147,0.09551606677536272
01bdn81w,Modèle résiduel normalisé,73,18.0,0.00016392368697999463,0.865769766528031,29.822479195014356,0.032275727509975184,0.015803151603402763,0.09343209246109271,135.16731244984584,0.019887665029743623,0.023699973753661428,0.01842033601580904,0.11011041321942949,0.10378192925555074
01bdn81w,Modèle résiduel normalisé,74,,,,,,,,,,,,,
01bdn81w,Modèle résiduel normalisé,75,,,,,,,,,,,,,
01bdn81w,Modèle résiduel normalisé,76,,,,,,,,,,,,,
01bdn81w,Modèle résiduel normalisé,77,,,,,,,,,,,,,
01bdn81w,Modèle résiduel normalisé,78,,,,,,,,,,,,,
01bdn81w,Modèle résiduel normalisé,79,,,,,,,,,,,,,
01bdn81w,Modèle résiduel normalisé,80,,,,,,,,,,,,,
01bdn81w,Modèle résiduel normalisé,81,,,,,,,,,,,,,
01bdn81w,Modèle résiduel normalisé,82,19.0,0.0001589846326031011,0.8581818650508749,28.957739693043216,0.03565439038677885,0.017075379892926793,0.09996074733549151,138.18872251385272,0.021405120572910226,0.023440557508132398,0.018280767529215824,0.1085890029103328,0.09708615799999645
01bdn81w,Modèle résiduel normalisé,83,20.0,0.00015381476610041016,0.8568755902093033,28.964431748834926,0.03562693099137721,0.017430455648693544,0.1012264168981848,140.1857084668136,0.021898805709748434,0.023303399594803143,0.018164788898176108,0.10786315582246862,0.10070763798987764
01bdn81w,Modèle résiduel normalisé,84,21.0,0.00014843449057312067,0.8675119404135079,29.561141987202085,0.03326158193765812,0.016420505427081008,0.09503716757071429,131.71345622177668,0.020363069556910415,0.02339323508577087,0.01827028737220372,0.10880133032034604,0.09256220766558097
01bdn81w,Modèle résiduel normalisé,85,22.0,0.00014286503951072474,0.8601708946556881,28.974371734833483,0.03558618345066971,0.016804249057995862,0.09673569467047165,133.34816874681817,0.020823462480871843,0.0230443637069856,0.01803874484717082,0.10697246524385917,0.08986612761186229
01bdn81w,Modèle résiduel normalisé,86,23.0,0.00013712839299212547,0.8772615954793733,29.93442641596467,0.03186241421490752,0.015257856198425951,0.08997861604238379,122.1918346570999,0.019038299869360596,0.022814273547667723,0.017852078816797744,0.10606827841609971,0.09366982309227316
01bdn81w,Modèle résiduel normalisé,87,,,,,,,,,,,,,
01bdn81w,Modèle résiduel normalisé,88,,,,,,,,,,,,,
01bdn81w,Modèle résiduel normalisé,89,,,,,,,,,,,,,
01bdn81w,Modèle résiduel normalisé,90,,,,,,,,,,,,,
01bdn81w,Modèle résiduel normalisé,91,,,,,,,,,,,,,
01bdn81w,Modèle résiduel normalisé,92,,,,,,,,,,,,,
01bdn81w,Modèle résiduel normalisé,93,,,,,,,,,,,,,
01bdn81w,Modèle résiduel normalisé,94,,,,,,,,,,,,,
01bdn81w,Modèle résiduel normalisé,95,24.0,0.00013124719094030727,0.8706240099051903,29.918246870264834,0.03192182089006747,0.015537089603985178,0.09138665425366368,128.40781710269644,0.019393914122262906,0.02244345935730216,0.017652032940656457,0.10401594189879222,0.0920636175184423
01bdn81w,Modèle résiduel normalisé,96,25.0,0.00012524464377290304,0.8664876407590406,29.65518756610365,0.03290338822396413,0.016046914721614326,0.09447865534959168,129.7951333597518,0.020017840995870787,0.023616134642790526,0.018339801527973678,0.11001037978208981,0.10811492289679173
01bdn81w,Modèle résiduel normalisé,97,26.0,0.00011914444080127963,0.8733229883785906,29.799018664833277,0.032363021873133876,0.01594348010960324,0.09259306677970393,127.03571013865647,0.019671450497518325,0.022618489467308052,0.017775571801596217,0.10556588595748967,0.09354817486790001
01bdn81w,Modèle résiduel normalisé,98,27.0,0.0001129706567396483,0.8713409510152094,29.85730558505348,0.03214657590009242,0.0161214974419824,0.09363980938134522,131.4829667162583,0.020079070894882596,0.022306886203109454,0.017596902393409584,0.10410905979637407,0.09412708044306844
01bdn81w,Modèle résiduel normalisé,99,28.0,0.0001067476566931667,0.874403530153735,29.82443472282935,0.03226846182031887,0.01627113056722386,0.0961602178627047,133.71760517066278,0.020410680790142768,0.022266427584342722,0.01749262784042547,0.10390655145558536,0.10353985950987563
01bdn81w,Modèle résiduel normalisé,100,29.0,0.0001005,0.8763152813089305,29.878412628705846,0.03206855332984908,0.015287315151814756,0.08971087583180132,127.15862929857165,0.019064306474194444,0.02224958191315333,0.017547916139388442,0.10425340358772849,0.09871285509031552
01bdn81w,Modèle résiduel normalisé,101,30.0,9.425234330683332e-05,0.8724665148504849,29.81105254814061,0.032318215504948754,0.016344342669793243,0.09331288355691679,128.53840709976683,0.020155544328535425,0.021963558645329923,0.01731791079410503,0.1027619388177354,0.0964135012915756
01bdn81w,Modèle résiduel normalisé,102,31.0,8.802934326035174e-05,0.8724194744537617,29.95073859273792,0.031802632474986374,0.0159107095979411,0.09265611423500653,126.0527500795752,0.01978732953811514,0.021371261129139833,0.016982031556276176,0.09962818188927113,0.0938306827034451
01bdn81w,Modèle résiduel normalisé,103,32.0,8.18555591987204e-05,0.8702420551201393,29.920913403515765,0.03191202252330528,0.015888058066625018,0.09354593951640458,131.03849454031507,0.01982285047014212,0.021655219280694284,0.01710932354769136,0.10140852865755048,0.1071481072049365
01bdn81w,Modèle résiduel normalisé,104,33.0,7.575535622709694e-05,0.8666693033843205,29.76076129950474,0.03250588054331767,0.016304674012393786,0.0946499429129321,129.17330409298222,0.02018336335132862,0.021537095001842987,0.017036613263985794,0.1009085473851261,0.10496756451952662
01bdn81w,Modèle résiduel normalisé,105,34.0,6.975280905969277e-05,0.8682027931871086,29.47738752335626,0.03358386100683903,0.01686287921821249,0.0959590462775066,132.08600170937572,0.020794979007593518,0.021308091031307846,0.016888856167435393,0.09962376678346568,0.102449030129828
01bdn81w,Modèle résiduel normalisé,106,35.0,6.387160700787457e-05,0.8771802988545648,30.10125227588049,0.03125628701530739,0.015314618478818187,0.08993629173472009,126.03363933645423,0.018978219736239005,0.021129117562220648,0.016797204581527118,0.09917413952768359,0.102813593374613
01bdn81w,Modèle résiduel normalisé,107,,,,,,,,,,,,,
01bdn81w,Modèle résiduel normalisé,108,,,,,,,,,,,,,
01bdn81w,Modèle résiduel normalisé,109,,,,,,,,,,,,,
01bdn81w,Modèle résiduel normalisé,110,,,,,,,,,,,,,
01bdn81w,Modèle résiduel normalisé,111,,,,,,,,,,,,,
01bdn81w,Modèle résiduel normalisé,112,,,,,,,,,,,,,
01bdn81w,Modèle résiduel normalisé,113,,,,,,,,,,,,,
01bdn81w,Modèle résiduel normalisé,114,,,,,,,,,,,,,
01bdn81w,Modèle résiduel normalisé,115,36.0,5.813496048927527e-05,0.8751413822174072,30.182886412751003,0.03096390165115437,0.01531606077634055,0.09016561032883053,122.13084766271703,0.0190823160047675,0.02079448305293281,0.01659343184895304,0.09740821522079472,0.10002356342589244
01bdn81w,Modèle résiduel normalisé,116,37.0,5.256550942687932e-05,0.8765344722517605,30.243098138028316,0.030749998087368852,0.015221690983864767,0.0882900373945976,124.1127723248484,0.018728694685831153,0.020836306711993158,0.016581994489344776,0.09765709239320877,0.10488989025863826
01bdn81w,Modèle résiduel normalisé,117,,,,,,,,,,,,,
01bdn81w,Modèle résiduel normalisé,118,,,,,,,,,,,,,
01bdn81w,Modèle résiduel normalisé,119,,,,,,,,,,,,,
01bdn81w,Modèle résiduel normalisé,120,,,,,,,,,,,,,
01bdn81w,Modèle résiduel normalisé,121,,,,,,,,,,,,,
01bdn81w,Modèle résiduel normalisé,122,,,,,,,,,,,,,
01bdn81w,Modèle résiduel normalisé,123,,,,,,,,,,,,,
01bdn81w,Modèle résiduel normalisé,124,,,,,,,,,,,,,
01bdn81w,Modèle résiduel normalisé,125,38.0,4.718523389958981e-05,0.871719436398868,30.032362166198943,0.03150517466495134,0.015650705338038248,0.09010061274828582,127.6389095134185,0.019237210813524395,0.02051554986426973,0.016405238196826898,0.09620419868992434,0.10320895887975
01bdn81w,Modèle résiduel normalisé,126,39.0,4.201536739689893e-05,0.8797762167864832,30.216120730671445,0.030845652631364667,0.01509257434899437,0.09016606931028695,121.65192328385419,0.018815053915926094,0.020427034188730594,0.016324424925140846,0.0960226465557885,0.10618579830242018
01bdn81w,Modèle résiduel normalisé,127,40.0,3.707631302000537e-05,0.8839600600045303,30.323018380845767,0.03046836018128496,0.014746139500418613,0.08783357911582651,119.41592069398772,0.018358516025132145,0.0204106019411841,0.01627464859913557,0.09604323613974783,0.10969494639808296
01bdn81w,Modèle résiduel normalisé,128,,,,,,,,,,,,,
01bdn81w,Modèle résiduel normalisé,129,,,,,,,,,,,,,
01bdn81w,Modèle résiduel normalisé,130,,,,,,,,,,,,,
01bdn81w,Modèle résiduel normalisé,131,,,,,,,,,,,,,
01bdn81w,Modèle résiduel normalisé,132,,,,,,,,,,,,,
01bdn81w,Modèle résiduel normalisé,133,,,,,,,,,,,,,
01bdn81w,Modèle résiduel normalisé,134,,,,,,,,,,,,,
01bdn81w,Modèle résiduel normalisé,135,,,,,,,,,,,,,
01bdn81w,Modèle résiduel normalisé,136,41.0,3.238756296009547e-05,0.874772637054838,30.109127382888836,0.031227961182969315,0.015393587407366982,0.09104287650050788,121.33761537337976,0.019130425206546127,0.02033127603144982,0.016270302228120148,0.09545594222971007,0.1114414671006111
01bdn81w,Modèle résiduel normalisé,137,42.0,2.7967621571569576e-05,0.8819835124344662,30.277216138760895,0.030629449621028867,0.014902770808287736,0.08801606631484525,117.99088105647354,0.018406129506384504,0.020022067356790997,0.016027734419888157,0.09426127195867717,0.11021750517444223
01bdn81w,Modèle résiduel normalisé,138,43.0,2.3833932343808982e-05,0.8828076165297936,30.284562704456764,0.03060355404348278,0.014721254689683175,0.08744982874085164,115.44188908322589,0.018303289688352882,0.02000198992064748,0.01601869322391402,0.09432202821167615,0.11603737909060258
01bdn81w,Modèle résiduel normalisé,139,,,,,,,,,,,,,
01bdn81w,Modèle résiduel normalisé,140,,,,,,,,,,,,,
01bdn81w,Modèle résiduel normalisé,141,,,,,,,,,,,,,
01bdn81w,Modèle résiduel normalisé,142,,,,,,,,,,,,,
01bdn81w,Modèle résiduel normalisé,143,,,,,,,,,,,,,
01bdn81w,Modèle résiduel normalisé,144,,,,,,,,,,,,,
01bdn81w,Modèle résiduel normalisé,145,,,,,,,,,,,,,
01bdn81w,Modèle résiduel normalisé,146,,,,,,,,,,,,,
01bdn81w,Modèle résiduel normalisé,147,44.0,2.0002809059692742e-05,0.8794421656378384,30.237756534526543,0.03076891437813395,0.014858696481277203,0.08831016526653848,120.43810056990212,0.018455489121120553,0.019994623652603637,0.01600601736249195,0.09404083099375424,0.11281583324456826
01bdn81w,Modèle résiduel normalisé,148,45.0,1.6489371412549524e-05,0.8823061009933209,30.283311348911965,0.030607963342630357,0.014734399408615869,0.0871215882743227,119.64179247358861,0.018290836074999695,0.02010549375246096,0.016073998804084767,0.0946280172206143,0.11537384394363596
01bdn81w,Modèle résiduel normalisé,149,,,,,,,,,,,,,
01bdn81w,Modèle résiduel normalisé,150,,,,,,,,,,,,,
01bdn81w,Modèle résiduel normalisé,151,,,,,,,,,,,,,
01bdn81w,Modèle résiduel normalisé,152,,,,,,,,,,,,,
01bdn81w,Modèle résiduel normalisé,153,,,,,,,,,,,,,
01bdn81w,Modèle résiduel normalisé,154,,,,,,,,,,,,,
01bdn81w,Modèle résiduel normalisé,155,,,,,,,,,,,,,
01bdn81w,Modèle résiduel normalisé,156,,,,,,,,,,,,,
01bdn81w,Modèle résiduel normalisé,157,46.0,1.3307485335635575e-05,0.8832320755925672,30.299362621776545,0.03055145294239709,0.014808286591593561,0.08702384629126253,119.18716279801612,0.0182971964622366,0.01982652571084153,0.015910361937255178,0.09343729844778521,0.120124613149808
01bdn81w,Modèle résiduel normalisé,158,47.0,1.0469708279631076e-05,0.8807817923611608,30.274677983687322,0.030638401341125474,0.01477775562169223,0.0882381482114052,115.4649588119437,0.018414088107388597,0.019819413769480765,0.015911820400347058,0.09342620217710988,0.11626313770046601
01bdn81w,Modèle résiduel normalisé,159,48.0,7.987239654118992e-06,0.8843601058269369,30.29527240536412,0.030565843118488912,0.014680803368060753,0.08710565559309104,114.868506611786,0.018188048411032248,0.019724969405871935,0.015812253010355763,0.09297188648428673,0.11896652470414455
01bdn81w,Modèle résiduel normalisé,160,,,,,,,,,,,,,
01bdn81w,Modèle résiduel normalisé,161,,,,,,,,,,,,,
01bdn81w,Modèle résiduel normalisé,162,,,,,,,,,,,,,
01bdn81w,Modèle résiduel normalisé,163,,,,,,,,,,,,,
01bdn81w,Modèle résiduel normalisé,164,,,,,,,,,,,,,
01bdn81w,Modèle résiduel normalisé,165,,,,,,,,,,,,,
01bdn81w,Modèle résiduel normalisé,166,,,,,,,,,,,,,
01bdn81w,Modèle résiduel normalisé,167,,,,,,,,,,,,,
01bdn81w,Modèle résiduel normalisé,168,49.0,5.8698766286322235e-06,0.8822907908209439,30.323024244941273,0.030468339611220047,0.014714703445547614,0.08744738405120783,115.14702276174597,0.018244744150032258,0.019584413665609483,0.01574627572718339,0.09239255429969893,0.11723405137084998
01bdn81w,Modèle résiduel normalisé,169,50.0,4.125975467701219e-06,0.8805647533515404,30.29815143178565,0.030555713437939624,0.014811044976372143,0.08846733757647975,117.06112354541504,0.01839534610766789,0.01953987731064996,0.015758148064184137,0.09198369085788727,0.11773364261811615
01bdn81w,Modèle résiduel normalisé,170,51.0,2.7624185524954723e-06,0.8849926405939562,30.37789903283575,0.0302764567490258,0.014692429164103392,0.08669239590907919,113.39212427380875,0.0181467950922148,0.019567784268217973,0.01578845728475314,0.09224885224531858,0.11771876845731695
01bdn81w,Modèle résiduel normalisé,171,,,,,,,,,,,,,
01bdn81w,Modèle résiduel normalisé,172,,,,,,,,,,,,,
01bdn81w,Modèle résiduel normalisé,173,,,,,,,,,,,,,
01bdn81w,Modèle résiduel normalisé,174,,,,,,,,,,,,,
01bdn81w,Modèle résiduel normalisé,175,,,,,,,,,,,,,
01bdn81w,Modèle résiduel normalisé,176,,,,,,,,,,,,,
01bdn81w,Modèle résiduel normalisé,177,,,,,,,,,,,,,
01bdn81w,Modèle résiduel normalisé,178,,,,,,,,,,,,,
01bdn81w,Modèle résiduel normalisé,179,52.0,1.7845872192094625e-06,0.8824889988734804,30.324534529560772,0.030463042299571644,0.014724739024351383,0.08795032007940884,114.71537897982252,0.018272171246594394,0.01967047893991455,0.015811085609448515,0.09253380902939373,0.11589097457062533
01bdn81w,Modèle résiduel normalisé,180,53.0,1.19634052138698e-06,0.8862698612541988,30.392116844474792,0.030226938178311086,0.014567939757273114,0.08632893821802633,113.46212403422028,0.018019782539842457,0.01949773972822178,0.015720790339649744,0.09175027962614837,0.11711777920205878
01bdn81w,Modèle résiduel normalisé,181,,,,,,,,,,,,,
01bdn81w,Modèle résiduel normalisé,182,,,,,,,,,,,,,
01bdn81w,Modèle résiduel normalisé,183,,,,,,,,,,,,,
01bdn81w,Modèle résiduel normalisé,184,,,,,,,,,,,,,
01bdn81w,Modèle résiduel normalisé,185,,,,,,,,,,,,,
01bdn81w,Modèle résiduel normalisé,186,,,,,,,,,,,,,
01bdn81w,Modèle résiduel normalisé,187,,,,,,,,,,,,,
01bdn81w,Modèle résiduel normalisé,188,,,,,,,,,,,,,
01bdn81w,Modèle résiduel normalisé,189,54.0,0.0002,0.8634814661124657,28.552299404240415,0.03735812146225121,0.017285172153135825,0.09729875033271723,143.5640331628943,0.021484667949121575,0.022640424171605937,0.01766062889677974,0.10555056348825112,0.12088833898942694
01bdn81w,Modèle résiduel normalisé,190,55.0,0.00019980365947861302,0.8419846645716963,28.21541394666299,0.03883553591886871,0.019616926731220608,0.11941745427661929,148.55168238574694,0.025834293554312195,0.022099049379810307,0.01728805124711914,0.10355572978782858,0.11152460236643624
01bdn81w,Modèle résiduel normalisé,191,56.0,0.00019921541278079057,0.8671564500907372,29.178029338343286,0.03476150196735918,0.01725562337529043,0.09924926249117687,129.82055450300098,0.02127182066183666,0.02266232764475748,0.01775226384226201,0.106350901353563,0.10574864656624632
01bdn81w,Modèle résiduel normalisé,192,57.0,0.00019823758144750454,0.858327748446629,28.265453806742187,0.03861244561941417,0.017562918943063967,0.09904584185830478,151.00467293621787,0.022386184251257057,0.021786897395474788,0.01711354831345061,0.10230794322923717,0.10150900701236011
01bdn81w,Modèle résiduel normalisé,193,58.0,0.0001968740245322988,0.875072366204755,29.483590482178027,0.03355988592213306,0.016370520316835106,0.09346432906800303,128.36384019288457,0.020397927772639126,0.02172454159993392,0.017135946450229637,0.10183730024175766,0.1025623908568906
01bdn81w,Modèle résiduel normalisé,194,59.0,0.0001951301233713678,0.8758936914904364,29.827477288789108,0.03225716053350316,0.01569233359447841,0.09250697056794989,124.03256844645765,0.01964603807648708,0.021503780697846513,0.016943491151572294,0.10085338479879065,0.09962044715180866
01bdn81w,Modèle résiduel normalisé,195,60.0,0.000193012760345881,0.8699690925663915,29.088004975133515,0.03512365892831306,0.017569722318700676,0.1002695062037172,136.3890475752297,0.021907401881341278,0.021019148226413462,0.016693235056586247,0.09832927925337075,0.09631908395224148
01bdn81w,Modèle résiduel normalisé,196,61.0,0.00019053029172036895,0.8770235571367987,30.02057672162897,0.031547951458109194,0.0154147667424946,0.08975077356243956,125.6006205438393,0.019044824394172634,0.021751264345028207,0.017077264399864733,0.10253881191850728,0.10216104291761532
01bdn81w,Modèle résiduel normalisé,197,62.0,0.00018769251466436442,0.8688766894669369,29.554579668400237,0.03328672105278449,0.016939664002636384,0.09659826549990423,129.1965585387685,0.02086400577862715,0.021293567230877202,0.016791579094675615,0.09961369856555238,0.0989648807220734
01bdn81w,Modèle résiduel normalisé,198,63.0,0.00018451062858745052,0.8835013837649904,30.175383012988757,0.030990661709504864,0.0148380892030124,0.08978343909156733,118.80318347633796,0.018632415007671405,0.0211199458139256,0.016711523648924552,0.09961679440915075,0.10493556597930753
01bdn81w,Modèle résiduel normalisé,199,64.0,0.00018099719094030728,0.8752706914112486,29.892929387306026,0.03201500180419409,0.015569707956807366,0.09074503877039614,124.48412778486036,0.019278033540166658,0.021655226233773507,0.01709041755614627,0.10142606439498755,0.09950267746407762
01bdn81w,Modèle résiduel normalisé,200,65.0,0.00017716606765619104,0.8804101985076378,29.77645132798374,0.032447215530719595,0.015761527843002617,0.09003198095436754,127.0674347706991,0.019446675087614305,0.02123972385500868,0.016732561270682476,0.09899529717607886,0.10061312949237151
01bdn81w,Modèle résiduel normalisé,201,66.0,0.00017303237842843046,0.8543263365482462,28.677055993378332,0.03682537688989593,0.018348107820954817,0.10593971160465274,143.9906888831082,0.02290181227927578,0.021266294746763177,0.01669794976169992,0.09969976797508888,0.11160388958250356
01bdn81w,Modèle résiduel normalisé,202,67.0,0.00016861243703990454,0.8790697270426256,30.016903969665126,0.03156129405233904,0.015402368366204459,0.09065247956534912,126.8968554984944,0.01921284590558759,0.02123498311266303,0.016780440289622698,0.10027040848428877,0.09540983103215694
01bdn81w,Modèle résiduel normalisé,203,68.0,0.00016392368697999463,0.8858786060892302,30.22540397831922,0.030812703229727133,0.014806809610333937,0.08806577941467023,118.54789719332307,0.018426099503091698,0.02084304237913372,0.0164789153684854,0.09789076485694984,0.09884685839916396
01bdn81w,Modèle résiduel normalisé,204,,,,,,,,,,,,,
01bdn81w,Modèle résiduel normalisé,205,,,,,,,,,,,,,
01bdn81w,Modèle résiduel normalisé,206,,,,,,,,,,,,,
01bdn81w,Modèle résiduel normalisé,207,,,,,,,,,,,,,
9knzit7w,Modèle filtered after,0,1.0,2e-05,0.6447305418550968,11.715921634804317,0.2595397716889161,0.05808077100664377,0.2525062635540962,875.3355388488886,0.07846744230482727,0.13307508177334262,0.08284581409046246,0.4084747844646054,0.48222341634813815
9knzit7w,Modèle filtered after,1,,,,,,,,,,,,,
9knzit7w,Modèle filtered after,2,,,,,,,,,,,,,
9knzit7w,Modèle filtered after,3,,,,,,,,,,,,,
9knzit7w,Modèle filtered after,4,,,,,,,,,,,,,
9knzit7w,Modèle filtered after,5,,,,,,,,,,,,,
9knzit7w,Modèle filtered after,6,,,,,,,,,,,,,
9knzit7w,Modèle filtered after,7,,,,,,,,,,,,,
9knzit7w,Modèle filtered after,8,,,,,,,,,,,,,
9knzit7w,Modèle filtered after,9,2.0,7.999999999999999e-05,0.7369033508002758,22.929871931247963,0.07136847279407968,0.03516188112553209,0.1468484103679657,635.0924843940934,0.04275482619414106,0.062495696899150646,0.042663508177464525,0.2330971870931887,0.33518495921406055
9knzit7w,Modèle filtered after,10,,,,,,,,,,,,,
9knzit7w,Modèle filtered after,11,,,,,,,,,,,,,
9knzit7w,Modèle filtered after,12,,,,,,,,,,,,,
9knzit7w,Modèle filtered after,13,,,,,,,,,,,,,
9knzit7w,Modèle filtered after,14,,,,,,,,,,,,,
9knzit7w,Modèle filtered after,15,,,,,,,,,,,,,
9knzit7w,Modèle filtered after,16,,,,,,,,,,,,,
9knzit7w,Modèle filtered after,17,,,,,,,,,,,,,
9knzit7w,Modèle filtered after,18,3.0,0.00014,0.7292212713509798,22.77998498161101,0.07261072129140521,0.03542972024297342,0.1463321561459452,646.0203141398471,0.04338858061237261,0.05249040534028843,0.036735281588569764,0.20522743235191993,0.27176387821354214
9knzit7w,Modèle filtered after,19,4.0,0.0002,0.7199366316199303,22.536975685454696,0.07467087074760262,0.0371861862950027,0.15835066745057702,692.9007211120112,0.04568169976118952,0.05100743383950283,0.03556122265065149,0.20124701617826377,0.2441918008750485
9knzit7w,Modèle filtered after,20,5.0,0.00019980365947861302,0.7453812025487423,23.088199112999316,0.07007934666616013,0.03554753039497882,0.14777431264519691,641.9757489769855,0.042992540111299604,0.05011812549444937,0.03492815277328895,0.19861742932229273,0.21785506032287114
9knzit7w,Modèle filtered after,21,6.0,0.00019921541278079057,0.7657195497304201,22.760309592201832,0.07277538646566152,0.036180993367452174,0.1399989544879645,657.5275302632614,0.043444139359053224,0.04784291522998002,0.03388031011056756,0.190988780780425,0.21117142281464993
9knzit7w,Modèle filtered after,22,7.0,0.00019823758144750454,0.7461310233920813,21.828227898714307,0.08101932210078107,0.03925302519928664,0.16136357188224792,652.7311406959866,0.049378189141862094,0.04613681866847459,0.0329118060143364,0.18514871188709814,0.1890306659343262
9knzit7w,Modèle filtered after,23,8.0,0.0001968740245322988,0.787623630836606,23.057415171667294,0.07032815778600081,0.03450062480987981,0.13765385677106678,618.1776892499572,0.04134289512876421,0.044780352122841344,0.032035325834107016,0.18087038370750605,0.1765454629015538
9knzit7w,Modèle filtered after,24,,,,,,,,,,,,,
9knzit7w,Modèle filtered after,25,,,,,,,,,,,,,
9knzit7w,Modèle filtered after,26,,,,,,,,,,,,,
9knzit7w,Modèle filtered after,27,,,,,,,,,,,,,
9knzit7w,Modèle filtered after,28,,,,,,,,,,,,,
9knzit7w,Modèle filtered after,29,,,,,,,,,,,,,
9knzit7w,Modèle filtered after,30,,,,,,,,,,,,,
9knzit7w,Modèle filtered after,31,,,,,,,,,,,,,
9knzit7w,Modèle filtered after,32,9.0,0.0001951301233713678,0.77121152728796,21.949641158395174,0.079894694801389,0.039010198903270066,0.15349724236875772,631.7736481809559,0.047944195044692606,0.04415810700025289,0.03146768611435208,0.17927050981069764,0.17383850702354986
9knzit7w,Modèle filtered after,33,10.0,0.000193012760345881,0.7463045995682478,23.375291903478377,0.06780089157376709,0.03295370261184871,0.1437012809328735,587.6224432860757,0.040227000252343714,0.04345387639477849,0.03132706597417353,0.1757301913213826,0.17499430639849556
9knzit7w,Modèle filtered after,34,,,,,,,,,,,,,
9knzit7w,Modèle filtered after,35,,,,,,,,,,,,,
9knzit7w,Modèle filtered after,36,,,,,,,,,,,,,
9knzit7w,Modèle filtered after,37,,,,,,,,,,,,,
9knzit7w,Modèle filtered after,38,,,,,,,,,,,,,
9knzit7w,Modèle filtered after,39,,,,,,,,,,,,,
9knzit7w,Modèle filtered after,40,,,,,,,,,,,,,
9knzit7w,Modèle filtered after,41,,,,,,,,,,,,,
9knzit7w,Modèle filtered after,42,11.0,0.00019053029172036895,0.737956315279007,21.79921239944544,0.08129042236157881,0.04053206479875371,0.16398821352049708,651.7318029814107,0.05107607925310731,0.04326789068328517,0.031183328239187118,0.1748175719572652,0.1778629421586952
9knzit7w,Modèle filtered after,43,12.0,0.00018769251466436442,0.7542920615524054,20.583207171513024,0.09350603494008293,0.04471568146254867,0.15324328327551484,708.4923273186087,0.05310648545855656,0.04300089846665581,0.03093885417817341,0.1751147187465141,0.18705539065863816
9knzit7w,Modèle filtered after,44,13.0,0.00018451062858745052,0.7930179890245199,22.13843574909083,0.07817685814294774,0.03735006594797596,0.14041008218191564,637.9135778547961,0.04525219544302672,0.04187845369620669,0.03024396467803707,0.17120817994638796,0.17384095012300438
9knzit7w,Modèle filtered after,45,14.0,0.00018099719094030728,0.7703727036714554,17.425261177644067,0.13450453924738298,0.05577593436464667,0.18366372678428888,692.8425352985088,0.07158151536714286,0.04137718602414093,0.030064954752883604,0.16963622902309702,0.1860077673449151
9knzit7w,Modèle filtered after,46,15.0,0.00017716606765619104,0.754632256925106,20.37219082830509,0.09580550371107728,0.043709329795092344,0.16658073524013162,661.3007485332693,0.05554328561993316,0.04090409329341304,0.029949158542759476,0.16673904897705202,0.17733763116261653
9knzit7w,Modèle filtered after,47,16.0,0.00017303237842843046,0.7995586395263672,23.59594103823323,0.06610022656702094,0.03108282311586663,0.1252482869895175,567.9352847407456,0.037202185194473714,0.04467263067471645,0.03176221881632603,0.18148314219809347,0.22031407686130655
9knzit7w,Modèle filtered after,48,,,,,,,,,,,,,
9knzit7w,Modèle filtered after,49,,,,,,,,,,,,,
9knzit7w,Modèle filtered after,50,,,,,,,,,,,,,
9knzit7w,Modèle filtered after,51,,,,,,,,,,,,,
9knzit7w,Modèle filtered after,52,,,,,,,,,,,,,
9knzit7w,Modèle filtered after,53,,,,,,,,,,,,,
9knzit7w,Modèle filtered after,54,,,,,,,,,,,,,
9knzit7w,Modèle filtered after,55,,,,,,,,,,,,,
9knzit7w,Modèle filtered after,56,17.0,0.00016861243703990454,0.7851606216281652,23.676560315648324,0.06548954667604712,0.030661122465971857,0.12780750030651689,573.0527199612347,0.03666168649215251,0.04177735878845617,0.030054851393816213,0.1706013684912074,0.20178009152051904
9knzit7w,Modèle filtered after,57,,,,,,,,,,,,,
9knzit7w,Modèle filtered after,58,,,,,,,,,,,,,
9knzit7w,Modèle filtered after,59,,,,,,,,,,,,,
9knzit7w,Modèle filtered after,60,,,,,,,,,,,,,
9knzit7w,Modèle filtered after,61,,,,,,,,,,,,,
9knzit7w,Modèle filtered after,62,,,,,,,,,,,,,
9knzit7w,Modèle filtered after,63,,,,,,,,,,,,,
9knzit7w,Modèle filtered after,64,,,,,,,,,,,,,
9knzit7w,Modèle filtered after,65,18.0,0.00016392368697999463,0.777994217351079,22.831459008842923,0.07218169058469133,0.03547534049721435,0.14126651780679822,611.7990608635155,0.042935629084240645,0.04191650929410131,0.03010175097733736,0.1705597200761399,0.1922900824833978
9knzit7w,Modèle filtered after,66,19.0,0.0001589846326031011,0.7741557918488979,22.830601662565787,0.07218881567614015,0.033649111399427056,0.13706776523031294,605.6069665450699,0.04053652624133974,0.04098472624055801,0.029885325332983367,0.16756385477680352,0.18051870512746035
9knzit7w,Modèle filtered after,67,20.0,0.00015381476610041016,0.7758991830050945,23.635926046857456,0.06579663717431544,0.03068560257088393,0.1309974486939609,572.5005263400542,0.03702004160732031,0.03931545822941247,0.028905075997294437,0.16180094178285329,0.16873358211089526
9knzit7w,Modèle filtered after,68,21.0,0.00014843449057312067,0.8207234535366297,23.415667036617037,0.0674864600517154,0.03291847842046991,0.12561793019995093,589.5292188885996,0.038985975028481334,0.039999785367399454,0.02923633928050197,0.16410030484680208,0.19014049474630626
9knzit7w,Modèle filtered after,69,22.0,0.00014286503951072474,0.7938627805560827,23.263127021394993,0.06868211318962193,0.032771175232483074,0.1326447743922472,601.8056339316847,0.039766773697920144,0.03843029302304551,0.028239862813103582,0.15905551447142516,0.17741731734525773
9knzit7w,Modèle filtered after,70,23.0,0.00013712839299212547,0.8053055424243212,23.60466149940585,0.06603389655124497,0.0310402397881262,0.12288722768425941,555.2413844893409,0.03677002841141075,0.03801096329135039,0.0279951372011114,0.15860711053133972,0.18068928289557656
9knzit7w,Modèle filtered after,71,24.0,0.00013124719094030727,0.8107323814183474,23.59395906800941,0.06611531121976248,0.03005032878718339,0.1250398012343794,562.3788950223623,0.03622644272400066,0.03722340902013163,0.027617243400234127,0.15463921779225911,0.18265412979188464
9knzit7w,Modèle filtered after,72,,,,,,,,,,,,,
9knzit7w,Modèle filtered after,73,,,,,,,,,,,,,
9knzit7w,Modèle filtered after,74,,,,,,,,,,,,,
9knzit7w,Modèle filtered after,75,,,,,,,,,,,,,
9knzit7w,Modèle filtered after,76,,,,,,,,,,,,,
9knzit7w,Modèle filtered after,77,,,,,,,,,,,,,
9knzit7w,Modèle filtered after,78,,,,,,,,,,,,,
9knzit7w,Modèle filtered after,79,,,,,,,,,,,,,
9knzit7w,Modèle filtered after,80,25.0,0.00012524464377290304,0.8057093303650618,23.734101163391443,0.06505713620088162,0.02947330556344241,0.12636732775717974,561.7641760752277,0.0359516452299431,0.037260741400983066,0.027550595444476893,0.15427631812710915,0.19737240594000585
9knzit7w,Modèle filtered after,81,,,,,,,,,,,,,
9knzit7w,Modèle filtered after,82,,,,,,,,,,,,,
9knzit7w,Modèle filtered after,83,,,,,,,,,,,,,
9knzit7w,Modèle filtered after,84,,,,,,,,,,,,,
9knzit7w,Modèle filtered after,85,,,,,,,,,,,,,
9knzit7w,Modèle filtered after,86,,,,,,,,,,,,,
9knzit7w,Modèle filtered after,87,,,,,,,,,,,,,
9knzit7w,Modèle filtered after,88,,,,,,,,,,,,,
9knzit7w,Modèle filtered after,89,26.0,0.00011914444080127963,0.8084357362240553,23.245924677917333,0.06881827241953292,0.033831829612609,0.12384797725826502,564.9825501625376,0.0398825352312997,0.03759759803482842,0.02779929067624072,0.15643910018186416,0.19192890849925817
9knzit7w,Modèle filtered after,90,27.0,0.0001129706567396483,0.799777440726757,23.748026228701686,0.06495292130583627,0.029433257441269234,0.12368821050040424,568.1808491089871,0.03548829103237949,0.03646357184005601,0.027046966588034505,0.15269602051064854,0.19325879165121623
9knzit7w,Modèle filtered after,91,,,,,,,,,,,,,
9knzit7w,Modèle filtered after,92,,,,,,,,,,,,,
9knzit7w,Modèle filtered after,93,,,,,,,,,,,,,
9knzit7w,Modèle filtered after,94,,,,,,,,,,,,,
9knzit7w,Modèle filtered after,95,,,,,,,,,,,,,
9knzit7w,Modèle filtered after,96,,,,,,,,,,,,,
9knzit7w,Modèle filtered after,97,,,,,,,,,,,,,
9knzit7w,Modèle filtered after,98,,,,,,,,,,,,,
9knzit7w,Modèle filtered after,99,28.0,0.0001067476566931667,0.8266334477812052,23.435968006072212,0.0673289124873232,0.03153921457123943,0.12001228402368724,566.3177758208034,0.03755796671612188,0.03578562280463596,0.026673885764584186,0.14983621585152804,0.19630897417664528
9knzit7w,Modèle filtered after,100,29.0,0.0001005,0.8138135652989149,23.60512201754385,0.06603039558563117,0.030512428551446646,0.12202395522035658,554.3101556913923,0.03658327093580738,0.03539843814477565,0.02637470163960731,0.14821032380625124,0.18696730671029899
9knzit7w,Modèle filtered after,101,30.0,9.425234330683332e-05,0.8143551275134087,23.755082928686413,0.0649001728646615,0.028646188729908317,0.12488333182409406,533.390213642647,0.035413619538303465,0.03529727350800268,0.026323178065790525,0.14817621742164896,0.21088585978554142
9knzit7w,Modèle filtered after,102,,,,,,,,,,,,,
9knzit7w,Modèle filtered after,103,,,,,,,,,,,,,
9knzit7w,Modèle filtered after,104,,,,,,,,,,,,,
9knzit7w,Modèle filtered after,105,,,,,,,,,,,,,
9knzit7w,Modèle filtered after,106,,,,,,,,,,,,,
9knzit7w,Modèle filtered after,107,,,,,,,,,,,,,
9knzit7w,Modèle filtered after,108,,,,,,,,,,,,,
9knzit7w,Modèle filtered after,109,,,,,,,,,,,,,
9knzit7w,Modèle filtered after,110,31.0,8.802934326035174e-05,0.8064317628741264,23.81199188654687,0.06447634429144711,0.028188158379634842,0.12237809970974922,537.514246457474,0.03449594078119844,0.03585564332728785,0.02653916222193549,0.15067005851456233,0.21692632991940744
9knzit7w,Modèle filtered after,111,,,,,,,,,,,,,
9knzit7w,Modèle filtered after,112,,,,,,,,,,,,,
9knzit7w,Modèle filtered after,113,,,,,,,,,,,,,
9knzit7w,Modèle filtered after,114,,,,,,,,,,,,,
9knzit7w,Modèle filtered after,115,,,,,,,,,,,,,
9knzit7w,Modèle filtered after,116,,,,,,,,,,,,,
9knzit7w,Modèle filtered after,117,,,,,,,,,,,,,
9knzit7w,Modèle filtered after,118,,,,,,,,,,,,,
9knzit7w,Modèle filtered after,119,32.0,8.18555591987204e-05,0.8301445413380861,23.81593077923425,0.06444711207275895,0.02846554882125929,0.12201120890676975,539.2127763364048,0.03456481799366884,0.03457089777915708,0.025831321889023866,0.14567374864653235,0.21457360047967203
9knzit7w,Modèle filtered after,120,33.0,7.575535622709694e-05,0.8002428337931633,23.812280649631894,0.06447420080593402,0.028706040291581303,0.13810582179576159,545.6244033612193,0.03857346661970951,0.03393091727799225,0.02550344250255054,0.14395730933474918,0.21345722020393418
9knzit7w,Modèle filtered after,121,34.0,6.975280905969277e-05,0.8360398672521114,23.80774969361888,0.06450784226206055,0.02818405529251322,0.11918517388403416,537.1722239652588,0.0340117746964097,0.03379549993382346,0.02546495328386945,0.14320973288868705,0.22308238100020156
9knzit7w,Modèle filtered after,122,,,,,,,,,,,,,
9knzit7w,Modèle filtered after,123,,,,,,,,,,,,,
9knzit7w,Modèle filtered after,124,,,,,,,,,,,,,
9knzit7w,Modèle filtered after,125,,,,,,,,,,,,,
9knzit7w,Modèle filtered after,126,,,,,,,,,,,,,
9knzit7w,Modèle filtered after,127,,,,,,,,,,,,,
9knzit7w,Modèle filtered after,128,,,,,,,,,,,,,
9knzit7w,Modèle filtered after,129,,,,,,,,,,,,,
9knzit7w,Modèle filtered after,130,35.0,6.387160700787457e-05,0.8249912392348051,23.640492395251414,0.06576205563823609,0.03012116622994654,0.11881058989092708,549.2865562144663,0.03598594170762226,0.0337681224149081,0.025319408523970313,0.1430496431346382,0.22124479071147019
9knzit7w,Modèle filtered after,131,36.0,5.813496048927527e-05,0.8257608786225319,23.707824031531878,0.06525424939211005,0.028892899601487443,0.12450832477770746,540.5727388080386,0.03595577710075304,0.0330982631252658,0.024941658240652854,0.14084256010790985,0.2260735007603803
9knzit7w,Modèle filtered after,132,37.0,5.256550942687932e-05,0.8352765161544085,23.692556403250897,0.06536905095903155,0.02872608890174888,0.12777264486066997,540.475645513371,0.037076129781780764,0.033171985384767816,0.02499367858117987,0.14134350815607655,0.2258197698696905
9knzit7w,Modèle filtered after,133,38.0,4.718523389958981e-05,0.8376198802143335,23.683335866931273,0.06543848054725615,0.028712932660710067,0.12426878791302443,531.3583712717717,0.036502749659121037,0.03305451484066584,0.02499210122116511,0.14118669067900028,0.23860547376135666
9knzit7w,Modèle filtered after,134,39.0,4.201536739689893e-05,0.847848093137145,23.79713717926731,0.0645867068137318,0.02802675261045806,0.11893772333860397,532.0115720516677,0.03417294970131479,0.03262180806468091,0.02459298071992253,0.1397295509795508,0.246150599106362
9knzit7w,Modèle filtered after,135,40.0,3.707631302000537e-05,0.8175806943327188,23.80347762393277,0.06453957761574279,0.02812409948091954,0.12566428072750568,519.5265931174048,0.03531597583787516,0.03230098170799113,0.024480803907217998,0.13829577230517903,0.24963964081759896
9knzit7w,Modèle filtered after,136,41.0,3.238756296009547e-05,0.8401508945971727,23.741280658599013,0.06500338414621185,0.02838910711579956,0.12653712660539895,536.7339057899496,0.036436061636777595,0.032148531240020546,0.024355236331992332,0.13787645047470445,0.25266614940858656
9knzit7w,Modèle filtered after,137,42.0,2.7967621571569576e-05,0.8302712310105562,23.625806531850962,0.06587333836430141,0.02943171057268046,0.1212496095104143,530.2803925828416,0.03599028644384816,0.032002553554071535,0.024261540590575146,0.13744746503089705,0.24923810428909718
9knzit7w,Modèle filtered after,138,43.0,2.3833932343808982e-05,0.8342959526926279,23.588705795801708,0.06615531020588847,0.030209262593416497,0.12112041655927896,541.3317206028139,0.03644544759299606,0.03167464536794972,0.024022183534989673,0.1363376346566985,0.2498042149949939
9knzit7w,Modèle filtered after,139,44.0,2.0002809059692742e-05,0.8265512902289629,23.601722836908216,0.06605624131654432,0.029466531559592113,0.1251624197466299,534.4107471235724,0.03721656673587859,0.03152516661887808,0.02399601678048531,0.1354037887687164,0.25589492926073654
9knzit7w,Modèle filtered after,140,45.0,1.6489371412549524e-05,0.832339508458972,23.654406884556916,0.06565679147832404,0.02915957767982036,0.11977475858293474,522.5520954726218,0.03549117359216325,0.03158626608896039,0.024095719300901458,0.13540576858025405,0.24845483262212045
9knzit7w,Modèle filtered after,141,46.0,1.3307485335635575e-05,0.8363061863929033,23.63114975821955,0.06583282807298148,0.029367610783083364,0.11897665064316243,524.423256791401,0.03555587586015463,0.031081597132968805,0.02372117787073817,0.1342022121853886,0.2522582906268297
9knzit7w,Modèle filtered after,142,47.0,1.0469708279631076e-05,0.8273138925433159,23.739339535700186,0.0650179127279786,0.028552335657877848,0.1277249864069745,528.0295556171994,0.03753792180214077,0.031086342304103797,0.02371479593397629,0.1341377133803983,0.2509596116780754
9knzit7w,Modèle filtered after,143,48.0,7.987239654118992e-06,0.8415828160941601,23.78916517947131,0.06464601237606485,0.027842881507240236,0.11886012041941285,513.9873661375756,0.034238620137330145,0.03134016664097867,0.023854534047836017,0.13499744446767914,0.27145484597572395
9knzit7w,Modèle filtered after,144,49.0,5.8698766286322235e-06,0.8258424401283264,23.769591246724254,0.0647918585250081,0.028185236180434003,0.1221010935259983,515.0253670042181,0.035213678143918514,0.031118803924219982,0.023717895424323936,0.1344381947250616,0.2593026830544395
9knzit7w,Modèle filtered after,145,,,,,,,,,,,,,
9knzit7w,Modèle filtered after,146,,,,,,,,,,,,,
9knzit7w,Modèle filtered after,147,,,,,,,,,,,,,
9knzit7w,Modèle filtered after,148,,,,,,,,,,,,,
5dmh1fmi,Modèle U-Net classique,0,1.0,2e-05,0.49114358836206895,10.001724420461073,0.3161649911571653,0.15024537426130524,0.373313936693915,476.02033361695976,0.20713822440854435,0.333761719493275,0.17997101710265517,0.7092196794911327,0.7283861593812959
5dmh1fmi,Modèle U-Net classique,1,,,,,,,,,,,,,
5dmh1fmi,Modèle U-Net classique,2,,,,,,,,,,,,,
5dmh1fmi,Modèle U-Net classique,3,,,,,,,,,,,,,
5dmh1fmi,Modèle U-Net classique,4,,,,,,,,,,,,,
5dmh1fmi,Modèle U-Net classique,5,,,,,,,,,,,,,
5dmh1fmi,Modèle U-Net classique,6,,,,,,,,,,,,,
5dmh1fmi,Modèle U-Net classique,7,,,,,,,,,,,,,
5dmh1fmi,Modèle U-Net classique,8,,,,,,,,,,,,,
5dmh1fmi,Modèle U-Net classique,9,2.0,7.999999999999999e-05,0.83203125,17.821706359540748,0.12850341877346727,0.033707187350454,0.15615685207062754,214.74601289710353,0.04364515532707346,0.10851897318393756,0.07661043721227309,0.28399307357195097,0.7344189728172417
5dmh1fmi,Modèle U-Net classique,10,,,,,,,,,,,,,
5dmh1fmi,Modèle U-Net classique,11,,,,,,,,,,,,,
5dmh1fmi,Modèle U-Net classique,12,,,,,,,,,,,,,
5dmh1fmi,Modèle U-Net classique,13,,,,,,,,,,,,,
5dmh1fmi,Modèle U-Net classique,14,,,,,,,,,,,,,
5dmh1fmi,Modèle U-Net classique,15,,,,,,,,,,,,,
5dmh1fmi,Modèle U-Net classique,16,,,,,,,,,,,,,
5dmh1fmi,Modèle U-Net classique,17,,,,,,,,,,,,,
5dmh1fmi,Modèle U-Net classique,18,3.0,0.00014,0.84033203125,25.14202265380065,0.055322126744570245,0.03357283835267198,0.15190381531057687,204.43685168464273,0.04222015362104465,0.06179169153110085,0.04615134029434277,0.19511790274300128,0.47694372080075437
5dmh1fmi,Modèle U-Net classique,19,,,,,,,,,,,,,
5dmh1fmi,Modèle U-Net classique,20,,,,,,,,,,,,,
5dmh1fmi,Modèle U-Net classique,21,,,,,,,,,,,,,
5dmh1fmi,Modèle U-Net classique,22,,,,,,,,,,,,,
5dmh1fmi,Modèle U-Net classique,23,,,,,,,,,,,,,
5dmh1fmi,Modèle U-Net classique,24,,,,,,,,,,,,,
5dmh1fmi,Modèle U-Net classique,25,,,,,,,,,,,,,
5dmh1fmi,Modèle U-Net classique,26,,,,,,,,,,,,,
5dmh1fmi,Modèle U-Net classique,27,4.0,0.0002,0.8400794719827587,23.751083414663924,0.06493006374886229,0.03784924552872263,0.1564330805478425,229.77584345320605,0.046510137874504615,0.05697480398906857,0.04310976057989985,0.18411362559622169,0.368101615872648
5dmh1fmi,Modèle U-Net classique,28,5.0,0.00019980365947861302,0.8514783135775862,24.090400797906547,0.062442453644200646,0.030701740291611903,0.14435662072280359,210.02829566007884,0.03852568290613849,0.05175741090892981,0.0395498142665268,0.1744716749805161,0.3152871399353712
5dmh1fmi,Modèle U-Net classique,29,,,,,,,,,,,,,
5dmh1fmi,Modèle U-Net classique,30,,,,,,,,,,,,,
5dmh1fmi,Modèle U-Net classique,31,,,,,,,,,,,,,
5dmh1fmi,Modèle U-Net classique,32,,,,,,,,,,,,,
5dmh1fmi,Modèle U-Net classique,33,,,,,,,,,,,,,
5dmh1fmi,Modèle U-Net classique,34,,,,,,,,,,,,,
5dmh1fmi,Modèle U-Net classique,35,,,,,,,,,,,,,
5dmh1fmi,Modèle U-Net classique,36,,,,,,,,,,,,,
5dmh1fmi,Modèle U-Net classique,37,6.0,0.00019921541278079057,0.85595703125,26.992099196879217,0.044709008645820086,0.02691982230492707,0.13068115325837298,187.172764244092,0.0334557072612746,0.04903864705314239,0.03772471405756779,0.16721571577537772,0.3192759249200169
5dmh1fmi,Modèle U-Net classique,38,,,,,,,,,,,,,
5dmh1fmi,Modèle U-Net classique,39,,,,,,,,,,,,,
5dmh1fmi,Modèle U-Net classique,40,,,,,,,,,,,,,
5dmh1fmi,Modèle U-Net classique,41,,,,,,,,,,,,,
5dmh1fmi,Modèle U-Net classique,42,,,,,,,,,,,,,
5dmh1fmi,Modèle U-Net classique,43,,,,,,,,,,,,,
5dmh1fmi,Modèle U-Net classique,44,,,,,,,,,,,,,
5dmh1fmi,Modèle U-Net classique,45,,,,,,,,,,,,,
5dmh1fmi,Modèle U-Net classique,46,7.0,0.00019823758144750454,0.8597285829741379,25.288813523239277,0.05439504292872729,0.030825648007207905,0.13129789407910972,182.39842022370783,0.0380474221732082,0.048297252084136516,0.037217949795672015,0.1647789470023579,0.3144059714853254
5dmh1fmi,Modèle U-Net classique,47,8.0,0.0001968740245322988,0.8644598599137931,26.15716002795112,0.049220044113357606,0.024347351510720008,0.12787539486227364,172.92447005424336,0.031158968228204496,0.04671045539216099,0.03581184659025863,0.16196047683429515,0.29040464389527965
5dmh1fmi,Modèle U-Net classique,48,,,,,,,,,,,,,
5dmh1fmi,Modèle U-Net classique,49,,,,,,,,,,,,,
5dmh1fmi,Modèle U-Net classique,50,,,,,,,,,,,,,
5dmh1fmi,Modèle U-Net classique,51,,,,,,,,,,,,,
5dmh1fmi,Modèle U-Net classique,52,,,,,,,,,,,,,
5dmh1fmi,Modèle U-Net classique,53,,,,,,,,,,,,,
5dmh1fmi,Modèle U-Net classique,54,,,,,,,,,,,,,
5dmh1fmi,Modèle U-Net classique,55,,,,,,,,,,,,,
5dmh1fmi,Modèle U-Net classique,56,9.0,0.0001951301233713678,0.8624898976293104,25.974693067703303,0.050264960616648216,0.029931091992505664,0.1271405790386529,199.0528917174987,0.036294455993278275,0.048677870573905796,0.0371207238182935,0.16543911677649897,0.2971114145321214
5dmh1fmi,Modèle U-Net classique,57,10.0,0.000193012760345881,0.853448275862069,25.91291598181308,0.05062373696093337,0.026207304077929462,0.137998070439388,188.5212560922392,0.03416086309428873,0.04730227386626678,0.03643899684787816,0.16181502825556657,0.2747528541228201
5dmh1fmi,Modèle U-Net classique,58,11.0,0.00019053029172036895,0.8584489493534483,26.106020464245404,0.04951068976279436,0.03072859250522893,0.13168767813978524,182.5528341257951,0.03742064908146858,0.045152609141018145,0.03462133682372733,0.15715410866034338,0.27131433511136943
5dmh1fmi,Modèle U-Net classique,59,12.0,0.00018769251466436442,0.8675915948275862,25.137337012886473,0.05535197855739401,0.025663026383724707,0.13405140874714688,167.86328289070443,0.03276921095776147,0.045269996771573,0.034850758500397205,0.15873046209796882,0.2673019282838218
5dmh1fmi,Modèle U-Net classique,60,13.0,0.00018451062858745052,0.857000942887931,24.94234187679373,0.05660866410129526,0.03210662003478099,0.13577850317132883,194.40648735129497,0.039355633844589365,0.04329856446920297,0.0334557329551277,0.15388606195775872,0.2675602909209382
5dmh1fmi,Modèle U-Net classique,61,14.0,0.00018099719094030728,0.8712957974137931,27.316464475415117,0.043070188870827565,0.02452274713793705,0.12474888691614414,171.21437182417588,0.03100454242065035,0.04283525187394813,0.03287666170802127,0.1556205945646661,0.25642210639949536
5dmh1fmi,Modèle U-Net classique,62,,,,,,,,,,,,,
5dmh1fmi,Modèle U-Net classique,63,,,,,,,,,,,,,
5dmh1fmi,Modèle U-Net classique,64,,,,,,,,,,,,,
5dmh1fmi,Modèle U-Net classique,65,,,,,,,,,,,,,
5dmh1fmi,Modèle U-Net classique,66,,,,,,,,,,,,,
5dmh1fmi,Modèle U-Net classique,67,,,,,,,,,,,,,
5dmh1fmi,Modèle U-Net classique,68,,,,,,,,,,,,,
5dmh1fmi,Modèle U-Net classique,69,,,,,,,,,,,,,
5dmh1fmi,Modèle U-Net classique,70,15.0,0.00017716606765619104,0.8693089978448276,26.638779930313106,0.04656514969992272,0.02757447752459296,0.1210378101416703,205.01769715237558,0.033865915097553156,0.04234406106874474,0.032478318207411684,0.15278518709362063,0.2729978733337842
5dmh1fmi,Modèle U-Net classique,71,16.0,0.00017303237842843046,0.8818022629310345,27.545653870271668,0.04194858409166435,0.023519303874465925,0.12118630085525842,146.70707835261229,0.02997404914991609,0.04106531226927908,0.03162570292146033,0.1508065786244523,0.2568266065711649
5dmh1fmi,Modèle U-Net classique,72,,,,,,,,,,,,,
5dmh1fmi,Modèle U-Net classique,73,,,,,,,,,,,,,
5dmh1fmi,Modèle U-Net classique,74,,,,,,,,,,,,,
5dmh1fmi,Modèle U-Net classique,75,,,,,,,,,,,,,
5dmh1fmi,Modèle U-Net classique,76,,,,,,,,,,,,,
5dmh1fmi,Modèle U-Net classique,77,,,,,,,,,,,,,
5dmh1fmi,Modèle U-Net classique,78,,,,,,,,,,,,,
5dmh1fmi,Modèle U-Net classique,79,,,,,,,,,,,,,
5dmh1fmi,Modèle U-Net classique,80,17.0,0.00016861243703990454,0.8750505118534483,26.452610801473725,0.0475739771812071,0.028534123898837072,0.12127067058764655,170.17175270394225,0.03462812111809336,0.04128293424812902,0.0318718308614742,0.14984028748212716,0.28055961083015823
5dmh1fmi,Modèle U-Net classique,81,18.0,0.00016392368697999463,0.8580111799568966,26.7004816489381,0.046235538221172344,0.029609251317792927,0.13053102405934497,191.6562070058444,0.03676764294505119,0.040292156462231256,0.030784962213255912,0.14975272902311423,0.26632251638250476
5dmh1fmi,Modèle U-Net classique,82,19.0,0.0001589846326031011,0.8646955818965517,24.745286586138413,0.05790761398279161,0.032698214664284526,0.12833200086807384,183.21719748836676,0.03945655298644099,0.0407832801883292,0.031153082982915588,0.14973532816029003,0.2601563013198539
5dmh1fmi,Modèle U-Net classique,83,20.0,0.00015381476610041016,0.8647966056034483,24.358970257490817,0.06054126442799599,0.02643932826046286,0.12512770680517987,175.08938420421381,0.032966036477993274,0.038495833961627424,0.0296820266586211,0.144742853493772,0.2577804056688761
5dmh1fmi,Modèle U-Net classique,84,21.0,0.00014843449057312067,0.8711274245689655,25.14618843206792,0.055295600451104925,0.028321194847853018,0.12158636132190967,167.13781607570598,0.034445242635134994,0.03916061284323024,0.030263470995247874,0.1460676832586272,0.26811875890080744
5dmh1fmi,Modèle U-Net classique,85,22.0,0.00014286503951072474,0.8819201239224138,27.665724666583998,0.041372690722016284,0.021279046729463954,0.11807712848330366,152.9216583964602,0.027217822406312514,0.03769188634573649,0.029243252622202422,0.14198436371536335,0.25539813773372233
5dmh1fmi,Modèle U-Net classique,86,,,,,,,,,,,,,
5dmh1fmi,Modèle U-Net classique,87,,,,,,,,,,,,,
5dmh1fmi,Modèle U-Net classique,88,,,,,,,,,,,,,
5dmh1fmi,Modèle U-Net classique,89,,,,,,,,,,,,,
5dmh1fmi,Modèle U-Net classique,90,,,,,,,,,,,,,
5dmh1fmi,Modèle U-Net classique,91,,,,,,,,,,,,,
5dmh1fmi,Modèle U-Net classique,92,,,,,,,,,,,,,
5dmh1fmi,Modèle U-Net classique,93,,,,,,,,,,,,,
5dmh1fmi,Modèle U-Net classique,94,23.0,0.00013712839299212547,0.8803542564655172,27.778600408797757,0.04083851857256757,0.020445770295015698,0.12127346339924581,148.85230671207867,0.026879880256180107,0.03861968007543658,0.02941630221107322,0.14464199418822923,0.26986123993992805
5dmh1fmi,Modèle U-Net classique,95,,,,,,,,,,,,,
5dmh1fmi,Modèle U-Net classique,96,,,,,,,,,,,,,
5dmh1fmi,Modèle U-Net classique,97,,,,,,,,,,,,,
5dmh1fmi,Modèle U-Net classique,98,,,,,,,,,,,,,
5dmh1fmi,Modèle U-Net classique,99,,,,,,,,,,,,,
5dmh1fmi,Modèle U-Net classique,100,,,,,,,,,,,,,
5dmh1fmi,Modèle U-Net classique,101,,,,,,,,,,,,,
5dmh1fmi,Modèle U-Net classique,102,,,,,,,,,,,,,
5dmh1fmi,Modèle U-Net classique,103,24.0,0.00013124719094030727,0.8802532327586207,26.477668109603805,0.047436932153061634,0.023941863488791317,0.11850451626654329,167.86084179117012,0.02991938969955362,0.036852842666463465,0.028270798528359994,0.14144740463831487,0.2667420354600136
5dmh1fmi,Modèle U-Net classique,104,25.0,0.00012524464377290304,0.8773067079741379,26.204151313737327,0.048954479155717164,0.025703255344053794,0.12128706250725121,165.29017339804415,0.03172028218877727,0.0366240481280873,0.02819987590639637,0.140430780653006,0.2623165188054753
5dmh1fmi,Modèle U-Net classique,105,26.0,0.00011914444080127963,0.8768184267241379,25.834950444572836,0.05108018691340852,0.029487509151984906,0.11520397508966512,165.25223986849346,0.03507592792397943,0.03544529849010655,0.02747234454553606,0.13593348166626743,0.25982137091266805
5dmh1fmi,Modèle U-Net classique,106,27.0,0.0001129706567396483,0.8814486799568966,26.906269020886803,0.04515299360474308,0.023314574604918217,0.1148083527283422,155.4368642501728,0.02912050626915077,0.03519096318632364,0.027355990543738645,0.13697783961000606,0.26403914474778706
5dmh1fmi,Modèle U-Net classique,107,28.0,0.0001067476566931667,0.8740402747844828,25.714671512054153,0.05179244629635883,0.023126549440725095,0.12442034123272731,164.5208296417036,0.029323848285551728,0.035110007557604045,0.02707055287483411,0.13548960785071054,0.2545290154396978
5dmh1fmi,Modèle U-Net classique,108,29.0,0.0001005,0.8766500538793104,26.329373211999325,0.048253779952010745,0.02585145034666719,0.11656337514005859,166.074656695786,0.031953815691943825,0.03471522261667201,0.026739449996469367,0.13572990502684545,0.2601288179429168
5dmh1fmi,Modèle U-Net classique,109,30.0,9.425234330683332e-05,0.8740402747844828,24.662255734614845,0.058463823326735345,0.028505273227547777,0.1218934563984131,190.73902998542135,0.03537535654573605,0.034542352733258,0.026742454642095626,0.13391186437036237,0.24836459141383824
5dmh1fmi,Modèle U-Net classique,110,31.0,8.802934326035174e-05,0.8788220635775862,21.359378004578225,0.08551279462926717,0.023340375387463076,0.11841009647167962,159.480504463373,0.029611779954926722,0.034183559191023186,0.02645646371584163,0.13347500432123485,0.2590426233334419
5dmh1fmi,Modèle U-Net classique,111,32.0,8.18555591987204e-05,0.8663793103448276,26.429774615274457,0.04769921911311066,0.024803312688038266,0.12848535372779288,185.8410301790219,0.03194078135079351,0.034374702610393874,0.026396057552570462,0.13418372112334284,0.28197818520104784
5dmh1fmi,Modèle U-Net classique,112,33.0,7.575535622709694e-05,0.8728953394396551,25.57728403021106,0.052618177117339224,0.027128116002884405,0.11937260524979953,164.86706015692798,0.033225817734311366,0.03359865630443534,0.02598887266845912,0.1325949978752014,0.25397878184787226
5dmh1fmi,Modèle U-Net classique,113,34.0,6.975280905969277e-05,0.8757576778017241,24.892719513122774,0.056932994156620835,0.025677074935158778,0.11841994459772932,171.71777693390828,0.031712126115272785,0.033141180872917175,0.025569330264105756,0.13076844225581893,0.2569056608610683
5dmh1fmi,Modèle U-Net classique,114,35.0,6.387160700787457e-05,0.887627963362069,28.08452550758707,0.03942518361266587,0.019387770283581882,0.11224982437902484,136.63752022922304,0.02499210465185601,0.032622440519113824,0.025499470476220306,0.12904667058306882,0.2620794377869291
5dmh1fmi,Modèle U-Net classique,115,,,,,,,,,,,,,
5dmh1fmi,Modèle U-Net classique,116,,,,,,,,,,,,,
5dmh1fmi,Modèle U-Net classique,117,,,,,,,,,,,,,
5dmh1fmi,Modèle U-Net classique,118,,,,,,,,,,,,,
5dmh1fmi,Modèle U-Net classique,119,,,,,,,,,,,,,
5dmh1fmi,Modèle U-Net classique,120,,,,,,,,,,,,,
5dmh1fmi,Modèle U-Net classique,121,,,,,,,,,,,,,
5dmh1fmi,Modèle U-Net classique,122,,,,,,,,,,,,,
5dmh1fmi,Modèle U-Net classique,123,36.0,5.813496048927527e-05,0.8853380926724138,25.84306661677126,0.05103247942702013,0.021904369655611187,0.11359180253127525,140.30083644594885,0.027652559930394435,0.03205241448381263,0.025040140001373924,0.1276246525474593,0.274692456691693
5dmh1fmi,Modèle U-Net classique,124,37.0,5.256550942687932e-05,0.8819874730603449,28.683709084676675,0.03679718072382175,0.019884550558595823,0.11579368469016306,144.89567930780134,0.025893679659428268,0.031665168455841705,0.024723929058537524,0.12698153591054118,0.270037923899726
5dmh1fmi,Modèle U-Net classique,125,38.0,4.718523389958981e-05,0.8853380926724138,27.840265639882865,0.040549613400222485,0.020678931815100127,0.11472198662572894,144.4529237400364,0.026336272215021068,0.030736806746731456,0.024055025663672604,0.12472737628297928,0.2598182413822565
5dmh1fmi,Modèle U-Net classique,126,39.0,4.201536739689893e-05,0.8850181842672413,26.56850789320287,0.04694340691899583,0.024538981439224606,0.11273809098478021,151.13796021263136,0.030268721218253004,0.031695558888535216,0.024402097416802857,0.12777567578431887,0.28201518666285735
5dmh1fmi,Modèle U-Net classique,127,40.0,3.707631302000537e-05,0.8868029364224138,25.314232364001697,0.054236091132023996,0.021197106464412706,0.11312707526416614,141.91473340111585,0.026811779316129356,0.030816457282083157,0.023997253969184354,0.125086452302515,0.2802667254502447
5dmh1fmi,Modèle U-Net classique,128,41.0,3.238756296009547e-05,0.8816002155172413,25.296340524968493,0.05434792579412725,0.023905826250797714,0.11667630307633302,147.77468065644644,0.029879111539700937,0.03020639165949363,0.023633278464564145,0.12383846553345011,0.26660667098740226
5dmh1fmi,Modèle U-Net classique,129,42.0,2.7967621571569576e-05,0.8891433189655172,28.03960184909286,0.03962961995881384,0.01896703946564732,0.11071436132850318,129.35871360498635,0.024509295114669306,0.02996957159609112,0.02338680814410377,0.123669062096339,0.2676712366887647
5dmh1fmi,Modèle U-Net classique,130,,,,,,,,,,,,,
5dmh1fmi,Modèle U-Net classique,131,,,,,,,,,,,,,
5dmh1fmi,Modèle U-Net classique,132,,,,,,,,,,,,,
5dmh1fmi,Modèle U-Net classique,133,,,,,,,,,,,,,
5dmh1fmi,Modèle U-Net classique,134,,,,,,,,,,,,,
5dmh1fmi,Modèle U-Net classique,135,,,,,,,,,,,,,
5dmh1fmi,Modèle U-Net classique,136,,,,,,,,,,,,,
5dmh1fmi,Modèle U-Net classique,137,,,,,,,,,,,,,
5dmh1fmi,Modèle U-Net classique,138,43.0,2.3833932343808982e-05,0.8879310344827587,24.506950397098706,0.059518568888690324,0.021347227859599836,0.11282576800420366,135.57121314419442,0.027102476242801238,0.029687438510422014,0.023215157381839987,0.12274586027249312,0.27893321649131614
5dmh1fmi,Modèle U-Net classique,139,44.0,2.0002809059692742e-05,0.8841763200431034,22.696934957566476,0.0733083174997693,0.025139717353058273,0.11683525376278779,151.47888766772877,0.03146718191946375,0.03005890557781244,0.023616745801340055,0.12240857140630738,0.2788283501526919
5dmh1fmi,Modèle U-Net classique,140,45.0,1.6489371412549524e-05,0.8824420797413793,25.476482120691873,0.053232381251839454,0.024375313379127402,0.11852137821501699,147.81341130040792,0.03065666838966567,0.029776307236817148,0.023308088891526572,0.12258652228320766,0.2861938627802918
5dmh1fmi,Modèle U-Net classique,141,46.0,1.3307485335635575e-05,0.8860789331896551,26.6957564666107,0.046260697507431385,0.021995087732271903,0.113970129525867,138.47449952800577,0.027655206042630918,0.02917869529949549,0.022868328023319826,0.12128331107843636,0.27988285058711326
5dmh1fmi,Modèle U-Net classique,142,47.0,1.0469708279631076e-05,0.8858263739224138,23.826838766335158,0.06436622835619636,0.02210628411507812,0.11458775452498732,138.66197156268817,0.027830993114360447,0.02945493784152035,0.023065517887345746,0.12181349789612314,0.2953201738687662
5dmh1fmi,Modèle U-Net classique,143,48.0,7.987239654118992e-06,0.890069369612069,27.05426364614243,0.04439017096660661,0.019975068529361283,0.11058628854566607,130.00606231317803,0.02534906277111892,0.029088217574052323,0.02278898967605116,0.12091835011911188,0.2895210801790922
5dmh1fmi,Modèle U-Net classique,144,49.0,5.8698766286322235e-06,0.8908943965517241,23.45781852842911,0.0671597504262997,0.020912650169740463,0.1116042490406283,131.3152623197283,0.026466632518788863,0.028712679245947007,0.022459676473313928,0.1205648948621546,0.2806089689525274
5dmh1fmi,Modèle U-Net classique,145,50.0,4.125975467701219e-06,0.888604525862069,23.7557267768219,0.06489536226858363,0.02268946318533914,0.11117551193155091,133.57904447082475,0.028156735516827684,0.028945459896682672,0.022757817465716448,0.11988531053066254,0.2804419928445266
5dmh1fmi,Modèle U-Net classique,146,51.0,2.7624185524954723e-06,0.8865167025862069,25.424463808137773,0.0535521374367753,0.02028544561873222,0.11247330557169585,133.62920095413207,0.02583683217907774,0.028975603091092702,0.02276105585738889,0.12065094804916626,0.2737135908160454
5dmh1fmi,Modèle U-Net classique,147,52.0,1.7845872192094625e-06,0.8896989493534483,26.73605956222041,0.04604654207933335,0.022210616746853137,0.11266657594462921,134.38444935294564,0.027793843684525324,0.028689769367313284,0.022547370145240657,0.11982460711628963,0.2781018329481793
5dmh1fmi,Modèle U-Net classique,148,53.0,1.19634052138698e-06,0.8882341056034483,28.394384857206674,0.038043525575826825,0.020623813640197802,0.11275854706764221,132.15554325733422,0.026166764120089597,0.02906933229448449,0.02286730774351929,0.11996623291037022,0.27872483438660955
5dmh1fmi,Modèle U-Net classique,149,54.0,0.0002,0.8694773706896551,27.55982307244225,0.041880209583617774,0.023688865504388153,0.12036739032844017,182.51916863731967,0.0298402718557366,0.0377192121062778,0.029219226927584052,0.14045567979287898,0.3064238356474118
5dmh1fmi,Modèle U-Net classique,150,55.0,0.00019980365947861302,0.8695952316810345,25.360793330433058,0.05394613482705819,0.027675315223891158,0.12199193097907922,183.5418392544915,0.033962796281637814,0.03689232012495781,0.028213338918474495,0.14024708999527824,0.2814070839020941
5dmh1fmi,Modèle U-Net classique,151,56.0,0.00019921541278079057,0.8672380118534483,24.996969290320003,0.056253757344322704,0.03154508441943547,0.1256203675835297,175.95055027170108,0.03794864558711134,0.03603666643492687,0.02800156341260697,0.1361009541930806,0.2760304097945874
5dmh1fmi,Modèle U-Net classique,152,57.0,0.00019823758144750454,0.8620016163793104,26.37724698240598,0.047988552562636275,0.02899588182054717,0.13419206517523732,208.0844949889957,0.037365215477244605,0.036460868839142666,0.02802570180123688,0.1385125233194767,0.25927836667650783
5dmh1fmi,Modèle U-Net classique,153,,,,,,,,,,,,,
5dmh1fmi,Modèle U-Net classique,154,,,,,,,,,,,,,
5dmh1fmi,Modèle U-Net classique,155,,,,,,,,,,,,,
5dmh1fmi,Modèle U-Net classique,156,,,,,,,,,,,,,
z4dp4z5s,Modèle all wave after,0,1.0,2e-05,0.7098843306303024,13.39526320453717,0.21391283316975257,0.05291050730738789,0.21572626056149602,700.4481695204408,0.06695361633319408,0.11205487418919802,0.0730961969182376,0.34898750285708136,0.4042394397359702
z4dp4z5s,Modèle all wave after,1,,,,,,,,,,,,,
z4dp4z5s,Modèle all wave after,2,,,,,,,,,,,,,
z4dp4z5s,Modèle all wave after,3,,,,,,,,,,,,,
z4dp4z5s,Modèle all wave after,4,,,,,,,,,,,,,
z4dp4z5s,Modèle all wave after,5,,,,,,,,,,,,,
z4dp4z5s,Modèle all wave after,6,,,,,,,,,,,,,
z4dp4z5s,Modèle all wave after,7,,,,,,,,,,,,,
z4dp4z5s,Modèle all wave after,8,,,,,,,,,,,,,
z4dp4z5s,Modèle all wave after,9,2.0,7.999999999999999e-05,0.7514125760644674,22.406262780064452,0.07580308155849239,0.03814501059241593,0.1415236524771899,582.9527468763283,0.045224547560792416,0.05592502252529225,0.04050718259156471,0.20100556785661366,0.22478078395849274
z4dp4z5s,Modèle all wave after,10,,,,,,,,,,,,,
z4dp4z5s,Modèle all wave after,11,,,,,,,,,,,,,
z4dp4z5s,Modèle all wave after,12,,,,,,,,,,,,,
z4dp4z5s,Modèle all wave after,13,,,,,,,,,,,,,
z4dp4z5s,Modèle all wave after,14,,,,,,,,,,,,,
z4dp4z5s,Modèle all wave after,15,,,,,,,,,,,,,
z4dp4z5s,Modèle all wave after,16,,,,,,,,,,,,,
z4dp4z5s,Modèle all wave after,17,,,,,,,,,,,,,
z4dp4z5s,Modèle all wave after,18,3.0,0.00014,0.7600356582552195,22.575868332017603,0.07433726582344835,0.03725590032991022,0.1315349244978279,572.0903637990036,0.043571294110734016,0.047814956152691476,0.03530586296842704,0.17529858038910934,0.18524151694990934
z4dp4z5s,Modèle all wave after,19,,,,,,,,,,,,,
z4dp4z5s,Modèle all wave after,20,,,,,,,,,,,,,
z4dp4z5s,Modèle all wave after,21,,,,,,,,,,,,,
z4dp4z5s,Modèle all wave after,22,,,,,,,,,,,,,
z4dp4z5s,Modèle all wave after,23,,,,,,,,,,,,,
z4dp4z5s,Modèle all wave after,24,,,,,,,,,,,,,
z4dp4z5s,Modèle all wave after,25,,,,,,,,,,,,,
z4dp4z5s,Modèle all wave after,26,,,,,,,,,,,,,
z4dp4z5s,Modèle all wave after,27,4.0,0.0002,0.7706677932292223,22.725595391956105,0.07306682402538471,0.036410006519872695,0.13146125175990164,555.4606418228279,0.04270280251512304,0.0463964659345126,0.03434471867137378,0.17148351143564908,0.17646697474523418
z4dp4z5s,Modèle all wave after,28,,,,,,,,,,,,,
z4dp4z5s,Modèle all wave after,29,,,,,,,,,,,,,
z4dp4z5s,Modèle all wave after,30,,,,,,,,,,,,,
z4dp4z5s,Modèle all wave after,31,,,,,,,,,,,,,
z4dp4z5s,Modèle all wave after,32,,,,,,,,,,,,,
z4dp4z5s,Modèle all wave after,33,,,,,,,,,,,,,
z4dp4z5s,Modèle all wave after,34,,,,,,,,,,,,,
z4dp4z5s,Modèle all wave after,35,,,,,,,,,,,,,
z4dp4z5s,Modèle all wave after,36,5.0,0.00019980365947861302,0.7798357959836721,22.6305905582789,0.0738704036403934,0.03684087033616379,0.13552356255240738,563.2803183390341,0.043555648473557085,0.044337685572944825,0.033048930893381755,0.16370921990563791,0.14597232020910708
z4dp4z5s,Modèle all wave after,37,6.0,0.00019921541278079057,0.7919731549918652,22.972452751744697,0.07101945944634698,0.03462330548791215,0.12156717292964458,529.3534623414948,0.04013911256333813,0.04368664173319215,0.03264499322751597,0.16278014521324827,0.13985103921544167
z4dp4z5s,Modèle all wave after,38,,,,,,,,,,,,,
z4dp4z5s,Modèle all wave after,39,,,,,,,,,,,,,
z4dp4z5s,Modèle all wave after,40,,,,,,,,,,,,,
z4dp4z5s,Modèle all wave after,41,,,,,,,,,,,,,
z4dp4z5s,Modèle all wave after,42,,,,,,,,,,,,,
z4dp4z5s,Modèle all wave after,43,,,,,,,,,,,,,
z4dp4z5s,Modèle all wave after,44,,,,,,,,,,,,,
z4dp4z5s,Modèle all wave after,45,,,,,,,,,,,,,
z4dp4z5s,Modèle all wave after,46,7.0,0.00019823758144750454,0.7854741457849741,22.587739279694734,0.0742357389698329,0.035417822073213756,0.13092910987325013,552.648000160373,0.04174426494864747,0.04211174627585757,0.031664707742991946,0.15727802687474796,0.12926852375629447
z4dp4z5s,Modèle all wave after,47,8.0,0.0001968740245322988,0.7963395938277245,22.56743449658158,0.07440948096419744,0.03586144291330129,0.1254044936504215,552.2640735348928,0.04174587078159675,0.04167416554334904,0.03132030977341797,0.1565626510268738,0.13442543715298658
z4dp4z5s,Modèle all wave after,48,9.0,0.0001951301233713678,0.7917199730873108,22.823121448619407,0.07225101084456836,0.035381004970986396,0.12946561118587852,580.2352592207526,0.04163922223960981,0.04165984165193813,0.03136862453914458,0.15637956604722045,0.14062869586350937
z4dp4z5s,Modèle all wave after,49,10.0,0.000193012760345881,0.8065044600516558,22.966954793858317,0.07106442727532007,0.03495654102880508,0.12103404779918492,531.1855931831366,0.0408433927805163,0.041063392760172006,0.030922367008432986,0.15440323639420733,0.138605055985071
z4dp4z5s,Modèle all wave after,50,11.0,0.00019053029172036895,0.8068792708218098,22.68587412102616,0.07340172967163164,0.0358240426867269,0.12157545797526836,535.7781590762053,0.04192902485374361,0.040076106891877225,0.030179976564531606,0.1514321878372181,0.13719958768436505
z4dp4z5s,Modèle all wave after,51,12.0,0.00018769251466436442,0.7872122898697853,16.38621465120183,0.15159653240962495,0.04636764345923439,0.13430414162576199,649.8504876464101,0.053163125936407596,0.04001965796604993,0.030205530061897252,0.15129908420626195,0.14293107276241626
z4dp4z5s,Modèle all wave after,52,13.0,0.00018451062858745052,0.8144577499479055,23.16481609028401,0.06946390522699271,0.03200197804835625,0.12627376476302743,519.7689537415366,0.038777684967499226,0.038974571357210795,0.029780770283973506,0.1469839578194003,0.13285065198978108
z4dp4z5s,Modèle all wave after,53,,,,,,,,,,,,,
z4dp4z5s,Modèle all wave after,54,,,,,,,,,,,,,
z4dp4z5s,Modèle all wave after,55,,,,,,,,,,,,,
z4dp4z5s,Modèle all wave after,56,,,,,,,,,,,,,
z4dp4z5s,Modèle all wave after,57,,,,,,,,,,,,,
z4dp4z5s,Modèle all wave after,58,,,,,,,,,,,,,
z4dp4z5s,Modèle all wave after,59,,,,,,,,,,,,,
z4dp4z5s,Modèle all wave after,60,,,,,,,,,,,,,
z4dp4z5s,Modèle all wave after,61,14.0,0.00018099719094030728,0.8066308870911598,20.871919625380997,0.09044905186847266,0.03765810720506124,0.1337932669557631,561.3365483603866,0.04543486353941262,0.038954949487120874,0.029666814941822762,0.14736452677677717,0.14889146797659417
z4dp4z5s,Modèle all wave after,62,15.0,0.00017716606765619104,0.8170790746808052,22.55391057331289,0.074525426707259,0.035634069092338905,0.12198294466361403,536.9255472908812,0.04141125571914017,0.038555070652716586,0.029342173452248738,0.14628845185882622,0.15333315072160575
z4dp4z5s,Modèle all wave after,63,16.0,0.00017303237842843046,0.8170645851641893,22.482045872261175,0.07514458777987498,0.03523590130498633,0.11905313236638904,535.6817630928882,0.04112764174351469,0.038255381623222943,0.029189022175306754,0.14609760421538545,0.14760821156444087
z4dp4z5s,Modèle all wave after,64,17.0,0.00016861243703990454,0.8356096427887678,23.074270665131984,0.07019181408242513,0.03298074676422402,0.11177245085127652,497.0805453300603,0.038167954655364156,0.03795321309758771,0.02898735065959514,0.14461575256239984,0.15442059034361474
z4dp4z5s,Modèle all wave after,65,,,,,,,,,,,,,
z4dp4z5s,Modèle all wave after,66,,,,,,,,,,,,,
z4dp4z5s,Modèle all wave after,67,,,,,,,,,,,,,
z4dp4z5s,Modèle all wave after,68,,,,,,,,,,,,,
z4dp4z5s,Modèle all wave after,69,,,,,,,,,,,,,
z4dp4z5s,Modèle all wave after,70,,,,,,,,,,,,,
z4dp4z5s,Modèle all wave after,71,,,,,,,,,,,,,
z4dp4z5s,Modèle all wave after,72,,,,,,,,,,,,,
z4dp4z5s,Modèle all wave after,73,18.0,0.00016392368697999463,0.8224053680896759,22.778875775647958,0.07261999442187202,0.03602203261107206,0.11629703151993454,525.893834868394,0.0413396941148676,0.03753182845520637,0.02875466635375614,0.143554404227724,0.14710140404021066
z4dp4z5s,Modèle all wave after,74,19.0,0.0001589846326031011,0.8128820266574621,23.071887477235972,0.07021107557888948,0.033841007912997156,0.12598442705348134,538.071668378836,0.03988491336349398,0.03734559641640273,0.02847086501518084,0.14290490797570637,0.16213234398333776
z4dp4z5s,Modèle all wave after,75,20.0,0.00015381476610041016,0.8200132418423891,23.132572485448616,0.06972224710835424,0.03177051441161893,0.1220919438637793,505.75895484527365,0.0376964611641597,0.03803899188736273,0.029036181776093378,0.14514963415962073,0.16693304453585897
z4dp4z5s,Modèle all wave after,76,,,,,,,,,,,,,
z4dp4z5s,Modèle all wave after,77,,,,,,,,,,,,,
z4dp4z5s,Modèle all wave after,78,,,,,,,,,,,,,
z4dp4z5s,Modèle all wave after,79,,,,,,,,,,,,,
z4dp4z5s,Modèle all wave after,80,,,,,,,,,,,,,
z4dp4z5s,Modèle all wave after,81,,,,,,,,,,,,,
z4dp4z5s,Modèle all wave after,82,,,,,,,,,,,,,
z4dp4z5s,Modèle all wave after,83,,,,,,,,,,,,,
z4dp4z5s,Modèle all wave after,84,21.0,0.00014843449057312067,0.8367783408612013,23.31633314035141,0.06826268129800389,0.031137844373006374,0.11421529459767044,495.7379723196042,0.03659835195867345,0.03750420205535427,0.028593345286114322,0.14375695985771955,0.17743398887555925
z4dp4z5s,Modèle all wave after,85,,,,,,,,,,,,,
z4dp4z5s,Modèle all wave after,86,,,,,,,,,,,,,
z4dp4z5s,Modèle all wave after,87,,,,,,,,,,,,,
z4dp4z5s,Modèle all wave after,88,,,,,,,,,,,,,
z4dp4z5s,Modèle all wave after,89,,,,,,,,,,,,,
z4dp4z5s,Modèle all wave after,90,,,,,,,,,,,,,
z4dp4z5s,Modèle all wave after,91,,,,,,,,,,,,,
z4dp4z5s,Modèle all wave after,92,,,,,,,,,,,,,
z4dp4z5s,Modèle all wave after,93,22.0,0.00014286503951072474,0.8273850027471781,23.235573065012197,0.06890033710296081,0.031249128747731447,0.12146156746894121,492.6702933581982,0.03734241868369281,0.03671032413389654,0.028270633354212246,0.14056168048973045,0.16671030680018087
z4dp4z5s,Modèle all wave after,94,23.0,0.00013712839299212547,0.8281007837504148,23.099997712339135,0.06998421803243665,0.03181264171143994,0.11627365951426327,498.5288802829582,0.037180937244556844,0.03661487629306653,0.028020696154975842,0.1407830976250191,0.17708386431237863
z4dp4z5s,Modèle all wave after,95,24.0,0.00013124719094030727,0.8266770634800196,23.205168275807573,0.06914194402799931,0.032021521212300286,0.11386615945957601,504.1146402440747,0.03743236043374054,0.03555929808006171,0.0273671566899265,0.1376662936301962,0.17729618254628393
z4dp4z5s,Modèle all wave after,96,25.0,0.00012524464377290304,0.8320212792605162,23.065789372421293,0.07026038599478561,0.03352535446174443,0.11607524543069303,502.19315941540987,0.03918828786117956,0.03519405606352995,0.027214724217511473,0.13627462107087335,0.178091132848133
z4dp4z5s,Modèle all wave after,97,26.0,0.00011914444080127963,0.825761616230011,22.871110154405354,0.0718529316381824,0.034590714232763276,0.1210152474232018,526.8843130514946,0.041177342529408634,0.03498915739868197,0.027108128700825955,0.13612895422885496,0.18357922271014707
z4dp4z5s,Modèle all wave after,98,27.0,0.0001129706567396483,0.8344560656696558,23.24171580805613,0.0688516273609832,0.03027247081627138,0.11985418130643666,497.57314581365074,0.03769858629675582,0.035351039451216495,0.0272551407707074,0.13645606175545724,0.19106553315452718
z4dp4z5s,Modèle all wave after,99,28.0,0.0001067476566931667,0.8341244049370289,22.82944930372686,0.07219839361711948,0.03488245507469401,0.11476600705645978,509.3246469296308,0.0405483795912005,0.034655181308006565,0.026864186609013668,0.13438038978605502,0.1922724693713169
z4dp4z5s,Modèle all wave after,100,29.0,0.0001005,0.8295931350439787,23.223636053854957,0.06899509187672476,0.03188752100686543,0.11615670658648014,492.6535886751389,0.03728201048215851,0.03457289928900859,0.026798400070307957,0.13429402695187637,0.2023661287441369
z4dp4z5s,Modèle all wave after,101,30.0,9.425234330683332e-05,0.8425997514277697,23.29750801520246,0.06841078899236988,0.030357562325662002,0.11810413643252105,483.0664741527118,0.037518476601690054,0.033627454086296985,0.02608362833158143,0.13144577381711814,0.19863775132163877
z4dp4z5s,Modèle all wave after,102,31.0,8.802934326035174e-05,0.838118027895689,22.963983982174017,0.07108873740911666,0.03401978415786289,0.1178061154205352,497.21507825996304,0.0403177808620967,0.03350259379423674,0.02605911429911371,0.13102407882651013,0.20734498263787357
z4dp4z5s,Modèle all wave after,103,32.0,8.18555591987204e-05,0.836688568815589,23.225279975055923,0.06898203486514197,0.030949597799917683,0.1128228222951293,486.35418927677006,0.0365028302767314,0.033566203854617574,0.0261054192481923,0.1315557287645436,0.2125975730558557
z4dp4z5s,Modèle all wave after,104,,,,,,,,,,,,,
z4dp4z5s,Modèle all wave after,105,,,,,,,,,,,,,
z4dp4z5s,Modèle all wave after,106,,,,,,,,,,,,,
z4dp4z5s,Modèle all wave after,107,,,,,,,,,,,,,
z4dp4z5s,Modèle all wave after,108,,,,,,,,,,,,,
z4dp4z5s,Modèle all wave after,109,,,,,,,,,,,,,
z4dp4z5s,Modèle all wave after,110,,,,,,,,,,,,,
z4dp4z5s,Modèle all wave after,111,,,,,,,,,,,,,
z4dp4z5s,Modèle all wave after,112,33.0,7.575535622709694e-05,0.8332166653126478,23.24032712059829,0.06886263613947628,0.030767757270950824,0.1274470577482134,494.26897667580647,0.04043828751309775,0.03313399017638256,0.025833253767491588,0.13035316564022534,0.21901049546056217
z4dp4z5s,Modèle all wave after,113,34.0,6.975280905969277e-05,0.8413585759699345,23.312447470616142,0.06829322573089307,0.030368450476089492,0.11421306058764458,477.55560444123716,0.03656311321537942,0.03280483549010129,0.02561291224593597,0.12894544939720823,0.22646763075083012
z4dp4z5s,Modèle all wave after,114,35.0,6.387160700787457e-05,0.8396182861179113,23.324402640180104,0.06819929229358394,0.03006745158927515,0.12145381874870509,476.8097877776059,0.03875781534588896,0.032654961961652004,0.02559220452132004,0.12870599074108946,0.2155032942169591
z4dp4z5s,Modèle all wave after,115,36.0,5.813496048927527e-05,0.841344216838479,23.132248441773456,0.06972484827824918,0.032576172932749614,0.11316059494856745,486.15925584347724,0.03839615941978991,0.032530224784427596,0.02540870094972272,0.12825472400553764,0.2560257782799102
z4dp4z5s,Modèle all wave after,116,,,,,,,,,,,,,
z4dp4z5s,Modèle all wave after,117,,,,,,,,,,,,,
z4dp4z5s,Modèle all wave after,118,,,,,,,,,,,,,
z4dp4z5s,Modèle all wave after,119,,,,,,,,,,,,,
r3pubh42,Modèle all wave,0,1.0,2e-05,0.6496016403724407,7.782939229530327,0.40818123797808453,0.05461149559966449,0.2680604200938652,952.3761202592827,0.077138333356586,0.13384126895704332,0.08264971425772732,0.4136179345540511,0.43802775474440336
r3pubh42,Modèle all wave,1,,,,,,,,,,,,,
r3pubh42,Modèle all wave,2,,,,,,,,,,,,,
r3pubh42,Modèle all wave,3,,,,,,,,,,,,,
r3pubh42,Modèle all wave,4,,,,,,,,,,,,,
r3pubh42,Modèle all wave,5,,,,,,,,,,,,,
r3pubh42,Modèle all wave,6,,,,,,,,,,,,,
r3pubh42,Modèle all wave,7,,,,,,,,,,,,,
r3pubh42,Modèle all wave,8,,,,,,,,,,,,,
r3pubh42,Modèle all wave,9,2.0,7.999999999999999e-05,0.7319259684661339,26.117514500751618,0.0494452156046933,0.027649031117044646,0.15858032066246558,699.1535730156659,0.0366111964244267,0.059895784840879276,0.040350663555292494,0.23254483320519456,0.34874198814997304
r3pubh42,Modèle all wave,10,,,,,,,,,,,,,
r3pubh42,Modèle all wave,11,,,,,,,,,,,,,
r3pubh42,Modèle all wave,12,,,,,,,,,,,,,
r3pubh42,Modèle all wave,13,,,,,,,,,,,,,
r3pubh42,Modèle all wave,14,,,,,,,,,,,,,
r3pubh42,Modèle all wave,15,,,,,,,,,,,,,
r3pubh42,Modèle all wave,16,,,,,,,,,,,,,
r3pubh42,Modèle all wave,17,,,,,,,,,,,,,
r3pubh42,Modèle all wave,18,3.0,0.00014,0.7267812675443189,26.188856178234225,0.04904075990156989,0.028037406889529062,0.16053600095469375,672.7037078389972,0.03706769625945338,0.04713441739575221,0.03299642436238181,0.19552766690906295,0.2538157820574239
r3pubh42,Modèle all wave,19,4.0,0.0002,0.7514346632464178,26.879292398347708,0.04529344770026239,0.02539810808054332,0.14939564312326498,640.7564513876181,0.03371613048787775,0.04508144996710058,0.03187798595644979,0.18697138012856498,0.2333872266050078
r3pubh42,Modèle all wave,20,,,,,,,,,,,,,
r3pubh42,Modèle all wave,21,,,,,,,,,,,,,
r3pubh42,Modèle all wave,22,,,,,,,,,,,,,
r3pubh42,Modèle all wave,23,,,,,,,,,,,,,
r3pubh42,Modèle all wave,24,,,,,,,,,,,,,
r3pubh42,Modèle all wave,25,,,,,,,,,,,,,
r3pubh42,Modèle all wave,26,,,,,,,,,,,,,
r3pubh42,Modèle all wave,27,,,,,,,,,,,,,
r3pubh42,Modèle all wave,28,5.0,0.00019980365947861302,0.7236359222181912,25.171632619284274,0.055133856180998496,0.02959597277744063,0.166345048824261,684.1701978448756,0.03950989053680979,0.042350853650042646,0.03039453035363784,0.17771306137243906,0.19905410761125067
r3pubh42,Modèle all wave,29,6.0,0.00019921541278079057,0.8017362746699103,27.7153226045482,0.04113711869313746,0.023120457467077107,0.1359760113831224,595.1358845681851,0.030405458319803763,0.041343304336580455,0.029741572025112618,0.17498974973319942,0.1876281337159821
r3pubh42,Modèle all wave,30,,,,,,,,,,,,,
r3pubh42,Modèle all wave,31,,,,,,,,,,,,,
r3pubh42,Modèle all wave,32,,,,,,,,,,,,,
r3pubh42,Modèle all wave,33,,,,,,,,,,,,,
r3pubh42,Modèle all wave,34,,,,,,,,,,,,,
r3pubh42,Modèle all wave,35,,,,,,,,,,,,,
r3pubh42,Modèle all wave,36,,,,,,,,,,,,,
r3pubh42,Modèle all wave,37,,,,,,,,,,,,,
r3pubh42,Modèle all wave,38,7.0,0.00019823758144750454,0.700113981962204,7.888018634542653,0.4032729278011054,0.12575318246822934,0.18364255130290985,1785.684791113987,0.13929629287329212,0.04022476451996809,0.029060729954423558,0.17144471960954177,0.19959288033155295
r3pubh42,Modèle all wave,39,8.0,0.0001968740245322988,0.7466649598088758,17.829749421320486,0.12838448074956937,0.05155384489174547,0.22469753155420566,729.465211110209,0.0765598214648921,0.04241345782215015,0.030256000228035144,0.17963509099223676,0.22069003273788682
r3pubh42,Modèle all wave,40,9.0,0.0001951301233713678,0.7578618135945551,27.231146092353686,0.043495336528762925,0.02463006504393857,0.14746152994961575,632.7080732160475,0.03269106612123292,0.039239307961020715,0.02819908008329634,0.1694853174317087,0.1951310069133074
r3pubh42,Modèle all wave,41,10.0,0.000193012760345881,0.7640129389434025,20.461980752963594,0.09482022081355644,0.04142217350931003,0.21005603568307285,715.2600045207212,0.0633950221898227,0.03801630426230084,0.02749573693682368,0.16428594625531098,0.1888157803660784
r3pubh42,Modèle all wave,42,11.0,0.00019053029172036895,0.7753841527577104,26.9741152806127,0.04480167342186927,0.024512362505855232,0.14388381021803823,617.3424809389112,0.032357405357319735,0.03914110134873125,0.02825501152019725,0.1686556751274655,0.18575510156587657
r3pubh42,Modèle all wave,43,12.0,0.00018769251466436442,0.7756998333437689,27.133346873860788,0.04398784198632747,0.025145231392876857,0.14755267367280764,578.8457729007434,0.03316853471614163,0.03704894588798539,0.027139955709696326,0.16106321914201108,0.1755956899151843
r3pubh42,Modèle all wave,44,13.0,0.00018451062858745052,0.7693219945348543,24.633508579699583,0.05865763799970546,0.029716379105530936,0.1626744306293027,657.9750001392665,0.04011652387421707,0.037288865400876246,0.026873416275295436,0.16269843662396455,0.18221084318227238
r3pubh42,Modèle all wave,45,14.0,0.00018099719094030728,0.7542193203136839,24.444968307989797,0.05994480953034389,0.031006105757992845,0.16349016386887122,661.4386077569275,0.04065114959817508,0.03711640818092304,0.026982096035797626,0.16196146725207314,0.16983106448991686
r3pubh42,Modèle all wave,46,15.0,0.00017716606765619104,0.7854530318029995,26.14753583367589,0.04927461144282305,0.026045852340757847,0.14553752336008796,609.8328372786539,0.033859725078118255,0.03521288002435213,0.025988518049478784,0.15405818800895643,0.16955936770153862
r3pubh42,Modèle all wave,47,16.0,0.00017303237842843046,0.7879430631111408,24.479817568566027,0.059704782636408084,0.02970626301549632,0.15232695613441796,635.3274961349925,0.03856690375712411,0.03543309172472128,0.0260112612014716,0.15527807854307005,0.17777574399852344
r3pubh42,Modèle all wave,48,17.0,0.00016861243703990454,0.8155029087231077,27.444770323694634,0.04243864252895775,0.023624652611284422,0.13445796509241237,589.046173987495,0.03066862522271173,0.034277876870881796,0.02530877322006302,0.15117450685709968,0.16832203274736038
r3pubh42,Modèle all wave,49,18.0,0.00016392368697999463,0.7673737077877439,25.42065798164037,0.05357560708808252,0.02804964941380353,0.14987678928621884,642.3562824999525,0.0361937771326509,0.034518060433622606,0.025366941653988045,0.15188837761425564,0.15940315133103958
r3pubh42,Modèle all wave,50,19.0,0.0001589846326031011,0.7945771546199404,20.00450596729869,0.09994813658806202,0.04243726132373358,0.1642165595087512,701.5455975750381,0.053036791111888554,0.03411799951846528,0.025254567607473105,0.15093713021303853,0.17320582512606922
r3pubh42,Modèle all wave,51,20.0,0.00015381476610041016,0.786255326764337,25.194117290829286,0.05499131885264637,0.027488876776448613,0.15271565497949205,618.7266019420497,0.03684807607326014,0.03337478961668208,0.024776014403846018,0.1485840791884141,0.1619728353097398
r3pubh42,Modèle all wave,52,21.0,0.00014843449057312067,0.7560094430528838,19.840734197997957,0.10185052925379429,0.04369043321188154,0.19062104872588453,705.1884255902769,0.05883163856021289,0.03325622113278279,0.024593536662431355,0.14742481854991016,0.18103107096802476
r3pubh42,Modèle all wave,53,22.0,0.00014286503951072474,0.81017274075541,23.70779316809744,0.06525448125941553,0.03080283224197297,0.1579692723422215,618.3526262911054,0.04177965236635044,0.033431828571244694,0.024638601917073004,0.14859554878412148,0.18020354602963495
r3pubh42,Modèle all wave,54,23.0,0.00013712839299212547,0.8109834070863395,28.206897480837174,0.03887363261665917,0.0210536562934004,0.12918649562473955,506.5714748687767,0.027851511563720375,0.03274408690472189,0.024402053457581334,0.14613357571582508,0.1814383483913719
r3pubh42,Modèle all wave,55,,,,,,,,,,,,,
r3pubh42,Modèle all wave,56,,,,,,,,,,,,,
r3pubh42,Modèle all wave,57,,,,,,,,,,,,,
r3pubh42,Modèle all wave,58,,,,,,,,,,,,,
r3pubh42,Modèle all wave,59,,,,,,,,,,,,,
r3pubh42,Modèle all wave,60,,,,,,,,,,,,,
r3pubh42,Modèle all wave,61,,,,,,,,,,,,,
r3pubh42,Modèle all wave,62,,,,,,,,,,,,,
r3pubh42,Modèle all wave,63,24.0,0.00013124719094030727,0.7958791461484186,24.253603754371067,0.06128014895591839,0.028725411100634212,0.14756047109077716,577.8687070097392,0.03690203613248365,0.03239003466999429,0.024075956390295018,0.14527218021516108,0.16913000494241714
r3pubh42,Modèle all wave,64,25.0,0.00012524464377290304,0.8206331051629165,24.317641131482105,0.06083001778323004,0.029136638992048543,0.13988442359299497,566.4638099462669,0.036613306030631065,0.03229693803363121,0.02394739805091905,0.14452059627470806,0.1968604693045983
r3pubh42,Modèle all wave,65,26.0,0.00011914444080127963,0.8409751797544545,27.011692521859292,0.04460826929821513,0.02365583419029055,0.13140460155133543,548.6908654950352,0.03057866986712505,0.03143871475297671,0.023569277041933984,0.1405555205976861,0.17435253258699027
r3pubh42,Modèle all wave,66,27.0,0.0001129706567396483,0.8492955668219204,28.626167944908826,0.03704175907987382,0.020080376384330207,0.1246414605913491,492.0669872094556,0.02665857110044052,0.031598432857192986,0.023529433346807193,0.14102742559889442,0.189279033039005
r3pubh42,Modèle all wave,67,,,,,,,,,,,,,
r3pubh42,Modèle all wave,68,,,,,,,,,,,,,
r3pubh42,Modèle all wave,69,,,,,,,,,,,,,
r3pubh42,Modèle all wave,70,,,,,,,,,,,,,
r3pubh42,Modèle all wave,71,,,,,,,,,,,,,
r3pubh42,Modèle all wave,72,,,,,,,,,,,,,
r3pubh42,Modèle all wave,73,,,,,,,,,,,,,
r3pubh42,Modèle all wave,74,,,,,,,,,,,,,
r3pubh42,Modèle all wave,75,28.0,0.0001067476566931667,0.8382699099080316,23.491833560386027,0.06689725874074705,0.028320761333251822,0.14479336142539978,564.7761128000441,0.03691397109550649,0.030580724103965312,0.02304836134147695,0.1377598187352857,0.18652273456637675
r3pubh42,Modèle all wave,76,29.0,0.0001005,0.8555236643758314,28.397263825234788,0.03803091800780819,0.020813536701788163,0.12358629241071899,494.6423061996662,0.027155173813988423,0.03044385141414455,0.02287468519141404,0.1373116352682949,0.1847292567229169
r3pubh42,Modèle all wave,77,30.0,9.425234330683332e-05,0.8549345937268488,28.690026466361374,0.03677042729622989,0.01960551205637126,0.12378591954194267,486.57294276327093,0.025901469755275495,0.030086177150503948,0.02282157714247831,0.13508471512259582,0.18516223447827193
r3pubh42,Modèle all wave,78,,,,,,,,,,,,,
r3pubh42,Modèle all wave,79,,,,,,,,,,,,,
r3pubh42,Modèle all wave,80,,,,,,,,,,,,,
r3pubh42,Modèle all wave,81,,,,,,,,,,,,,
r3pubh42,Modèle all wave,82,,,,,,,,,,,,,
r3pubh42,Modèle all wave,83,,,,,,,,,,,,,
r3pubh42,Modèle all wave,84,,,,,,,,,,,,,
r3pubh42,Modèle all wave,85,,,,,,,,,,,,,
r3pubh42,Modèle all wave,86,31.0,8.802934326035174e-05,0.8073230303567032,26.98224234017139,0.04475977378965667,0.02479097288872661,0.13800515517078596,519.5492825206397,0.03194491321156765,0.03031203165077246,0.022756455812412195,0.1369821225476061,0.19435143712748829
r3pubh42,Modèle all wave,87,32.0,8.18555591987204e-05,0.839026640201437,28.740758019229503,0.03655628874787592,0.019490028281920944,0.12356997088625513,482.9102831598626,0.02575536097945838,0.02992734104458593,0.022555900534662682,0.1356119225677262,0.2075135712312837
r3pubh42,Modèle all wave,88,,,,,,,,,,,,,
r3pubh42,Modèle all wave,89,,,,,,,,,,,,,
r3pubh42,Modèle all wave,90,,,,,,,,,,,,,
r3pubh42,Modèle all wave,91,,,,,,,,,,,,,
r3pubh42,Modèle all wave,92,,,,,,,,,,,,,
r3pubh42,Modèle all wave,93,,,,,,,,,,,,,
r3pubh42,Modèle all wave,94,,,,,,,,,,,,,
r3pubh42,Modèle all wave,95,,,,,,,,,,,,,
r3pubh42,Modèle all wave,96,33.0,7.575535622709694e-05,0.8443483258115834,28.2730777337982,0.03857856891530373,0.01996167572536345,0.12333888766066782,519.5055350984711,0.026005481530366272,0.029693755209764354,0.022527642460524015,0.1339512422808215,0.19902992251719165
r3pubh42,Modèle all wave,97,34.0,6.975280905969277e-05,0.8270396713552803,26.912009092410855,0.04512316409936872,0.023788586901179676,0.13448101076586494,547.2247648546656,0.030802225501372897,0.029176320848811384,0.0221204920950481,0.13257875045140585,0.20876415936738
r3pubh42,Modèle all wave,98,35.0,6.387160700787457e-05,0.836078927434724,27.41908243600605,0.04256433750689518,0.023144007275073694,0.1281265022939649,513.1255309553334,0.029693279672285605,0.02928921187089549,0.02210859787196685,0.13275146468454957,0.19952935961067167
r3pubh42,Modèle all wave,99,36.0,5.813496048927527e-05,0.857999811912405,28.447251814792054,0.03781267563650882,0.01935502266960925,0.12085295699793717,490.14824204956665,0.025343220359806358,0.029135912131422605,0.02194353195034668,0.13279638929754242,0.21556867799188337
r3pubh42,Modèle all wave,100,,,,,,,,,,,,,
r3pubh42,Modèle all wave,101,,,,,,,,,,,,,
r3pubh42,Modèle all wave,102,,,,,,,,,,,,,
r3pubh42,Modèle all wave,103,,,,,,,,,,,,,
r3pubh42,Modèle all wave,104,,,,,,,,,,,,,
r3pubh42,Modèle all wave,105,,,,,,,,,,,,,
r3pubh42,Modèle all wave,106,,,,,,,,,,,,,
r3pubh42,Modèle all wave,107,,,,,,,,,,,,,
r3pubh42,Modèle all wave,108,37.0,5.256550942687932e-05,0.8369970424421902,28.619968293433942,0.037068207490064814,0.019750353655424612,0.12298846013587096,462.2617389646064,0.026011204860847573,0.02885071399152024,0.02181635495338939,0.13179619148628324,0.21588822368245858
r3pubh42,Modèle all wave,109,38.0,4.718523389958981e-05,0.8408845272557489,28.21471294750852,0.03883867028708622,0.020311724298216146,0.12448070146914186,483.2625438378625,0.026663468187225276,0.028470279979240946,0.02159660078314507,0.13023036731104565,0.2186544729404695
r3pubh42,Modèle all wave,110,39.0,4.201536739689893e-05,0.8526672063202694,28.764728389764734,0.03645554376716345,0.019053130828101058,0.1220041068977323,482.9865163661884,0.025158852081874322,0.02798870901585135,0.021331994698788874,0.1285438628660308,0.21877562569884154
r3pubh42,Modèle all wave,111,,,,,,,,,,,,,
r3pubh42,Modèle all wave,112,,,,,,,,,,,,,
r3pubh42,Modèle all wave,113,,,,,,,,,,,,,
r3pubh42,Modèle all wave,114,,,,,,,,,,,,,
r3pubh42,Modèle all wave,115,,,,,,,,,,,,,
r3pubh42,Modèle all wave,116,,,,,,,,,,,,,
r3pubh42,Modèle all wave,117,,,,,,,,,,,,,
r3pubh42,Modèle all wave,118,,,,,,,,,,,,,
r3pubh42,Modèle all wave,119,40.0,3.707631302000537e-05,0.8496853195387741,27.67075763215469,0.041348724609101,0.02062346015510888,0.12580268187769528,472.152245212949,0.027007807881153863,0.028348985733066358,0.021445560245177686,0.129307677061894,0.22721404938802697
r3pubh42,Modèle all wave,120,41.0,3.238756296009547e-05,0.8387943588454148,28.807906739498698,0.036274769628191754,0.01961174536624859,0.12291009004773765,452.8191062614984,0.02568172387264926,0.027767224074142356,0.02119166284608535,0.1273461362490287,0.24341077083705837
r3pubh42,Modèle all wave,121,42.0,2.7967621571569576e-05,0.8416555482765724,28.645017253865227,0.03696146166174944,0.01939128239735447,0.12294774374057507,483.51894252519423,0.025571496354351783,0.027818452415621687,0.021127597325377993,0.12791285883539763,0.2390431645525317
r3pubh42,Modèle all wave,122,43.0,2.3833932343808982e-05,0.845080749741916,28.739907780721936,0.03655986732036275,0.019152540617204946,0.1240681969913943,462.3924936538964,0.02547257342215242,0.027850227764783762,0.02115885270202262,0.12783408422882742,0.23223810603157577
r3pubh42,Modèle all wave,123,44.0,2.0002809059692742e-05,0.8560505673803133,26.87867902423517,0.04529664631438329,0.022356052144334233,0.13023444573427068,451.87013962540715,0.029053273225395845,0.027537851793389034,0.020972104619742714,0.12670670226853117,0.22871856480582148
r3pubh42,Modèle all wave,124,45.0,1.6489371412549524e-05,0.8304876171309372,28.58351997041272,0.03722408245055495,0.019660778183104664,0.12425746563179739,448.86626511338864,0.025685152873910707,0.027403639128001835,0.020823649620302975,0.12660546553058502,0.2447471035978733
r3pubh42,Modèle all wave,125,46.0,1.3307485335635575e-05,0.8320776614649542,28.08299904611093,0.03943211281795284,0.021230470485471446,0.1240735038601119,448.7880180189216,0.027305852300648033,0.027435059165661663,0.02100923127677833,0.1258889194100331,0.23690913916907758
r3pubh42,Modèle all wave,126,47.0,1.0469708279631076e-05,0.8362652125029728,28.947683983738855,0.03569569160249122,0.018888189617929787,0.1212533303889735,422.4665239375874,0.024880984541157197,0.027233133307443216,0.020896174304155458,0.1254054653402577,0.2298006320006063
r3pubh42,Modèle all wave,127,,,,,,,,,,,,,
r3pubh42,Modèle all wave,128,,,,,,,,,,,,,
r3pubh42,Modèle all wave,129,,,,,,,,,,,,,
r3pubh42,Modèle all wave,130,,,,,,,,,,,,,
r3pubh42,Modèle all wave,131,,,,,,,,,,,,,
r3pubh42,Modèle all wave,132,,,,,,,,,,,,,
r3pubh42,Modèle all wave,133,,,,,,,,,,,,,
r3pubh42,Modèle all wave,134,,,,,,,,,,,,,
r3pubh42,Modèle all wave,135,48.0,7.987239654118992e-06,0.8537361066916893,29.118251606868224,0.03500156150003368,0.018050018248373066,0.12031532297360487,414.75943408021016,0.02414407144332754,0.027053609100353513,0.02060357090802147,0.12567797678912807,0.2551713247234241
r3pubh42,Modèle all wave,136,,,,,,,,,,,,,
r3pubh42,Modèle all wave,137,,,,,,,,,,,,,
r3pubh42,Modèle all wave,138,,,,,,,,,,,,,
r3pubh42,Modèle all wave,139,,,,,,,,,,,,,
r3pubh42,Modèle all wave,140,,,,,,,,,,,,,
r3pubh42,Modèle all wave,141,,,,,,,,,,,,,
r3pubh42,Modèle all wave,142,,,,,,,,,,,,,
r3pubh42,Modèle all wave,143,,,,,,,,,,,,,
r3pubh42,Modèle all wave,144,49.0,5.8698766286322235e-06,0.8704259272279411,28.98475432658925,0.035543671273674096,0.018692150133950956,0.11779942491958881,408.31507336247086,0.024611956536256033,0.026983331825233933,0.020542415065897837,0.12547575615537473,0.2638346446502922
r3pubh42,Modèle all wave,145,50.0,4.125975467701219e-06,0.8604429919144203,29.015210026342977,0.0354192612453265,0.018407846094462377,0.11859008901078126,417.2525297778666,0.024277412525281823,0.026792899972130347,0.020492899565933607,0.12464062016234438,0.2392203402824891
r3pubh42,Modèle all wave,146,51.0,2.7624185524954723e-06,0.8435235866184893,28.884715613774357,0.03595540784150397,0.018928455028297573,0.12090503270256109,422.3566986151102,0.02489266075707715,0.026967225691828973,0.020595985552311964,0.12506331216830474,0.24054880768188044
r3pubh42,Modèle all wave,147,52.0,1.7845872192094625e-06,0.8331910063480509,28.895686996238688,0.03591002026316014,0.019252202248778837,0.12212030897880423,419.6654956277606,0.025142760690430116,0.026404343203155912,0.020292378289418087,0.12288217950198385,0.23725997994088718
r3pubh42,Modèle all wave,148,53.0,1.19634052138698e-06,0.8299080873357838,28.778548906187396,0.036397583807066675,0.01941436387855431,0.12239091149691878,435.7537143570925,0.025282681309457482,0.02693985815709218,0.02061009767632454,0.12470527970765391,0.250883631567415
r3pubh42,Modèle all wave,149,54.0,0.0002,0.829995660946287,28.301793285636375,0.03845123875611498,0.02064245698395474,0.12686467427631903,547.7367476033374,0.02701649201455815,0.032458172155878484,0.024093366868825804,0.14457341350423983,0.24045294663335523
r3pubh42,Modèle all wave,150,55.0,0.00019980365947861302,0.8450836457055191,26.527687510048192,0.04716454232571285,0.02499762678454662,0.13286142282444854,517.0231023001675,0.03228633542513025,0.03185785795028648,0.023711838070940003,0.14215832286410862,0.21507031231736526
r3pubh42,Modèle all wave,151,56.0,0.00019921541278079057,0.8302234514006253,27.097222024097476,0.04417116957797882,0.023419956162828822,0.13457179172285672,487.7737446229258,0.030676508964649563,0.031258108102294624,0.023469062434493475,0.13916555553292617,0.2023551005265142
r3pubh42,Modèle all wave,152,57.0,0.00019823758144750454,0.8337230230199879,28.484316479551058,0.0376516641381358,0.019915070705886544,0.12738023312955066,512.6049540151243,0.02672609718966073,0.030654504736009825,0.022966528582012553,0.13664973562217167,0.20048585339871228
r3pubh42,Modèle all wave,153,58.0,0.0001968740245322988,0.8382924856810734,27.224255524637204,0.04352985532712795,0.022531864554460705,0.1283923115195899,530.029372424465,0.029060043523023868,0.031021541087991662,0.0232402527004353,0.13897807507688165,0.2017414910862079
r3pubh42,Modèle all wave,154,59.0,0.0001951301233713678,0.8413921019126629,24.88240578641157,0.057000637210356954,0.026948103906008703,0.1361402417051381,542.1639309749442,0.03437494672834873,0.030219279874402743,0.022776441875463113,0.13571698186743972,0.1935369808577065
r3pubh42,Modèle all wave,155,60.0,0.000193012760345881,0.8421460348984291,28.547522935097472,0.03737867076622588,0.02053853403776884,0.1250274577017488,506.41236061205257,0.026970490170963878,0.02995112330581133,0.022540080317288127,0.13549060750211406,0.19007823164137
r3pubh42,Modèle all wave,156,61.0,0.00019053029172036895,0.8288283060336935,26.041079762097503,0.049882247388369605,0.02438107630687541,0.13958136043671904,524.5702138417445,0.032402673222381495,0.030333935943806272,0.02266724939004351,0.13698425943143347,0.19842362155516943
r3pubh42,Modèle all wave,157,62.0,0.00018769251466436442,0.8228894965402012,28.146128067710276,0.03914655929038423,0.02120098561562341,0.1308281552688829,524.8941175506224,0.02781534673453405,0.030901674061822586,0.022889364924695756,0.13869885523986614,0.1974461567106432
r3pubh42,Modèle all wave,158,63.0,0.00018451062858745052,0.8631934934648974,28.254606211435167,0.038660697883419394,0.021433874482995476,0.12257042116132276,508.900533296962,0.027364301174108326,0.030354399839018144,0.022847131221021853,0.13694266787069476,0.19060955024682558
r3pubh42,Modèle all wave,159,,,,,,,,,,,,,
r3pubh42,Modèle all wave,160,,,,,,,,,,,,,
r3pubh42,Modèle all wave,161,,,,,,,,,,,,,
r3pubh42,Modèle all wave,162,,,,,,,,,,,,,
