run_id,run_name,_step,epoch,lr,val_ssim,val_psnr,val_rmse,val_mae,val_sam,val_ergas,val_loss,train_loss,train_mae,train_sam,train_grad_norm
whs69rcw,Modèle résiduel MSE,0,1,2e-05,0.690920789693964,21.46664047017749,0.0844632865977877,0.0511377264328044,0.2635068364184478,323.7466949753327,0.0266030147222095,0.074114040336293,0.0737469241532505,0.3766963386382812,0.3140818779476178
whs69rcw,Modèle résiduel MSE,25,2,7.999999999999999e-05,0.7470682283927654,25.64624016530048,0.0522021020995364,0.0310143820684531,0.156412924158162,282.03256165352815,0.0116590264028516,0.0198149966537697,0.0393705342569921,0.2031358991168503,0.1508464214001965
whs69rcw,Modèle résiduel MSE,50,3,0.00014,0.7600493205004725,26.39677739127201,0.0478807704950427,0.0279370586163011,0.1428915971312029,254.0854195273384,0.0100322137667058,0.0147410128305419,0.0333981237286685,0.169880331103873,0.1137236788009221
whs69rcw,Modèle résiduel MSE,75,4,0.0002,0.7679977725292074,26.306750176805952,0.0483796242673165,0.0273974638046889,0.1381176679298795,247.4370656062958,0.0096548449103559,0.0137929112718114,0.0322479818525732,0.1632545258945379,0.0921298082535847
whs69rcw,Modèle résiduel MSE,100,5,0.0001998036594786,0.7632020896878736,25.67367416740656,0.0520374841518886,0.0292674383983529,0.1448065767000461,270.1301030453306,0.0105209806853712,0.0123871809118387,0.0306343175311628,0.154846274986481,0.0916540523608907
whs69rcw,Modèle résiduel MSE,101,6,0.0001992154127807,0.7654260376404072,26.392774871684537,0.0479028393782468,0.0279929041862487,0.1400775762981382,254.6586094777749,0.0096098859794437,0.0125047200992225,0.0309464440513879,0.1551919473796828,0.0796481236640332
whs69rcw,Modèle résiduel MSE,126,7,0.0001982375814475,0.7701425655134793,25.550222191697944,0.0527823704474957,0.0294530661455516,0.1451187606515555,240.32810956972187,0.0108471706204501,0.0111935748977379,0.0292521703144551,0.1472693727885046,0.0726213107267633
whs69rcw,Modèle résiduel MSE,127,8,0.0001968740245322,0.7691572884033466,25.52484010118677,0.0529368377913473,0.0294405374804447,0.1460040239938374,252.32056752687376,0.0109171021312218,0.0112523139299203,0.0289138894305269,0.1470561256138687,0.0768633521854495
whs69rcw,Modèle résiduel MSE,128,9,0.0001951301233713,0.7797087533720608,26.38073080852209,0.0479693086790222,0.0273769811951908,0.1387463836320515,246.64641244431468,0.0094154809184115,0.011070884242813,0.0286254988999193,0.1460315289978797,0.0696360463451626
whs69rcw,Modèle résiduel MSE,153,10,0.0001930127603458,0.7554466374989214,24.911184933034903,0.0568120882962594,0.035121775713974,0.1720907814029989,262.10379259041235,0.0129890121391107,0.0106401943908128,0.0282210403193648,0.1439482740675791,0.0800451163727885
whs69rcw,Modèle résiduel MSE,154,11,0.0001905302917203,0.7968014108723608,27.421958851597484,0.0425502442523182,0.0243286929767707,0.1252794830963529,225.71389888640044,0.007978781543929,0.0109920351602869,0.0286913368707666,0.1466625942888423,0.0764708218252302
whs69rcw,Modèle résiduel MSE,179,12,0.0001876925146643,0.7977698609746736,27.30459238600584,0.0431290985237408,0.0252360330958818,0.1255730831160627,221.5378456035556,0.008161390497317,0.0103379632107531,0.0278306417644788,0.1409212013658805,0.067104408931401
whs69rcw,Modèle résiduel MSE,180,13,0.0001845106285874,0.7927086045002115,27.356472496794613,0.0428722597360204,0.0250518206378509,0.1296741982986187,222.4031363953219,0.0083143217167977,0.0100250470981352,0.0273778048049435,0.1389342236022154,0.0707242884792578
whs69rcw,Modèle résiduel MSE,181,14,0.0001809971909403,0.7910309968323543,26.53832132175914,0.0471068358614394,0.0270691368215042,0.1368361477707994,243.67183081769895,0.0094588368183708,0.0104279051451251,0.0278373611573543,0.1409697253097835,0.1087283209029935
whs69rcw,Modèle résiduel MSE,182,15,0.0001771660676561,0.794174284770571,26.82876053647792,0.0455577191714645,0.0253733690057335,0.1283098872879456,244.24484597060655,0.0085027439856965,0.0108112176585719,0.0282100143118037,0.1432388818098439,0.0760180376247208
whs69rcw,Modèle résiduel MSE,183,16,0.0001730323784284,0.8041035080778187,27.132195509124934,0.0439936732147958,0.0246274149494952,0.1258244635216121,211.544891746271,0.0082720687355974,0.0098151865357564,0.027178149145001,0.1374693221261358,0.0694559038354036
whs69rcw,Modèle résiduel MSE,184,17,0.0001686124370399,0.7981112393839606,27.38309071377323,0.0427410772842194,0.0242906081458104,0.126658850188913,218.9328150729956,0.0081854312247114,0.0099269914904481,0.0274175492266559,0.1381685018985189,0.0777574511897614
whs69rcw,Modèle résiduel MSE,185,18,0.0001639236869799,0.801735769058096,27.406840816049964,0.0426243686399187,0.0247579662707345,0.1238254957414906,229.532759818061,0.0079184661715708,0.0094215451763608,0.0268271028295031,0.1344680477283958,0.0688920614635969
whs69rcw,Modèle résiduel MSE,210,19,0.0001589846326031,0.7952779921992071,26.695677810640262,0.0462611164278508,0.0259650381089284,0.1321251104617941,245.97120293380212,0.0089578751378275,0.0096645038813734,0.0271738224193199,0.1349880565435458,0.072957875748348
whs69rcw,Modèle résiduel MSE,211,20,0.0001538147661004,0.8114950636337543,27.402606221883342,0.0426451541801349,0.0248141053036369,0.1228016342582373,217.1721070895151,0.007843332862931,0.0094969642117746,0.0266192786228389,0.1350411236859285,0.0709569418691417
whs69rcw,Modèle résiduel MSE,236,21,0.0001484344905731,0.8192306715866615,27.745528678287428,0.0409943085981326,0.0237222592635401,0.121235040112816,203.5805899545524,0.0075176445976028,0.0093110871708227,0.0265562936074586,0.1333990958320279,0.0708440646178956
whs69rcw,Modèle résiduel MSE,261,22,0.0001428650395107,0.8148639140457943,27.12548917772389,0.0440276536234476,0.0251818793857919,0.1242597372881297,230.08292347511943,0.008118905608767,0.0092664680823795,0.0265796335461812,0.1330408214503883,0.0800448349700906
whs69rcw,Modèle résiduel MSE,262,23,0.0001371283929921,0.8138943376212284,27.719480391729125,0.0411174317685274,0.0235117447145026,0.1222910272150204,209.447881901436,0.0077952226896866,0.0096002136253648,0.0266986558786951,0.1347284182014628,0.083134370489826
whs69rcw,Modèle résiduel MSE,263,24,0.0001312471909403,0.8151866588099249,27.739230779368,0.0410240432187745,0.0233787682935081,0.1228772825722036,208.82057038733063,0.0077042703372265,0.008982825359632,0.0260200992497241,0.1299307250505329,0.0782493953553275
whs69rcw,Modèle résiduel MSE,264,25,0.0001252446437729,0.7969787285245699,25.061661172517205,0.0558363397774065,0.0308540829553686,0.1504800389039105,241.55707014028144,0.0112405263353139,0.008867049182797,0.0259607476938484,0.1297403884112325,0.0807759305541841
whs69rcw,Modèle résiduel MSE,265,26,0.0001191444408012,0.8234543656480724,27.756584123654715,0.0409421640215785,0.0236388451323427,0.1215727876486449,199.65200854099004,0.0074534029218143,0.0087929177993478,0.0260918902026282,0.1289364475534003,0.0736897393153646
whs69rcw,Modèle résiduel MSE,290,27,0.0001129706567396,0.8164204564587824,27.59760720693407,0.0416984238668569,0.0241220982038769,0.1206922717392444,234.9473439584117,0.0074743273796449,0.0087535997104441,0.0259953749039743,0.1285098135853425,0.0820156533279034
whs69rcw,Modèle résiduel MSE,291,28,0.0001067476566931,0.8194968330449072,27.13885192539906,0.043959971655783,0.0269611305075472,0.1241630107678216,217.16432772012183,0.0079100940794009,0.0084034198075214,0.0254091946447952,0.125888920460756,0.0799003131767241
whs69rcw,Modèle résiduel MSE,292,29,0.0001005,0.8241757072251419,27.882297645772564,0.0403538632288516,0.0229154834844942,0.118743943628566,212.207353804349,0.0073498368849335,0.0086226255491646,0.0255329401160662,0.1271860591876201,0.0942230579626356
whs69rcw,Modèle résiduel MSE,317,30,9.425234330683332e-05,0.819976479842745,26.514509912011647,0.0472361512343761,0.0269343181159989,0.1289118502674431,216.96637736989496,0.0083762387231249,0.0082533408203122,0.0252704142043605,0.1245164720930604,0.086202787896061
whs69rcw,Modèle résiduel MSE,318,31,8.802934326035174e-05,0.8298287371109272,27.616335332044784,0.0416086124566594,0.0241233350644851,0.117293099262591,214.9327155684976,0.0072846904413068,0.0079980127873599,0.0250233396943499,0.1232586149285491,0.0819034810918264
whs69rcw,Modèle résiduel MSE,343,32,8.18555591987204e-05,0.8214772795808727,27.63784060530831,0.0415057216976514,0.0244718136843936,0.1258036666389169,207.77263765284417,0.0077678958548168,0.0081147974721179,0.0250667513061601,0.1244269344541761,0.0892764274190124
whs69rcw,Modèle résiduel MSE,344,33,7.575535622709694e-05,0.8285707769722774,27.973253592286937,0.0399334948944145,0.022704036649445,0.1209600236395309,186.4515067444857,0.0072641665645842,0.0079182479679823,0.0247887052858296,0.1224497927305025,0.0857948395423591
whs69rcw,Modèle résiduel MSE,369,34,6.975280905969277e-05,0.8288885087802492,27.20310539265246,0.0436359796321709,0.0253205610888785,0.1200903010522497,220.70565986208223,0.007621918748743,0.008011019292176,0.0248327112287028,0.122842864666739,0.0947212558319298
whs69rcw,Modèle résiduel MSE,370,35,6.387160700787457e-05,0.8339760221284012,27.72569998570217,0.0410879998734279,0.023824635700419,0.1177630898510587,208.31303980104963,0.0073036789685359,0.0078996629951696,0.0247359744066165,0.1216852204539837,0.0888345262983107
whs69rcw,Modèle résiduel MSE,371,36,5.813496048927527e-05,0.8395265977958153,28.082866041733,0.0394327166344885,0.0223045431013251,0.11404149825203,193.99957104137272,0.00686372743502,0.0078141469365129,0.0247003371771584,0.1211070797573297,0.0982125048947512
whs69rcw,Modèle résiduel MSE,396,37,5.256550942687932e-05,0.8364586028559454,27.95389294057685,0.0400226050274159,0.0230511423714202,0.1171417062909438,193.63979141549623,0.007085944895215,0.0074780183450247,0.0241677837852293,0.1193705163577683,0.1091989017465812
whs69rcw,Modèle résiduel MSE,397,38,4.718523389958981e-05,0.8370342953451748,28.07028287023537,0.0394898838611499,0.0225051058263614,0.1162534212243968,188.40819524109585,0.0069005186749814,0.007309220971054,0.0241744328911105,0.1177923218307332,0.0923533618020323
whs69rcw,Modèle résiduel MSE,398,39,4.201536739689893e-05,0.841110280875502,27.939852827451585,0.0400873509916715,0.0234597031797828,0.1151184466635358,181.63508255074257,0.0070338491430698,0.0073219050870189,0.0239478456668364,0.1179439326445771,0.1036482413307341
whs69rcw,Modèle résiduel MSE,399,40,3.707631302000537e-05,0.8441084130056973,28.09461267499955,0.0393794246161864,0.0220363067527269,0.114656087524932,205.74349773602756,0.0073583251917092,0.0073223528153716,0.0240631457895804,0.1176946985925364,0.1061634327579512
whs69rcw,Modèle résiduel MSE,400,41,3.238756296009547e-05,0.8336544489038402,28.095597685419985,0.0393749591042026,0.0222713039096059,0.1161582326066905,193.7094208755791,0.0069135092118562,0.0071715778675185,0.0240100641320976,0.116295686421486,0.0966869935584373
whs69rcw,Modèle résiduel MSE,401,42,2.7967621571569576e-05,0.8451373864864481,28.31577897254288,0.0383893758617917,0.0213619602266056,0.1114706727194375,186.44588587129107,0.0067991000672416,0.0071522834398345,0.0237982218336855,0.1162582483365494,0.1042455781259152
whs69rcw,Modèle résiduel MSE,426,43,2.3833932343808982e-05,0.8381077174482674,28.091005806498867,0.039395780557485,0.0223713188978104,0.1188934306646215,184.1199095948068,0.0071536638003228,0.0070374477754195,0.0235576932358308,0.1157396316018879,0.1036894627265695
whs69rcw,Modèle résiduel MSE,427,44,2.0002809059692745e-05,0.8340033827156856,28.18797848312492,0.0389583967262827,0.0220093681187979,0.1184478900555906,187.370119273805,0.0069822309185461,0.0070060198304728,0.0236566421599724,0.1147878042653075,0.1017860318733076
whs69rcw,Modèle résiduel MSE,428,45,1.6489371412549524e-05,0.8370139598846436,28.13523629455728,0.0391956783676817,0.0220101380656505,0.1181375106860851,190.59643774704944,0.0069436200910472,0.0069160100060682,0.0236280008306742,0.1145967325020549,0.0974275425681446
whs69rcw,Modèle résiduel MSE,429,46,1.3307485335635575e-05,0.8474473069454062,28.25786303138142,0.0386462045690076,0.0216948324493293,0.113059505691816,178.31237451184427,0.0068321728131509,0.0067960836568401,0.0232951699071524,0.1138902723980255,0.1098765791433616
whs69rcw,Modèle résiduel MSE,430,47,1.0469708279631076e-05,0.842831029974181,28.359687614730213,0.0381958007591793,0.0213562552014301,0.1139537665093767,178.74847448957377,0.006826644683064,0.0067541077036537,0.0233268733176156,0.1130994973847499,0.1011000229204949
whs69rcw,Modèle résiduel MSE,431,48,7.987239654118992e-06,0.847329016389518,28.17921590928369,0.0389977189022543,0.0217739424893054,0.1132077857338149,188.15313371616344,0.0070177368851828,0.0067122230011746,0.023232349477167,0.1128575281263926,0.0977175355347621
whs69rcw,Modèle résiduel MSE,432,49,5.869876628632224e-06,0.8430970557804766,28.30010770873526,0.0384587012972831,0.0213556042069505,0.1139104399701644,180.9329683178512,0.0067957298035315,0.006800659177984,0.0233290025120616,0.1136475970857163,0.1002230974487387
whs69rcw,Modèle résiduel MSE,457,50,4.125975467701219e-06,0.8418441497046372,28.23612155187225,0.0387430602917844,0.0216921805564699,0.1156180714224947,185.06425654092976,0.0070371157088284,0.0066748249541538,0.0232488826816726,0.1127159058984018,0.1032556991419221
whs69rcw,Modèle résiduel MSE,458,51,2.7624185524954723e-06,0.8470456291889322,28.208788956674343,0.0388651682526733,0.0220150351524353,0.1129549292140993,183.43555707515765,0.0069005973877963,0.006618415714942,0.0231184500396952,0.1123621803509374,0.0900192748532336
5s7c0uvn,Modèle résiduel normalisé,0,1,2e-05,0.7397715346566562,6.314000225906503,0.4833925899437935,0.0521754845976829,0.2306307096933496,233.60185750261792,0.0683129682880023,0.0997664501619899,0.064247504577168,0.3298699757736972,0.4148107496464354
5s7c0uvn,Modèle résiduel normalisé,25,2,7.999999999999999e-05,0.7877577646025296,27.184948368621026,0.043727291893149,0.0233965387632106,0.1397219703629099,172.19528107407157,0.0308136898895789,0.0390889821574091,0.0284924190571038,0.1678201320907499,0.2077303529740908
5s7c0uvn,Modèle résiduel normalisé,50,3,0.00014,0.8051619262530886,27.77448668135825,0.0408578646995215,0.0209222786642354,0.1188925351819087,159.60936624146754,0.0264382519727123,0.0309913533572585,0.0231418714094429,0.140176294833167,0.1594431563320323
5s7c0uvn,Modèle résiduel normalisé,75,4,0.0002,0.8129241445968891,28.600721547314382,0.0371504366500091,0.0202242220141764,0.1181166541987452,152.47580996926712,0.0255599435226156,0.030199602827366,0.0226577024660113,0.136711268661878,0.1510036167903588
5s7c0uvn,Modèle résiduel normalisé,100,5,0.0001998036594786,0.8210699311618147,27.333127538061607,0.042987641967376,0.0221803569845084,0.1208942278191961,142.56450105601508,0.027754092267875,0.0280750310764862,0.0214068456950923,0.1280531403409619,0.12557069842632
5s7c0uvn,Modèle résiduel normalisé,101,6,0.0001992154127807,0.8214651366759991,28.236809627335163,0.0387399912805045,0.0198137474663812,0.11712598813505,151.3784604560388,0.0253128653456424,0.0277166648998729,0.0210831785797436,0.1263444628407303,0.1397454056124656
5s7c0uvn,Modèle résiduel normalisé,126,7,0.0001982375814475,0.8268144274580067,27.4915039821118,0.0422109183530316,0.0203178142807607,0.1170881795215195,149.5843721118695,0.0260971627230274,0.0270792698073718,0.0206457986098387,0.1236066119665773,0.1211081883018342
5s7c0uvn,Modèle résiduel normalisé,127,8,0.0001968740245322,0.8363990413731542,28.703068047607715,0.0367152591206176,0.0181309794043672,0.1075981756479575,141.36995584718667,0.0231394410004903,0.0266319102504187,0.0203216608621689,0.1219478696903102,0.119271852601415
5s7c0uvn,Modèle résiduel normalisé,152,9,0.0001951301233713,0.8442213884715376,29.128875327720007,0.0349587772230278,0.0175211674951273,0.103682822323051,136.342224422294,0.0221070852130651,0.0262644735769902,0.0201064095490126,0.1203021723936256,0.1099345915051352
5s7c0uvn,Modèle résiduel normalisé,177,10,0.0001930127603458,0.834340146903334,27.95915917639703,0.0399983467644548,0.0206918972062653,0.1192180817497187,153.82770192180692,0.0262119981363929,0.0258996815930128,0.0198128308153623,0.1195081341215688,0.1105518822008982
5s7c0uvn,Modèle résiduel normalisé,178,11,0.0001905302917203,0.8477767644257381,28.93498342724541,0.0357479242208529,0.0174549679946282,0.1039416001274668,139.31420333816874,0.0222146107397716,0.025445878250986,0.0195353914402488,0.1178054889488933,0.1021995192600621
5s7c0uvn,Modèle résiduel normalisé,179,12,0.0001876925146643,0.8487252798573724,29.292642244071367,0.0343058265738031,0.0174015965633865,0.1036524818889026,136.11991285371053,0.0220905388866005,0.0253655785758398,0.0194602899102127,0.1173120877490593,0.1069557230091757
5s7c0uvn,Modèle résiduel normalisé,204,13,0.0001845106285874,0.8549244917672256,29.46890488244955,0.0336166750301796,0.01675269030163,0.0974401092991746,135.666911450948,0.0209075275744343,0.0247552717367234,0.0191207306746106,0.114303393018806,0.0983338284696269
5s7c0uvn,Modèle résiduel normalisé,229,14,0.0001809971909403,0.8539861337891941,29.58921662509468,0.0331542470069639,0.0165638440320717,0.0983114007475047,133.50006326066304,0.0209473043937107,0.0242550028488039,0.0188664133644575,0.1119036870634453,0.0931999895753514
5s7c0uvn,Modèle résiduel normalisé,230,15,0.0001771660676561,0.8633919666553366,29.553741837044388,0.033289932008126,0.0162863602604845,0.0948580773226146,130.50489975010188,0.0202761491567924,0.0245198266119019,0.019004556008129,0.1131279653527288,0.0978826951617613
5s7c0uvn,Modèle résiduel normalisé,255,16,0.0001730323784284,0.8619099526569761,29.74745779971361,0.0325557054122736,0.01623928810245,0.0963638400466277,127.89173255423836,0.0203376254709116,0.0241508979238888,0.0187368654550459,0.1118961161273157,0.0941081823319451
5s7c0uvn,Modèle résiduel normalisé,256,17,0.0001686124370399,0.8612918319373295,29.768420251842024,0.0324772304833599,0.0160719208290864,0.0934135671062716,129.60717407866397,0.0198380762775396,0.0239819251677483,0.0186339424620581,0.1113469529992494,0.09771782054733
5s7c0uvn,Modèle résiduel normalisé,281,18,0.0001639236869799,0.8682422514619499,29.85698158301745,0.0321477750576618,0.0155950929519945,0.0926495370422971,134.73881441875312,0.0196001762524247,0.0234359634729723,0.0182651035232931,0.1091831987803308,0.0885322951576393
5s7c0uvn,Modèle résiduel normalisé,306,19,0.0001589846326031,0.8579857924888874,29.055566088000297,0.0352550792771083,0.0178573926396924,0.1032533614799894,140.7643381327985,0.0221397127506547,0.0232870867316666,0.0181857542668142,0.1080307598488453,0.0908497231574649
5s7c0uvn,Modèle résiduel normalisé,307,20,0.0001538147661004,0.8670258152073828,29.776426783052425,0.0324473072214772,0.0164139508751445,0.0948839787522266,135.62419947362443,0.020377872094255,0.0233478360276064,0.0182167872961642,0.1082525380974651,0.0915056806630813
5s7c0uvn,Modèle résiduel normalisé,308,21,0.0001484344905731,0.870261155325791,29.60607210853015,0.0330899716117107,0.0168264688088976,0.0979729969182918,132.59672003584257,0.0208889646134499,0.0229743233101808,0.0180169846743154,0.1068999663186378,0.090577759182988
5s7c0uvn,Modèle résiduel normalisé,309,22,0.0001428650395107,0.8710132713975578,29.54944211174025,0.033306415408574,0.016319323748607,0.09688610416548,130.77664734734185,0.0204247533311617,0.0236404123158854,0.0183858489657505,0.1103614641942529,0.0994929551250404
5s7c0uvn,Modèle résiduel normalisé,310,23,0.0001371283929921,0.8783526502806565,30.063838600284143,0.0313912109920715,0.0151370697622669,0.0905843952606464,121.80980604611284,0.0188966199498752,0.0234548996887209,0.0182487498929039,0.1096220259419363,0.0935118992645771
5s7c0uvn,Modèle résiduel normalisé,335,24,0.0001312471909403,0.8738665950709376,30.072455708787192,0.0313600838022193,0.0152270322151739,0.0917200630466485,127.205122860171,0.0191419931642454,0.0228930094565909,0.0179270284377738,0.1069953815104105,0.0916549422356308
5s7c0uvn,Modèle résiduel normalisé,336,25,0.0001252446437729,0.8677971856347446,30.000610897561604,0.0316205525810492,0.0156518296691878,0.0941426136113446,129.59690682792973,0.0195685899013589,0.0231411542313603,0.0180467204747992,0.1084906508525212,0.1046311690225305
5s7c0uvn,Modèle résiduel normalisé,337,26,0.0001191444408012,0.8726132244899355,29.980677060897875,0.0316932040642125,0.0157759077204712,0.0927530651719405,126.95869797650974,0.0194864007162636,0.0227412902073473,0.0177776405157951,0.107053251666391,0.101700556392853
5s7c0uvn,Modèle résiduel normalisé,338,27,0.0001129706567396,0.87066224731248,29.96453604088264,0.0317521544163974,0.0157872362319251,0.0944733181647185,132.70500120409025,0.0197734164459438,0.0225146973035974,0.0176660202356039,0.1059591716999172,0.0965252675625503
5s7c0uvn,Modèle résiduel normalisé,339,28,0.0001067476566931,0.8725861331512188,29.77853569409537,0.0324394300573744,0.0162927527301784,0.09732586595005,132.12870803622008,0.0204906203173871,0.0223801229507304,0.0175182075860599,0.1054004374413918,0.100418781193021
5s7c0uvn,Modèle résiduel normalisé,340,29,0.0001005,0.8768545533048695,30.088085807969065,0.0313037026499209,0.0151975623749453,0.0898691422209657,126.86558579078972,0.018966293251463,0.0224528344005792,0.0176029146975304,0.1055534644386707,0.1028244731167697
5s7c0uvn,Modèle résiduel normalisé,341,30,9.425234330683332e-05,0.8786309834184318,30.00819265494385,0.0315929636101676,0.0154848969702062,0.0904858911345744,125.46000395703788,0.0191919946850373,0.0220498139054602,0.0173468556032221,0.1036742865466154,0.0983427077627334
5s7c0uvn,Modèle résiduel normalisé,342,31,8.802934326035174e-05,0.873050029935508,29.925644855152647,0.0318946438688864,0.0158859475612126,0.0955069623887538,130.1163740950973,0.0199611168675895,0.0217885089656099,0.0172349701110178,0.1021778949369222,0.0960002701538495
5s7c0uvn,Modèle résiduel normalisé,343,32,8.18555591987204e-05,0.8723709747709077,29.968268508340437,0.0317385129325667,0.0158255108278887,0.0945000344052397,129.54854592514454,0.0197682645621484,0.0220744571943058,0.0173345077345068,0.1039855643215342,0.1051319742049926
5s7c0uvn,Modèle résiduel normalisé,344,33,7.575535622709694e-05,0.8695451761114186,30.03215787098929,0.031505915686565,0.0157053363348903,0.0931283229127012,126.37717023124752,0.0194743790760122,0.0218844103475666,0.0172628699364061,0.10311982070661,0.1017865933891799
5s7c0uvn,Modèle résiduel normalisé,345,34,6.975280905969277e-05,0.878418412701837,30.167711704833017,0.0310180445040488,0.015284593056502,0.089927271265408,126.60415441309124,0.0189967053653351,0.0215414894314912,0.0170229068105546,0.10134987354788,0.099166981016214
5s7c0uvn,Modèle résiduel normalisé,346,35,6.387160700787457e-05,0.8796327812918301,30.189731470470363,0.0309395096533779,0.0150640988401297,0.0904371836062135,123.99477500658976,0.0188226945184428,0.0219843342948036,0.0172564637027362,0.1032539000495886,0.1070363606588962
5s7c0uvn,Modèle résiduel normalisé,371,36,5.813496048927527e-05,0.87968942420236,30.247433940016148,0.0307346522060293,0.0149936163155683,0.0897422498413201,120.90041372210058,0.0187531778075057,0.0213649173816427,0.0169255507385565,0.1006187030520194,0.110835617176325
5s7c0uvn,Modèle résiduel normalisé,396,37,5.256550942687932e-05,0.8786809526640793,30.186760807446458,0.0309500930915925,0.0152316228004878,0.0894233502190688,121.44028767330995,0.0187858060837305,0.0212304322208222,0.0168394916850086,0.0998679175017736,0.1126114580238986
5s7c0uvn,Modèle résiduel normalisé,397,38,4.718523389958981e-05,0.8715637983946964,30.105821705568403,0.0312398481874562,0.0155181679874658,0.0915364037299978,126.6691731251663,0.0192052976966931,0.0209245641803384,0.0166328341111095,0.0987226588285376,0.1097095053579308
5s7c0uvn,Modèle résiduel normalisé,398,39,4.201536739689893e-05,0.879364354857083,30.22983420351109,0.0307969912631893,0.0151131755254905,0.0901800264315358,121.05279837968666,0.0188704254747978,0.0208247644174048,0.0165897214299656,0.0983128175298627,0.1071430442647801
5s7c0uvn,Modèle résiduel normalisé,399,40,3.707631302000537e-05,0.8840452083225908,30.330534237093357,0.0304420074668398,0.0147808042579683,0.0877080078011956,118.94843843123292,0.0183978467408953,0.0207203240054221,0.0164447072097378,0.0979889216395015,0.114320263505364
5s7c0uvn,Modèle résiduel normalisé,424,41,3.238756296009547e-05,0.8752974251220966,30.173816051252796,0.0309962530264168,0.0153117437108323,0.091034754853824,120.28566715090172,0.0189881564021624,0.0206687352381264,0.0164752611930235,0.0974227778581727,0.1090628314030985
5s7c0uvn,Modèle résiduel normalisé,425,42,2.7967621571569576e-05,0.8837043088057945,30.36252444002865,0.0303300955159256,0.0147480570935997,0.0877205836104935,116.38334140399664,0.0182534505709491,0.0202972044268798,0.0161974885238286,0.0960508741151828,0.1130270395332422
5s7c0uvn,Modèle résiduel normalisé,450,43,2.3833932343808982e-05,0.8829127940638312,30.28095245070497,0.0306162769268299,0.0149421491499604,0.0890355069061805,115.2478315575971,0.018565970729908,0.0201764482025725,0.0161097414003541,0.0956042864574835,0.1186490731839186
5s7c0uvn,Modèle résiduel normalisé,451,44,2.0002809059692745e-05,0.8783544815819839,30.274319117861705,0.0306396672220876,0.015033952410108,0.0900155680960622,118.83657559997113,0.0186780694679453,0.0202185915639767,0.0161280644038676,0.095574884269482,0.1170367349703342
5s7c0uvn,Modèle résiduel normalisé,452,45,1.6489371412549524e-05,0.8848956782242348,30.347828456703706,0.0303814555819005,0.0146482895802834,0.0867929253727197,116.66589689540538,0.0181509414366607,0.0203213111823822,0.0162113507071302,0.0960282928700375,0.1169032657312022
5s7c0uvn,Modèle résiduel normalisé,477,46,1.3307485335635575e-05,0.8868987806912126,30.355164757322356,0.0303558055449752,0.0147824113353573,0.0869325111652242,115.32910328820036,0.0182241493322212,0.0200049118775651,0.0160067783843757,0.0946867632974162,0.1233574122094545
5s7c0uvn,Modèle résiduel normalisé,478,47,1.0469708279631076e-05,0.8845178998749832,30.369761461860264,0.0303048352196065,0.0146435955860491,0.087730397952014,111.23109901088684,0.0182313729270265,0.0200893538566226,0.0160666156329341,0.0952578581965122,0.1238672684273149
5s7c0uvn,Modèle résiduel normalisé,479,48,7.987239654118992e-06,0.8882800237885837,30.360568990538823,0.0303369244820849,0.014640969834451,0.0874070968350459,110.3589094966936,0.018162554964937,0.0199383637055945,0.0159444951086153,0.0943833450094247,0.1265576233466466
5s7c0uvn,Modèle résiduel normalisé,480,49,5.869876628632224e-06,0.8845213014504005,30.35688892020865,0.0303497804673832,0.0147152843339176,0.0878026265779445,112.3208451106127,0.018230783078691,0.0198276622069633,0.0159071200809831,0.0939182506985644,0.1227791521730076
5s7c0uvn,Modèle résiduel normalisé,481,50,4.125975467701219e-06,0.8801540732383728,30.24139706516352,0.0307560208567035,0.0150920855331009,0.0899438552301505,114.54046516436787,0.0186601142752273,0.0197491680120683,0.0158815323295565,0.0933633571824966,0.1262941550240557
5s7c0uvn,Modèle résiduel normalisé,482,51,2.7624185524954723e-06,0.8877325263516657,30.360341417626625,0.0303377193290127,0.014799689874053,0.0868921598483776,109.30345008283496,0.0182843891068779,0.0198061582791563,0.0159394968277177,0.0938691048859021,0.1235420507434596
5s7c0uvn,Modèle résiduel normalisé,483,52,1.7845872192094625e-06,0.8846976983136144,30.340295133739343,0.030407817026364,0.0147648026588661,0.088150835371223,110.10212966895966,0.0182953765936966,0.0198295856308605,0.0159158496162257,0.0938458963751028,0.1310075675575142
5s7c0uvn,Modèle résiduel normalisé,484,53,1.19634052138698e-06,0.8874508183577965,30.373009819224784,0.030293503907151,0.0146907542607393,0.0871500670909881,109.07257999260206,0.0181790441916934,0.0196928365920216,0.0158447988657678,0.0930092566543155,0.1237590189895823
5s7c0uvn,Modèle résiduel normalisé,485,54,0.0002,0.8644695302535748,29.555187485596065,0.0332843918114048,0.0167043479159474,0.0977683256155458,142.6227787832028,0.0209066102859275,0.023122601935433,0.0179036995714418,0.1084807468657819,0.1240458863062991
5s7c0uvn,Modèle résiduel normalisé,486,55,0.0001998036594786,0.8693392276763916,29.976944891408166,0.0317068249862071,0.0158920048832379,0.0944322190921882,130.3369402451417,0.0199206471764322,0.0222758742081176,0.0174325388641311,0.1049537583867199,0.1163116056376542
5s7c0uvn,Modèle résiduel normalisé,487,56,0.0001992154127807,0.876676043559765,29.870902746453552,0.0320962920200336,0.0157470860165254,0.0912038252271454,126.18332151976236,0.0194108798329172,0.0226047889958334,0.0175898595291197,0.1064877376660832,0.112125659161627
5s7c0uvn,Modèle résiduel normalisé,488,57,0.0001982375814475,0.8607911940278679,29.26487042878965,0.0344156897951944,0.0177688463751612,0.1030797732287439,140.18235172435573,0.0219867111601192,0.02236175402187,0.0174423266146491,0.1055500843267664,0.112688214971851
5s7c0uvn,Modèle résiduel normalisé,489,58,0.0001968740245322,0.8781011125137066,29.96069002403056,0.0317662170359569,0.015331498026077,0.0918966598551848,124.2362804404052,0.0193326155944117,0.0218607932727178,0.0171958591359165,0.1032900673647721,0.1006532415079
5s7c0uvn,Modèle résiduel normalisé,490,59,0.0001951301233713,0.8785709635964756,30.00380170231616,0.031608938747136,0.0152467049272923,0.0908619670261596,122.19968385511294,0.0190953845158219,0.0216901563346768,0.0170955865795158,0.101892525027705,0.1015631979824895
5s7c0uvn,Modèle résiduel normalisé,491,60,0.0001930127603458,0.8756028927605728,29.80179160102404,0.032352691754379,0.0162834395044322,0.097175738549438,132.82910910545505,0.0203484034422656,0.021303976396433,0.0168427214201571,0.1001032629870196,0.1024542631915746
6cerivdu,Modèle résiduel,0,1,2e-05,0.7165820495835666,14.145253718935448,0.1962173084206319,0.0470611888529925,0.2385899737991135,278.59900308950427,0.0642698462410219,0.1089662750784912,0.0707970552910596,0.3452369398158839,0.403104340355111
6cerivdu,Modèle résiduel,25,2,7.999999999999999e-05,0.7614529954976049,25.524374111106187,0.0529396778807402,0.0284413518062953,0.1540606874844123,225.2808329044188,0.0377548543800567,0.0504573535763173,0.0366170471613733,0.1926431091040627,0.2576858761728319
6cerivdu,Modèle résiduel,50,3,0.00014,0.7775047626988641,25.98086548138541,0.0502292537481832,0.026922876272222,0.1399698270292117,208.918573802261,0.0346402938252893,0.0410908548973309,0.030661892854314,0.1629488891961737,0.1894723502043475
6cerivdu,Modèle résiduel,75,4,0.0002,0.7816798995281088,24.610121487483312,0.0588157887660289,0.0285832246058973,0.1498402005125736,219.1625952090261,0.0383770567332876,0.0406836247405944,0.0302066960029749,0.1612015859120422,0.1717617137309832
6cerivdu,Modèle résiduel,76,5,0.0001998036594786,0.7959255637793705,26.86602866948473,0.0453626655882896,0.024715406820178,0.1333452678959945,202.7098516275177,0.031871255679891,0.0377892987309103,0.0283982519569814,0.1518258530423682,0.1455625381607275
6cerivdu,Modèle résiduel,101,6,0.0001992154127807,0.7936749026693147,26.818789897204237,0.0456100454634521,0.0259074309262736,0.1378932939521197,208.3262898610164,0.0331355894690957,0.0379186880528035,0.0285642106706897,0.1508639148539967,0.1632464181026841
6cerivdu,Modèle résiduel,102,7,0.0001982375814475,0.8029436284098131,26.686565066477986,0.0463096764435839,0.0267246323798237,0.1384691965991053,200.29445434830944,0.0339961841959377,0.0355942444716635,0.0272518741046516,0.1433465959679367,0.1434187425507439
6cerivdu,Modèle résiduel,103,8,0.0001968740245322,0.7929148571244602,25.47277673844774,0.053255094918135,0.0289027851460308,0.144735398734438,205.49138326064084,0.0370725181981407,0.0361152791107694,0.0273994212436816,0.1451859465266904,0.1806597061073168
6cerivdu,Modèle résiduel,104,9,0.0001951301233713,0.8110250522350443,27.277880811795555,0.0432619368875104,0.0244916073078739,0.1317644468669233,196.41414232487435,0.0311843503009656,0.0347777711323056,0.0264665054547417,0.1416272025268811,0.1410398228874063
6cerivdu,Modèle résiduel,129,10,0.0001930127603458,0.8083675113217584,26.062238402877465,0.0497608831843978,0.0264918782330792,0.1436557695269584,204.3052770887802,0.034960798084222,0.0346446509719786,0.0264058974491925,0.1406835865261208,0.1438755926827335
6cerivdu,Modèle résiduel,130,11,0.0001905302917203,0.8216922015979372,27.764207169960446,0.0409062474824043,0.0224691715797987,0.1230528860770422,184.21674780907244,0.0287311916592819,0.0343113185312503,0.026069264118679,0.1407913742348169,0.1525457200841007
6cerivdu,Modèle résiduel,155,12,0.0001876925146643,0.8185292441269447,27.745735433308436,0.0409933327996119,0.0234079565531734,0.1274448258095774,189.4979944753312,0.0299842266430114,0.0336995736066984,0.0258862421147397,0.1373963311441943,0.1313578722218417
6cerivdu,Modèle résiduel,156,13,0.0001845106285874,0.8216335280188198,27.542238307964524,0.0419650828250137,0.0233294306130244,0.1266547482589195,192.08377081496707,0.029799564580979,0.0330002873531009,0.0253300764398951,0.1354556985390492,0.1333138056290455
6cerivdu,Modèle résiduel,157,14,0.0001809971909403,0.8257227272822939,27.516632033349417,0.0420889797394022,0.0228453819993241,0.1260657223134205,187.34795879263623,0.0294084787882607,0.0325809349664128,0.0251425749335724,0.1337522699728481,0.1417947289271232
6cerivdu,Modèle résiduel,158,15,0.0001771660676561,0.8308170273386198,28.089944751492908,0.0394005933797978,0.0221090442982727,0.1242593552531867,181.91396263472527,0.0284224357455968,0.0328727467065183,0.025080853054284,0.1353673629271678,0.1393036728517876
6cerivdu,Modèle résiduel,183,16,0.0001730323784284,0.8388140345441883,27.694140654747205,0.0412375606473089,0.0216955599407183,0.1228569093449362,165.47404730162296,0.0280714237998271,0.0323715967357031,0.0249592134585747,0.1334078372734734,0.1388189098996739
6cerivdu,Modèle résiduel,208,17,0.0001686124370399,0.8440801645147389,28.100983487075386,0.0393505517037799,0.021964770420615,0.1186538500518634,175.84312091339055,0.027916456155222,0.0323828589728372,0.0248240181284709,0.1334126246217479,0.145304472798593
6cerivdu,Modèle résiduel,233,18,0.0001639236869799,0.8435474798597139,28.35609496369445,0.0382116025448423,0.0211608141403773,0.1176005428464248,183.44949407827696,0.0269831876944879,0.0315291255983149,0.0243388732823614,0.1305175464695845,0.1375148277729749
6cerivdu,Modèle résiduel,258,19,0.0001589846326031,0.8373700647518553,27.912182822583954,0.0402152579646014,0.0219901250996466,0.1222310202388927,187.6470373048575,0.0282340191690058,0.0315314880532459,0.0243156453093084,0.1301597438943691,0.1416220146780595
6cerivdu,Modèle résiduel,259,20,0.0001538147661004,0.8445925342625585,28.1878212046858,0.0389591021659738,0.0210109279201976,0.1196181851214376,173.15669205146057,0.0269391710773624,0.0315062512173993,0.0241932171977992,0.1305353289358636,0.1467587294240878
6cerivdu,Modèle résiduel,284,21,0.0001484344905731,0.8560189871952452,28.52956518999889,0.0374560296812292,0.02061310378385,0.1166101653000404,163.55746755192507,0.0262535019167538,0.0314721973835785,0.0242681116518429,0.130333517701962,0.1356283471338514
6cerivdu,Modèle résiduel,309,22,0.0001428650395107,0.8425910678403131,27.422237824667,0.0425488776471553,0.0242215317898783,0.1247491828840354,174.70492173171291,0.0305366936171876,0.0304370858730414,0.0236495480132408,0.126953822075047,0.1427972183650375
6cerivdu,Modèle résiduel,310,23,0.0001371283929921,0.8585887263561117,28.570027863479964,0.0372819488972773,0.0202334298720133,0.1151490748442452,160.8972209885765,0.026069405777701,0.0308855875419118,0.0238515073075317,0.1278776146280459,0.1541943384700606
6cerivdu,Modèle résiduel,335,24,0.0001312471909403,0.8464503226609066,28.42546642547823,0.0379076339901232,0.0209760764806435,0.1194582220552296,167.3877127513969,0.0268620914811718,0.030169286717398,0.0234172575884204,0.1253560420730684,0.1490415132357778
6cerivdu,Modèle résiduel,336,25,0.0001252446437729,0.8481347910289107,28.32067353052168,0.0383677492809226,0.0217068812585082,0.11682697051558,172.2417134345357,0.027319018054625,0.0306409095835864,0.0236046658072652,0.1271804485820297,0.1563873070363815
6cerivdu,Modèle résiduel,337,26,0.0001191444408012,0.8542843707676592,28.31342390052025,0.0383997860795907,0.0216592655613504,0.1163882343419667,167.22465766495498,0.0272386442099151,0.0297364297155768,0.0231526448176457,0.1244767183422023,0.153304383254204
6cerivdu,Modèle résiduel,338,27,0.0001129706567396,0.8496589414004622,28.352497479851003,0.0382274321374232,0.020989125048549,0.1151820159163968,181.35012859400663,0.026549345331973,0.0299865123457633,0.0233618807939127,0.1245474328533706,0.1597792931601532
6cerivdu,Modèle résiduel,339,28,0.0001067476566931,0.8463005793505701,28.36349834296333,0.0381790469322337,0.0213137470378444,0.119880128523399,180.28040686536568,0.0273280284399616,0.0297462184173174,0.0231186618001606,0.1247235420995797,0.1618645333199419
6cerivdu,Modèle résiduel,340,29,0.0001005,0.858562381103121,28.60048385307795,0.0371514533064331,0.0205934503083599,0.114351832918052,158.00920894972057,0.0262691161498941,0.0292956471626256,0.0228087805076223,0.1234677520254228,0.1595657655698621
6cerivdu,Modèle résiduel,341,30,9.425234330683332e-05,0.8560935361631985,27.89437157904925,0.0402978077884597,0.0224827260164351,0.1171032837752638,168.75079985015208,0.0281477481897534,0.0291337221144483,0.0227412947047597,0.1218486887076471,0.17418960809835
6cerivdu,Modèle résiduel,342,31,8.802934326035174e-05,0.8594697446658693,28.66375663046826,0.0368818050976943,0.0196125825288994,0.114714457043286,169.12526639777815,0.0252908762415935,0.028295453152277,0.0222604956087839,0.1193407577199813,0.1635733243460074
6cerivdu,Modèle résiduel,367,32,8.18555591987204e-05,0.8521023207697375,28.441408250694305,0.0378381232471779,0.0213986128119045,0.1181336259790535,166.90536737134133,0.0271383997309824,0.0287433760559074,0.0223251008866434,0.1222225772455716,0.17939479324503
6cerivdu,Modèle résiduel,368,33,7.575535622709694e-05,0.863521353951816,28.38913881914341,0.0380665097574624,0.0215089192999334,0.1133332690545197,154.93022518941785,0.0269134431948949,0.0287172874021861,0.022411346865388,0.1208053242383349,0.1770236056425377
6cerivdu,Modèle résiduel,369,34,6.975280905969277e-05,0.857115899694377,28.576219228851585,0.0372553835217935,0.0206998344510793,0.1133450317228662,166.8401312606572,0.0260891249596044,0.028352659362822,0.0222205161952819,0.1191389340366053,0.1861487435192888
6cerivdu,Modèle résiduel,370,35,6.387160700787457e-05,0.8611757426426329,28.47534376598069,0.0376905792255651,0.0198640834925503,0.1167622167488624,149.313286135565,0.0257240737113973,0.0281945845096284,0.0221724786405634,0.1189367092318005,0.1787064199964715
6cerivdu,Modèle résiduel,371,36,5.813496048927527e-05,0.8669416185083061,28.870361107353663,0.0360148777250842,0.019436408540812,0.1098078455904434,148.38349783091792,0.024821410983287,0.0279022232971639,0.0218710353056717,0.1180868208981477,0.1942704541720131
6cerivdu,Modèle résiduel,396,37,5.256550942687932e-05,0.8626824843472448,28.78516947857674,0.0363698513542712,0.019804717041552,0.1111494860258595,151.3114936061361,0.0250875924810253,0.0273873593148767,0.0216199334424275,0.1165320286766076,0.1930835436329118
6cerivdu,Modèle résiduel,397,38,4.718523389958981e-05,0.8617084910129679,28.499104835320587,0.0375876139952911,0.0209023193937951,0.112580454555051,148.37590489658206,0.0262645976939078,0.0270242317476206,0.0213855184160937,0.1150550239233889,0.1849905681661051
6cerivdu,Modèle résiduel,398,39,4.201536739689893e-05,0.8655699655927461,28.80397284325236,0.0362912024296724,0.0195909015641644,0.1123451757533796,148.3527799289863,0.0250838754762863,0.0268794816926631,0.0212252031510266,0.1149736216498745,0.1897097075692354
6cerivdu,Modèle résiduel,399,40,3.707631302000537e-05,0.8690370794000297,28.88919926681039,0.0359368524627543,0.0191243519556933,0.1104168128864518,141.52967915849015,0.0246043860398489,0.0271205794400511,0.0213602420467978,0.1157088505151944,0.2062123252604252
6cerivdu,Modèle résiduel,424,41,3.238756296009547e-05,0.8601686975051617,28.843747466915715,0.0361253968490068,0.0192890650239484,0.1119131836397894,152.48320254937045,0.0244924483242733,0.0268346076815301,0.0212721347562077,0.1142371524220857,0.203928056706348
6cerivdu,Modèle résiduel,449,42,2.7967621571569576e-05,0.8693114519119263,28.97694505451103,0.0355756420938107,0.018950599695331,0.1093254698247745,141.65256625037517,0.0241674767357522,0.0265325395883912,0.0210031978785991,0.1136650192495594,0.2080141995261367
6cerivdu,Modèle résiduel,474,43,2.3833932343808982e-05,0.8676286997466252,29.06234455346027,0.0352275769574569,0.0183538563934893,0.1120346901488715,137.2574309308951,0.0242200420591337,0.0262702828010496,0.0208018474225114,0.1134203327580904,0.2185383167149674
6cerivdu,Modèle résiduel,475,44,2.0002809059692745e-05,0.8651442794964231,29.065467231304677,0.0352149145121455,0.0184598336445874,0.1104074502042655,148.35886033209147,0.0236726165267414,0.0262481671415715,0.0207720294348004,0.1128754171932864,0.2169083191129641
6cerivdu,Modèle résiduel,500,45,1.6489371412549524e-05,0.8647597144389975,28.93010588770453,0.0357680040153899,0.0188650460271485,0.1097770170148076,146.8964961729895,0.0239637998607138,0.0261310019498515,0.0207867998327327,0.112397346422713,0.203963834235174
6cerivdu,Modèle résiduel,501,46,1.3307485335635575e-05,0.8708263224568861,28.79675332832373,0.036321379395427,0.0193620171269466,0.1095711217615111,137.32273320475932,0.0246534248621299,0.0257714746647283,0.0204574193120894,0.1120902783213517,0.2250516467178479
6cerivdu,Modèle résiduel,502,47,1.0469708279631076e-05,0.865491704694156,29.080256263507216,0.0351550068443659,0.0184932512327514,0.1098661975100122,138.23845773566097,0.0237680392275596,0.0257633304318938,0.0205147449508245,0.1113776597393374,0.2225046446944913
6cerivdu,Modèle résiduel,503,48,7.987239654118992e-06,0.8702555812638382,28.940182061677238,0.0357265349568357,0.0187068128765657,0.1113850042737763,137.5975142764489,0.0246842862909724,0.0256229468231272,0.0203570135924805,0.1108628607585898,0.2314516152135836
6cerivdu,Modèle résiduel,504,49,5.869876628632224e-06,0.8664183513871555,29.082470098936785,0.0351460477756293,0.0183986565419312,0.1099846206348517,139.27856887033656,0.0237618449690013,0.0257982346308855,0.0204494014684843,0.1117382943630218,0.2300957933292112
6cerivdu,Modèle résiduel,505,50,4.125975467701219e-06,0.8675831268573629,29.096203249372667,0.0350905227098139,0.0183676011410766,0.1098734209763592,137.20634288014077,0.0238469824965657,0.0255539186505807,0.0203472623346835,0.1109094232893907,0.2389686221304612
6cerivdu,Modèle résiduel,506,51,2.7624185524954723e-06,0.8688018774164135,28.82467771032524,0.03620479681209,0.0194732188728862,0.110536090130436,137.4627244860134,0.0250431430237046,0.0254494225741642,0.0202997618625497,0.1106398189042368,0.2210528183187175
6cerivdu,Modèle résiduel,507,52,1.7845872192094625e-06,0.8679032120211371,29.08031327567002,0.0351547760958209,0.0184145684129205,0.1093519739806652,136.07879919528372,0.0236690891906619,0.0255394156536676,0.0203243484800187,0.111005025000399,0.2295056071259781
6cerivdu,Modèle résiduel,532,53,1.19634052138698e-06,0.8728096012411446,29.00313707832005,0.0354685264601925,0.0186100533745926,0.1092174117421281,133.68239559007003,0.0239707817291391,0.0254806245470212,0.0203528477627242,0.1104223792496909,0.2189106052566287
6cerivdu,Modèle résiduel,533,54,0.0002,0.8536523210591284,27.976616420636887,0.0399180372381537,0.0216301877436966,0.1159523473731402,177.8285737809116,0.0273807788075044,0.0302769855484684,0.0234200347206977,0.1258299681238639,0.1964531182988077
6cerivdu,Modèle résiduel,534,55,0.0001998036594786,0.8551914630265072,28.65769358265617,0.0369075588455593,0.0196341084765976,0.1174239495704913,159.67163544479263,0.0253977172783222,0.0295750871061896,0.02285358747945,0.1243877789785719,0.1946420118085339
6cerivdu,Modèle résiduel,535,56,0.0001992154127807,0.8456219023671644,27.359295190626472,0.0428583296025694,0.0225007326245821,0.1247240998621644,171.50109772542874,0.0287985329612575,0.0293780886050727,0.0227504095070573,0.1238620886181154,0.1761072219437004
6cerivdu,Modèle résiduel,536,57,0.0001982375814475,0.8495921883089789,28.366862220709766,0.0381642637855726,0.021013529361065,0.1215882008445674,170.4223461518529,0.0269735591999929,0.0291455970583563,0.0226186753457619,0.1224582774134782,0.1823828246157903
6cerivdu,Modèle résiduel,537,58,0.0001968740245322,0.8532259895883757,28.442909933063227,0.0378315820713864,0.0201277589296986,0.1141646752326653,175.77938324091832,0.0256697887490535,0.0286381961141004,0.0223189269264157,0.1205399565908134,0.1842808074867114
6cerivdu,Modèle résiduel,538,59,0.0001951301233713,0.8488600685678679,27.896555358957265,0.040287677509923,0.0225707633934658,0.12541498449342,163.37242116022807,0.0288013349576243,0.0293814131639834,0.0227127748573374,0.1235835117598374,0.1676745061149709
8p13wa1e,Modèle simulé,0,1,2e-05,0.5023151266163793,8.897716331163167,0.3590163137623744,0.1613514911511848,0.3899631885618999,474.6958121120917,0.2234659045934677,0.328958691822158,0.1804289472981905,0.6952764107885524,0.7817938776097746
8p13wa1e,Modèle simulé,9,2,7.999999999999999e-05,0.810125942887931,-9.22690663025885,2.8929793355776003,0.2525692622273646,0.2798595767596672,257.9781150115903,0.3097479040895042,0.101893936498807,0.0727148165719376,0.2683100245701961,0.8845012265981012
8p13wa1e,Modèle simulé,10,3,0.00014,0.8698141163793104,24.82492777358428,0.057379084057455,0.0290475436004585,0.1302914056798507,202.1067894398012,0.0348119387595817,0.0524861053921855,0.0393511325550767,0.1785358385397837,0.4994867003371573
8p13wa1e,Modèle simulé,19,4,0.0002,0.8640220905172413,20.228946124487504,0.0973985953728218,0.033455033176418,0.132404129823734,214.60437739758717,0.0402724244471254,0.04707025972187,0.035359738776699,0.167262209022147,0.4097130074460282
8p13wa1e,Modèle simulé,20,5,0.0001998036594786,0.8378737877155172,5.61161363290279,0.5241062254203616,0.1486277240167917,0.1505719800961428,293.58245440645607,0.1574059433207429,0.0431048148510675,0.0327208639186225,0.1592176936439469,0.3845927559921884
8p13wa1e,Modèle simulé,21,6,0.0001992154127807,0.8982017780172413,29.756695259631275,0.0325211007628363,0.0162318624427606,0.1072062248813695,151.86210253939208,0.0208834974287912,0.0414316021144772,0.0318986646528554,0.1520524175566995,0.3580118343870864
8p13wa1e,Modèle simulé,30,7,0.0001982375814475,0.9067887931034484,26.19257056579716,0.0490197928557517,0.0190759497084494,0.1093704212328483,140.32058094556885,0.0239214089153141,0.0388420267810678,0.0299339107373076,0.146231868232672,0.3603330813029892
8p13wa1e,Modèle simulé,31,8,0.0001968740245322,0.8946996228448276,22.328751800321427,0.0764825589266928,0.0256526394393937,0.1135466227243686,159.22071818588836,0.0306084877008507,0.0359738867602541,0.0278188825393907,0.139501219917821,0.3306222842671932
8p13wa1e,Modèle simulé,32,9,0.0001951301233713,0.920342807112069,21.42939781536164,0.0848262189641372,0.0204762501064045,0.109911305123362,123.3239977435628,0.02641689347039,0.0388592356083612,0.0296293976955497,0.1450476483083688,0.3176773836852138
8p13wa1e,Modèle simulé,33,10,0.0001930127603458,0.8985385237068966,17.887090975304872,0.1275397176594978,0.0321163428176579,0.1146521234306795,168.50645226949723,0.0375893009376936,0.0368115402933241,0.02829205756609,0.1407050290741981,0.3286940959146899
8p13wa1e,Modèle simulé,34,11,0.0001905302917203,0.9059132543103448,29.87130279515821,0.0320948137852302,0.0170176894371879,0.1048061390375268,127.22428240930034,0.020998316335267,0.0336363701086141,0.0257772491114516,0.1352932793844459,0.3071163945600518
8p13wa1e,Modèle simulé,35,12,0.0001876925146643,0.9020238415948276,25.475195527286832,0.0532402668578241,0.0181693364705505,0.1101700776609881,144.76151632632346,0.0236917711344772,0.0333598292050644,0.0255542181901888,0.1352788479919107,0.2999111837428859
8p13wa1e,Modèle simulé,36,13,0.0001845106285874,0.9076811691810344,28.85578988333588,0.0360753460592258,0.0148094567341794,0.1038529762420161,137.648752381403,0.0199809371301069,0.0315962312862468,0.0243377993122125,0.1300450367614244,0.3205151052938567
8p13wa1e,Modèle simulé,45,14,0.0001809971909403,0.8940598060344828,20.38769456100816,0.095634649814438,0.0338058615231822,0.1104471454846448,155.29316020775494,0.0387725387860474,0.0304250520391341,0.0232716487943489,0.1302368031480373,0.3082369887867035
8p13wa1e,Modèle simulé,46,15,0.0001771660676561,0.9278859105603448,30.43854641013954,0.0300657941375026,0.0120137498135967,0.0809472173709293,106.89621882998898,0.0146280803300183,0.0297427117808634,0.0227698144964619,0.1260711675207329,0.3015089084704717
8p13wa1e,Modèle simulé,55,16,0.0001730323784284,0.9227673760775862,25.423684696693787,0.0535569411996793,0.021217834750383,0.1062854709553307,147.43984317738918,0.0265711844609729,0.0300571961909468,0.0230056334398368,0.1273705308508669,0.3031356515537979
8p13wa1e,Modèle simulé,56,17,0.0001686124370399,0.936944369612069,30.643902618497137,0.0293633004611854,0.0141505112004434,0.0751961848602212,103.55095204174177,0.0162318948624206,0.0286908732154048,0.0222423071614824,0.121596095080559,0.2896258555289007
8p13wa1e,Modèle simulé,57,18,0.0001639236869799,0.916150323275862,28.348045587132127,0.0382470303656722,0.0195769420664372,0.0935007069131423,128.08449264677927,0.0226432715767416,0.0262892855984023,0.0199896477075277,0.1191341204520983,0.291041661085736
8p13wa1e,Modèle simulé,58,19,0.0001589846326031,0.9318763469827588,30.30955098560636,0.0305156377471457,0.0137982472199304,0.0839148122688819,103.96053615031744,0.016244291456352,0.0284739211480268,0.021930009775405,0.1203032275741426,0.2966009447844619
8p13wa1e,Modèle simulé,59,20,0.0001538147661004,0.9315227640086208,23.534980949521568,0.0665657688424977,0.0139935385307361,0.084603549976801,100.43409051387395,0.016934439636253,0.0257669687868119,0.0199944275614415,0.115607081952258,0.2808355294868477
8p13wa1e,Modèle simulé,60,21,0.0001484344905731,0.940497036637931,32.81827937371879,0.0228605161259568,0.0100110829807817,0.0731527179736515,85.32094939804644,0.0120494327796944,0.0273807603730541,0.0210786160423905,0.119167295212929,0.3065332531546935
8p13wa1e,Modèle simulé,69,22,0.0001428650395107,0.9249562230603448,27.728453622423523,0.0410749760500102,0.014389936924623,0.0869863836158966,120.8622768362094,0.0180340380536328,0.0241852505450956,0.0185826021748093,0.1132499013637375,0.282417814573671
8p13wa1e,Modèle simulé,70,23,0.0001371283929921,0.950902478448276,30.471564356871557,0.0299517210364551,0.0092768100539928,0.0712302512135999,75.79047575986264,0.011300589503913,0.0246758487425808,0.0186117878263322,0.1124606176128244,0.2856908330104799
8p13wa1e,Modèle simulé,79,24,0.0001312471909403,0.9466594827586208,27.404731223634094,0.0426347223249351,0.0111854531288403,0.0814839208434368,79.1016000912578,0.013749025360649,0.0239932590809005,0.0181408175346879,0.1126168143227059,0.2998680051447999
8p13wa1e,Modèle simulé,80,25,0.0001252446437729,0.9524851831896552,31.567743185091253,0.026400541864428,0.008879645655317,0.0722742260530077,77.55779696947309,0.0108884562384979,0.0228168419960281,0.0175696684994822,0.1087954632746867,0.2881793334889106
8p13wa1e,Modèle simulé,89,26,0.0001191444408012,0.9355132004310344,31.457855246101424,0.0267366651937311,0.0116451763676415,0.0790401618799259,105.83852194786702,0.0144478117019451,0.0218636487714118,0.0167852891887673,0.1051446090205612,0.2819254370963471
8p13wa1e,Modèle simulé,90,27,0.0001129706567396,0.897528286637931,8.200047038190668,0.3890430381369614,0.0528228615314282,0.1071360336038573,164.98195023956555,0.0605008810244757,0.0218061218675003,0.0169835537473042,0.1057253710798218,0.2891765751390375
8p13wa1e,Modèle simulé,91,28,0.0001067476566931,0.9451272898706896,24.95289608553954,0.0565399207896103,0.011859367746089,0.0842183932405093,96.37951758604382,0.0147729176899482,0.0229379407759023,0.0173936611216547,0.1087859268499235,0.2936021646118572
8p13wa1e,Modèle simulé,92,29,0.0001005,0.937634698275862,29.04043059386015,0.0353165661541074,0.012899926430064,0.0740870552073264,107.77547377569428,0.0151547572960884,0.0214994819436827,0.0164817739437278,0.1049215156648658,0.2928571115192185
8p13wa1e,Modèle simulé,93,30,9.425234330683332e-05,0.9346713362068966,32.805459270917204,0.0228942824492325,0.0108571883836953,0.078256719713581,116.74170229524152,0.0137549785672333,0.0217257658194782,0.0166014998028866,0.1037646932288622,0.2877090242810738
8p13wa1e,Modèle simulé,94,31,8.802934326035174e-05,0.9480738146551724,28.06605637458968,0.0395091040496248,0.0091811268558276,0.0698370424837901,84.13135201430913,0.0110334235018697,0.020530754684383,0.0159015644274047,0.1014758938461796,0.2843353918347603
8p13wa1e,Modèle simulé,95,32,8.18555591987204e-05,0.9527209051724138,29.77460597454219,0.0324541098091767,0.0101419854909181,0.0730536360422085,77.77427370944564,0.0122972824610769,0.020314584669267,0.0155211298420038,0.1014143909590366,0.2944533680685056
8p13wa1e,Modèle simulé,96,33,7.575535622709694e-05,0.954236260775862,27.973846323635083,0.0399307698970168,0.0094586295268402,0.0705993065032465,78.4286229288328,0.0112370882697146,0.0204314983879717,0.0156959256467719,0.1013690852679503,0.3137469351546377
8p13wa1e,Modèle simulé,97,34,6.975280905969277e-05,0.9532260237068966,29.904959725253807,0.031970690316882,0.0089971422346244,0.0693289777585144,76.09201222153533,0.0106938010210107,0.0194482777992056,0.0148592583206283,0.0992404529267651,0.2960249813130268
8p13wa1e,Modèle simulé,106,35,6.387160700787457e-05,0.9603313577586208,33.40539690447737,0.021366340973495,0.00751637191319,0.0638968285558552,63.83904892901084,0.009085284289101,0.0194808809986162,0.0152398425226028,0.0977678772730705,0.2947244285645648
8p13wa1e,Modèle simulé,115,36,5.813496048927527e-05,0.9558694773706896,30.383797316791995,0.030255904044947,0.0086543697719301,0.0654413964727829,67.65684502832384,0.0102790220608485,0.0183199352095237,0.014401515898032,0.0945072217852386,0.295202770198767
8p13wa1e,Modèle simulé,116,37,5.256550942687932e-05,0.9553811961206896,31.705760859510047,0.0259843559610419,0.0081910479990444,0.0663275290922872,77.19609916538292,0.0098465623912112,0.0178528216062511,0.0137952573788471,0.0954999117355825,0.297544648249944
8p13wa1e,Modèle simulé,117,38,4.718523389958981e-05,0.9502794989224138,32.48411051756528,0.0237571573488315,0.0109962662521364,0.067434536742753,91.87554215102304,0.0128416859480584,0.0168166354688632,0.0131388983557908,0.0916317081572408,0.2942278751960167
8p13wa1e,Modèle simulé,118,39,4.201536739689893e-05,0.96044921875,32.19439554372659,0.0245629329548624,0.0091627585171754,0.0635766615641528,68.4458989346735,0.0105920944780368,0.0180632578981164,0.0138650680633468,0.0951282004865571,0.3130361682329422
8p13wa1e,Modèle simulé,119,40,3.707631302000537e-05,0.9584119073275862,33.522510210558345,0.0210801884724925,0.0073869275812316,0.0631488600167734,67.17761288282648,0.0088764735144274,0.0173993001644236,0.0134407376579972,0.0931270448888978,0.314834613002773
8p13wa1e,Modèle simulé,128,41,3.238756296009547e-05,0.9510203394396552,24.96743169547196,0.0564453818320503,0.0094895262817113,0.0681269749485213,79.39286555019822,0.0112720005182099,0.016575676572119,0.0130016963777697,0.0907889923765363,0.2947587305918718
8p13wa1e,Modèle simulé,129,42,2.7967621571569576e-05,0.964574353448276,28.538490479613987,0.0374175610585021,0.0079425439511522,0.0673226610083004,66.28924911363063,0.0095798568800091,0.0158500368428281,0.0122407137706843,0.0906331894489435,0.2963026901468252
8p13wa1e,Modèle simulé,130,43,2.3833932343808982e-05,0.9595063308189656,29.9912206461768,0.0316547558129091,0.0079864256951058,0.0662241075830213,62.88767723719887,0.0095661385627142,0.0156215368889463,0.0121433385946334,0.0887369841305363,0.2966768726006022
8p13wa1e,Modèle simulé,131,44,2.0002809059692745e-05,0.9606007543103448,27.74118434456664,0.0410148174359754,0.0092858137514699,0.0639841623347381,61.16394625172839,0.0108474959169739,0.0157996906369574,0.0124979012001019,0.0885228502731292,0.2898033078711943
8p13wa1e,Modèle simulé,132,45,1.6489371412549524e-05,0.9540847252155172,29.50975452409399,0.0334589473706071,0.0093016656244109,0.067497868990076,71.31821427994518,0.0111309592933233,0.0160823492193992,0.0124630512586102,0.0899409482685419,0.3178804656251883
8p13wa1e,Modèle simulé,133,46,1.3307485335635575e-05,0.960179822198276,32.28037681098097,0.0243209849756749,0.007911116173812,0.0652781566926117,62.28192705444822,0.0093436608861746,0.0151467640589699,0.0118490813089072,0.0875881651464181,0.2984290774752441
8p13wa1e,Modèle simulé,134,47,1.0469708279631076e-05,0.960230334051724,27.51203377342631,0.042111267301677,0.0091930277533186,0.0624510085788266,61.88403238578135,0.0105681362529766,0.0154316172314186,0.0119025251354512,0.0892738890794352,0.3125052708718512
8p13wa1e,Modèle simulé,135,48,7.987239654118992e-06,0.9599272629310344,33.69699364137318,0.0206609514856408,0.0078567219657245,0.0617464562428408,62.30914948660152,0.0092412311069924,0.0147714972352752,0.0115205807686966,0.0866337816238912,0.3090596816733352
8p13wa1e,Modèle simulé,136,49,5.869876628632224e-06,0.9641534213362069,30.347554724571356,0.0303824130556898,0.0082649244075833,0.0613716547859126,57.84110884220114,0.0096240312117954,0.0146930675503885,0.0115147461302769,0.0862173145620996,0.2894050738113558
8p13wa1e,Modèle simulé,137,50,4.125975467701219e-06,0.9615941540948276,29.33567729838469,0.0341362755158133,0.0092822680940273,0.0621347524996461,62.10304617065088,0.0106348925238025,0.0143693666387763,0.011177478907391,0.0853434229094503,0.3046144305322414
8p13wa1e,Modèle simulé,138,51,2.7624185524954723e-06,0.958849676724138,29.904290594205296,0.0319731533237185,0.0077280173286924,0.0628935595781638,63.4506398605299,0.0091321547355117,0.0147890208655188,0.011585431641095,0.0868533809438475,0.2950067393736452
8p13wa1e,Modèle simulé,139,52,1.7845872192094625e-06,0.961072198275862,31.73843826626691,0.0258867832088531,0.0088229375602356,0.0632571877333624,61.11941123202787,0.0102546739809471,0.0149310334728887,0.0116087631342343,0.0870395463246565,0.3072729697490966
8p13wa1e,Modèle simulé,140,53,1.19634052138698e-06,0.9624191810344828,35.029469658833875,0.0177225625186959,0.0066247598412607,0.0610964830065595,56.63753728569819,0.0079467030049398,0.014908524055002,0.011706240208517,0.0860064208316497,0.3131363763450048
8p13wa1e,Modèle simulé,149,54,0.0002,0.8842268318965517,7.639785663404637,0.4149642823378134,0.0706747531377036,0.1269918319223256,191.0577116770131,0.082328843097363,0.0240737263821702,0.0185750346793992,0.1087820198323227,0.3244216360597529
8p13wa1e,Modèle simulé,150,55,0.0001998036594786,0.946423760775862,26.199640464211488,0.0489799093245495,0.0099072474665169,0.0721413843847554,89.71653719935911,0.0121700912874577,0.0238265864805788,0.018326140828749,0.1086517362099172,0.3019710454421165
8p13wa1e,Modèle simulé,151,56,0.0001992154127807,0.9393521012931034,31.629966259131056,0.0262120922086282,0.0103987017325286,0.0727085187260446,109.98553192296208,0.01235570339486,0.0228992030143928,0.0178629872190137,0.1040524842265324,0.3095357038526453
8p13wa1e,Modèle simulé,152,57,0.0001982375814475,0.9346039870689656,30.65562664160364,0.0293236932594686,0.0115433213108315,0.0794345406365805,124.95072253505316,0.0148006534396574,0.0230339661670418,0.0177803502585261,0.1056028031385862,0.3020952624770311
8p13wa1e,Modèle simulé,153,58,0.0001968740245322,0.9278353987068966,28.3101719761984,0.0384141653294048,0.0145223093829278,0.0869645446795841,103.48748785240772,0.0172594535196649,0.0218648501019128,0.0170716535952738,0.1019144035621076,0.2951392993076235
8p13wa1e,Modèle simulé,154,59,0.0001951301233713,0.9447231950431034,32.6754503496313,0.0232395375960432,0.0105131938892962,0.0779953592553221,94.1450628766123,0.0129385895320567,0.0226110599648493,0.0171956377696946,0.1056991501464548,0.3059740146470172
8p13wa1e,Modèle simulé,155,60,0.0001930127603458,0.9493197737068966,28.543290148454943,0.0373968904883148,0.0110934812511349,0.0754177633287577,104.81667047678732,0.0130292699543823,0.0210538084387906,0.0161507467771124,0.1019929496842062,0.2850799328432633
8p13wa1e,Modèle simulé,156,61,0.0001905302917203,0.9551117995689656,30.685817432312177,0.0292219456305705,0.0094128121172302,0.0740807708995095,101.5751781913473,0.0117707013248883,0.0220447578586829,0.0169335439777336,0.1040593433456543,0.2831142893076961
8p13wa1e,Modèle simulé,157,62,0.0001876925146643,0.949488146551724,28.82189423829796,0.0362164008264445,0.0112624076869467,0.073344858941333,84.08947143227122,0.0139971297266411,0.0209703381515593,0.0160015957891686,0.1019505433992952,0.2863173812755152
8p13wa1e,Modèle simulé,158,63,0.0001845106285874,0.9529734644396552,32.505024863341134,0.0237000224191333,0.0084959425610201,0.0657401670669687,80.82904295410661,0.0100173224727141,0.0213065938705689,0.0163053954179343,0.100761413685659,0.2841191835319384
8p13wa1e,Modèle simulé,159,64,0.0001809971909403,0.935614224137931,30.58176084112151,0.0295741286624716,0.0158719040999381,0.0778041650252095,108.7741542211605,0.0184116017651455,0.0202949882055131,0.0158462615417014,0.0975957891752577,0.2790830968282161
8p13wa1e,Modèle simulé,160,65,0.0001771660676561,0.9325161637931034,30.987812277222066,0.0282234035896117,0.0137512356781497,0.0787458706261782,113.07017642096278,0.0165179864471328,0.0199317929223498,0.0155832595470496,0.0975419631721372,0.2944204302297698
8p13wa1e,Modèle simulé,161,66,0.0001730323784284,0.9244342672413792,27.815180109967915,0.0406668931362697,0.0197169126557378,0.0941214501087007,150.6222698833167,0.0246716131745227,0.0202104651655715,0.0157821733210012,0.0975539326890666,0.3007758713812909
8p13wa1e,Modèle simulé,162,67,0.0001686124370399,0.9541857489224138,31.879644930081135,0.0254693436642168,0.0090257190810195,0.0643739027195963,91.576275957773,0.010479114098667,0.0194069401114287,0.0149260357332726,0.0961390328553752,0.2888550195747461
8p13wa1e,Modèle simulé,163,68,0.0001639236869799,0.9562904094827588,30.749725206746,0.0290077296824899,0.0092073619397806,0.0662810694554756,75.054532420727,0.0107247311108071,0.0184757959925466,0.014116004640714,0.0968808176744188,0.2862260796002343
01bdn81w,Modèle résiduel normalisé,0,1,2e-05,0.7397566376061275,5.929685711503971,0.5052609268698729,0.0530419605944691,0.2309244912246178,234.33151301627436,0.0692842174963704,0.099756979295968,0.0642426679085972,0.3298497445180884,0.4121220538185702
01bdn81w,Modèle résiduel normalisé,9,2,7.999999999999999e-05,0.7880679040119566,27.31324927196116,0.043086134854371,0.0231549782550026,0.1381022203071364,172.4631898670019,0.0304353581420306,0.0392305180589612,0.0285502292900386,0.1683807741118292,0.2080827974992939
01bdn81w,Modèle résiduel normalisé,18,3,0.00014,0.8084677868875964,28.54342407692353,0.0373963138669359,0.020238349374769,0.1155544036421282,152.9228031163125,0.0253724107069188,0.031322223213939,0.0234008455871898,0.1413294017696992,0.1659325483836169
01bdn81w,Modèle résiduel normalisé,27,4,0.0002,0.8080675067572758,28.190776981318287,0.0389458467808017,0.0210839112385593,0.1216973593008929,149.898958497774,0.026606445746689,0.0297212277133113,0.0223712315544103,0.1346054784635193,0.1360930219674721
01bdn81w,Modèle résiduel normalisé,28,5,0.0001998036594786,0.8278400897979736,28.86367123818967,0.0360426270562137,0.018886440112416,0.1100077456955252,136.26971458684903,0.0237103577317862,0.0278072708135104,0.0212105062201173,0.1268660417861408,0.1165548161022428
01bdn81w,Modèle résiduel normalisé,37,6,0.0001992154127807,0.8297479892599171,28.668961164095784,0.0368597123580986,0.0185694877893246,0.1109909706845365,141.32688415767012,0.0237209715976797,0.0271594127258047,0.0207106168978871,0.1241254937381316,0.1133901641314101
01bdn81w,Modèle résiduel normalisé,38,7,0.0001982375814475,0.8383707527456612,29.115963777406066,0.0350107819891198,0.0177726316875938,0.107294261070161,142.164816059206,0.0226369311968828,0.026140013590264,0.0200923351475443,0.120251608837364,0.1053990309532636
01bdn81w,Modèle résiduel normalisé,47,8,0.0001968740245322,0.8408793457623186,29.06328936022257,0.0352237452897533,0.0176449172391459,0.1029771963327095,139.81192800430995,0.0222499636483603,0.0259938944354016,0.0199040042029486,0.1190400504403644,0.1077812688313743
01bdn81w,Modèle résiduel normalisé,56,9,0.0001951301233713,0.8422363893739109,28.62202271009101,0.0370594410262081,0.0182303757695802,0.1077225521720688,146.4633891294623,0.0233134162644373,0.0261465851774709,0.0199903442890534,0.1200348407857948,0.1161493586424069
01bdn81w,Modèle résiduel normalisé,57,10,0.0001930127603458,0.8279993965707976,23.98330877603433,0.0632170988233992,0.0251671973102051,0.1311031549141325,176.7959857719245,0.0319951409795161,0.0257831620426577,0.0197069661445024,0.1189527351122636,0.103768133231972
01bdn81w,Modèle résiduel normalisé,58,11,0.0001905302917203,0.8437566305028981,28.870918159543866,0.0360125680568703,0.0180265011972394,0.1047286023867541,138.9556019611229,0.0226529143301063,0.0252749877066439,0.0194679239852369,0.1166783897285787,0.1006550247757098
01bdn81w,Modèle résiduel normalisé,59,12,0.0001876925146643,0.8469162768331068,28.844902004330567,0.0361205953430925,0.0176687042453679,0.1049999305657271,140.46306908452675,0.0227167150326843,0.0254939183330115,0.0195660278057822,0.1172944232821464,0.1130564835909594
01bdn81w,Modèle résiduel normalisé,60,13,0.0001845106285874,0.8606090196247759,29.73944935073896,0.0325857358347832,0.0163148754308449,0.0951645399989753,132.08437006736247,0.0202740824556556,0.0244649175403273,0.01898222300821,0.1131015664810298,0.0946328251375856
01bdn81w,Modèle résiduel normalisé,69,14,0.0001809971909403,0.8506118264691583,29.353818035582893,0.0340650552942458,0.0170602337938958,0.100490941184348,136.17372994299873,0.021640728613169,0.0240530126974878,0.018722268880114,0.1111536660255529,0.0901660915527843
01bdn81w,Modèle résiduel normalisé,70,15,0.0001771660676561,0.8557160188411844,28.74675546917866,0.0365310560029925,0.0175954777554705,0.0996701925479132,137.93465070377232,0.0218674225475767,0.0251010098200068,0.019277519486749,0.1154859882070977,0.1086819891332306
01bdn81w,Modèle résiduel normalisé,71,16,0.0001730323784284,0.8567568865315668,29.217860781495304,0.0346024588563057,0.0174006157843717,0.1016220261567625,131.91692890245403,0.0216530525799969,0.0242617138438563,0.0187827699427676,0.1123173781312429,0.0977633808636003
01bdn81w,Modèle résiduel normalisé,72,17,0.0001686124370399,0.8584308336521017,29.35846778189052,0.0340468244067502,0.0168633232663931,0.0980740420777222,133.08387102121978,0.0208526670226249,0.023854155296412,0.0185542462640402,0.1107562406259214,0.0955160667753627
01bdn81w,Modèle résiduel normalisé,73,18,0.0001639236869799,0.865769766528031,29.82247919501436,0.0322757275099751,0.0158031516034027,0.0934320924610927,135.16731244984584,0.0198876650297436,0.0236999737536614,0.018420336015809,0.1101104132194294,0.1037819292555507
01bdn81w,Modèle résiduel normalisé,82,19,0.0001589846326031,0.8581818650508749,28.957739693043216,0.0356543903867788,0.0170753798929267,0.0999607473354915,138.18872251385272,0.0214051205729102,0.0234405575081323,0.0182807675292158,0.1085890029103328,0.0970861579999964
01bdn81w,Modèle résiduel normalisé,83,20,0.0001538147661004,0.8568755902093033,28.96443174883493,0.0356269309913772,0.0174304556486935,0.1012264168981848,140.1857084668136,0.0218988057097484,0.0233033995948031,0.0181647888981761,0.1078631558224686,0.1007076379898776
01bdn81w,Modèle résiduel normalisé,84,21,0.0001484344905731,0.8675119404135079,29.561141987202085,0.0332615819376581,0.016420505427081,0.0950371675707142,131.71345622177668,0.0203630695569104,0.0233932350857708,0.0182702873722037,0.108801330320346,0.0925622076655809
01bdn81w,Modèle résiduel normalisé,85,22,0.0001428650395107,0.8601708946556881,28.974371734833483,0.0355861834506697,0.0168042490579958,0.0967356946704716,133.34816874681815,0.0208234624808718,0.0230443637069856,0.0180387448471708,0.1069724652438591,0.0898661276118622
01bdn81w,Modèle résiduel normalisé,86,23,0.0001371283929921,0.8772615954793733,29.93442641596467,0.0318624142149075,0.0152578561984259,0.0899786160423837,122.1918346570999,0.0190382998693605,0.0228142735476677,0.0178520788167977,0.1060682784160997,0.0936698230922731
01bdn81w,Modèle résiduel normalisé,95,24,0.0001312471909403,0.8706240099051903,29.918246870264834,0.0319218208900674,0.0155370896039851,0.0913866542536636,128.40781710269644,0.0193939141222629,0.0224434593573021,0.0176520329406564,0.1040159418987922,0.0920636175184423
01bdn81w,Modèle résiduel normalisé,96,25,0.0001252446437729,0.8664876407590406,29.65518756610365,0.0329033882239641,0.0160469147216143,0.0944786553495916,129.7951333597518,0.0200178409958707,0.0236161346427905,0.0183398015279736,0.1100103797820898,0.1081149228967917
01bdn81w,Modèle résiduel normalisé,97,26,0.0001191444408012,0.8733229883785906,29.79901866483328,0.0323630218731338,0.0159434801096032,0.0925930667797039,127.03571013865648,0.0196714504975183,0.022618489467308,0.0177755718015962,0.1055658859574896,0.0935481748679
01bdn81w,Modèle résiduel normalisé,98,27,0.0001129706567396,0.8713409510152094,29.85730558505348,0.0321465759000924,0.0161214974419824,0.0936398093813452,131.4829667162583,0.0200790708948825,0.0223068862031094,0.0175969023934095,0.104109059796374,0.0941270804430684
01bdn81w,Modèle résiduel normalisé,99,28,0.0001067476566931,0.874403530153735,29.82443472282935,0.0322684618203188,0.0162711305672238,0.0961602178627047,133.71760517066278,0.0204106807901427,0.0222664275843427,0.0174926278404254,0.1039065514555853,0.1035398595098756
01bdn81w,Modèle résiduel normalisé,100,29,0.0001005,0.8763152813089305,29.87841262870585,0.032068553329849,0.0152873151518147,0.0897108758318013,127.15862929857164,0.0190643064741944,0.0222495819131533,0.0175479161393884,0.1042534035877284,0.0987128550903155
01bdn81w,Modèle résiduel normalisé,101,30,9.425234330683332e-05,0.8724665148504849,29.81105254814061,0.0323182155049487,0.0163443426697932,0.0933128835569167,128.53840709976683,0.0201555443285354,0.0219635586453299,0.017317910794105,0.1027619388177354,0.0964135012915756
01bdn81w,Modèle résiduel normalisé,102,31,8.802934326035174e-05,0.8724194744537617,29.95073859273792,0.0318026324749863,0.0159107095979411,0.0926561142350065,126.0527500795752,0.0197873295381151,0.0213712611291398,0.0169820315562761,0.0996281818892711,0.0938306827034451
01bdn81w,Modèle résiduel normalisé,103,32,8.18555591987204e-05,0.8702420551201393,29.920913403515765,0.0319120225233052,0.015888058066625,0.0935459395164045,131.03849454031507,0.0198228504701421,0.0216552192806942,0.0171093235476913,0.1014085286575504,0.1071481072049365
01bdn81w,Modèle résiduel normalisé,104,33,7.575535622709694e-05,0.8666693033843205,29.76076129950474,0.0325058805433176,0.0163046740123937,0.0946499429129321,129.17330409298222,0.0201833633513286,0.0215370950018429,0.0170366132639857,0.1009085473851261,0.1049675645195266
01bdn81w,Modèle résiduel normalisé,105,34,6.975280905969277e-05,0.8682027931871086,29.47738752335626,0.033583861006839,0.0168628792182124,0.0959590462775066,132.08600170937572,0.0207949790075935,0.0213080910313078,0.0168888561674353,0.0996237667834656,0.102449030129828
01bdn81w,Modèle résiduel normalisé,106,35,6.387160700787457e-05,0.8771802988545648,30.10125227588049,0.0312562870153073,0.0153146184788181,0.08993629173472,126.03363933645424,0.018978219736239,0.0211291175622206,0.0167972045815271,0.0991741395276835,0.102813593374613
01bdn81w,Modèle résiduel normalisé,115,36,5.813496048927527e-05,0.8751413822174072,30.182886412751003,0.0309639016511543,0.0153160607763405,0.0901656103288305,122.13084766271704,0.0190823160047675,0.0207944830529328,0.016593431848953,0.0974082152207947,0.1000235634258924
01bdn81w,Modèle résiduel normalisé,116,37,5.256550942687932e-05,0.8765344722517605,30.24309813802832,0.0307499980873688,0.0152216909838647,0.0882900373945976,124.1127723248484,0.0187286946858311,0.0208363067119931,0.0165819944893447,0.0976570923932087,0.1048898902586382
01bdn81w,Modèle résiduel normalisé,125,38,4.718523389958981e-05,0.871719436398868,30.032362166198943,0.0315051746649513,0.0156507053380382,0.0901006127482858,127.6389095134185,0.0192372108135243,0.0205155498642697,0.0164052381968268,0.0962041986899243,0.10320895887975
01bdn81w,Modèle résiduel normalisé,126,39,4.201536739689893e-05,0.8797762167864832,30.216120730671445,0.0308456526313646,0.0150925743489943,0.0901660693102869,121.6519232838542,0.018815053915926,0.0204270341887305,0.0163244249251408,0.0960226465557885,0.1061857983024201
01bdn81w,Modèle résiduel normalisé,127,40,3.707631302000537e-05,0.8839600600045303,30.323018380845767,0.0304683601812849,0.0147461395004186,0.0878335791158265,119.41592069398772,0.0183585160251321,0.0204106019411841,0.0162746485991355,0.0960432361397478,0.1096949463980829
01bdn81w,Modèle résiduel normalisé,136,41,3.238756296009547e-05,0.874772637054838,30.10912738288884,0.0312279611829693,0.0153935874073669,0.0910428765005078,121.33761537337976,0.0191304252065461,0.0203312760314498,0.0162703022281201,0.09545594222971,0.1114414671006111
01bdn81w,Modèle résiduel normalisé,137,42,2.7967621571569576e-05,0.8819835124344662,30.277216138760892,0.0306294496210288,0.0149027708082877,0.0880160663148452,117.99088105647354,0.0184061295063845,0.0200220673567909,0.0160277344198881,0.0942612719586771,0.1102175051744422
01bdn81w,Modèle résiduel normalisé,138,43,2.3833932343808982e-05,0.8828076165297936,30.284562704456764,0.0306035540434827,0.0147212546896831,0.0874498287408516,115.44188908322587,0.0183032896883528,0.0200019899206474,0.016018693223914,0.0943220282116761,0.1160373790906025
01bdn81w,Modèle résiduel normalisé,147,44,2.0002809059692745e-05,0.8794421656378384,30.237756534526543,0.0307689143781339,0.0148586964812772,0.0883101652665384,120.43810056990212,0.0184554891211205,0.0199946236526036,0.0160060173624919,0.0940408309937542,0.1128158332445682
01bdn81w,Modèle résiduel normalisé,148,45,1.6489371412549524e-05,0.8823061009933209,30.283311348911965,0.0306079633426303,0.0147343994086158,0.0871215882743227,119.6417924735886,0.0182908360749996,0.0201054937524609,0.0160739988040847,0.0946280172206143,0.1153738439436359
01bdn81w,Modèle résiduel normalisé,157,46,1.3307485335635575e-05,0.8832320755925672,30.299362621776545,0.030551452942397,0.0148082865915935,0.0870238462912625,119.18716279801612,0.0182971964622366,0.0198265257108415,0.0159103619372551,0.0934372984477852,0.120124613149808
01bdn81w,Modèle résiduel normalisé,158,47,1.0469708279631076e-05,0.8807817923611608,30.27467798368732,0.0306384013411254,0.0147777556216922,0.0882381482114052,115.4649588119437,0.0184140881073885,0.0198194137694807,0.015911820400347,0.0934262021771098,0.116263137700466
01bdn81w,Modèle résiduel normalisé,159,48,7.987239654118992e-06,0.8843601058269369,30.29527240536412,0.0305658431184889,0.0146808033680607,0.087105655593091,114.868506611786,0.0181880484110322,0.0197249694058719,0.0158122530103557,0.0929718864842867,0.1189665247041445
01bdn81w,Modèle résiduel normalisé,168,49,5.869876628632224e-06,0.8822907908209439,30.323024244941276,0.03046833961122,0.0147147034455476,0.0874473840512078,115.14702276174596,0.0182447441500322,0.0195844136656094,0.0157462757271833,0.0923925542996989,0.1172340513708499
01bdn81w,Modèle résiduel normalisé,169,50,4.125975467701219e-06,0.8805647533515404,30.29815143178565,0.0305557134379396,0.0148110449763721,0.0884673375764797,117.06112354541504,0.0183953461076678,0.0195398773106499,0.0157581480641841,0.0919836908578872,0.1177336426181161
01bdn81w,Modèle résiduel normalisé,170,51,2.7624185524954723e-06,0.8849926405939562,30.37789903283575,0.0302764567490258,0.0146924291641033,0.0866923959090791,113.39212427380876,0.0181467950922148,0.0195677842682179,0.0157884572847531,0.0922488522453185,0.1177187684573169
01bdn81w,Modèle résiduel normalisé,179,52,1.7845872192094625e-06,0.8824889988734804,30.32453452956077,0.0304630422995716,0.0147247390243513,0.0879503200794088,114.71537897982252,0.0182721712465943,0.0196704789399145,0.0158110856094485,0.0925338090293937,0.1158909745706253
01bdn81w,Modèle résiduel normalisé,180,53,1.19634052138698e-06,0.8862698612541988,30.392116844474792,0.030226938178311,0.0145679397572731,0.0863289382180263,113.46212403422028,0.0180197825398424,0.0194977397282217,0.0157207903396497,0.0917502796261483,0.1171177792020587
01bdn81w,Modèle résiduel normalisé,189,54,0.0002,0.8634814661124657,28.55229940424041,0.0373581214622512,0.0172851721531358,0.0972987503327172,143.5640331628943,0.0214846679491215,0.0226404241716059,0.0176606288967797,0.1055505634882511,0.1208883389894269
01bdn81w,Modèle résiduel normalisé,190,55,0.0001998036594786,0.8419846645716963,28.21541394666299,0.0388355359188687,0.0196169267312206,0.1194174542766192,148.55168238574694,0.0258342935543121,0.0220990493798103,0.0172880512471191,0.1035557297878285,0.1115246023664362
01bdn81w,Modèle résiduel normalisé,191,56,0.0001992154127807,0.8671564500907372,29.178029338343286,0.0347615019673591,0.0172556233752904,0.0992492624911768,129.82055450300098,0.0212718206618366,0.0226623276447574,0.017752263842262,0.106350901353563,0.1057486465662463
01bdn81w,Modèle résiduel normalisé,192,57,0.0001982375814475,0.858327748446629,28.265453806742187,0.0386124456194141,0.0175629189430639,0.0990458418583047,151.00467293621787,0.022386184251257,0.0217868973954747,0.0171135483134506,0.1023079432292371,0.1015090070123601
01bdn81w,Modèle résiduel normalisé,193,58,0.0001968740245322,0.875072366204755,29.483590482178027,0.033559885922133,0.0163705203168351,0.093464329068003,128.36384019288457,0.0203979277726391,0.0217245415999339,0.0171359464502296,0.1018373002417576,0.1025623908568906
01bdn81w,Modèle résiduel normalisé,194,59,0.0001951301233713,0.8758936914904364,29.827477288789108,0.0322571605335031,0.0156923335944784,0.0925069705679498,124.03256844645765,0.019646038076487,0.0215037806978465,0.0169434911515722,0.1008533847987906,0.0996204471518086
01bdn81w,Modèle résiduel normalisé,195,60,0.0001930127603458,0.8699690925663915,29.088004975133515,0.035123658928313,0.0175697223187006,0.1002695062037172,136.3890475752297,0.0219074018813412,0.0210191482264134,0.0166932350565862,0.0983292792533707,0.0963190839522414
01bdn81w,Modèle résiduel normalisé,196,61,0.0001905302917203,0.8770235571367987,30.02057672162897,0.0315479514581091,0.0154147667424946,0.0897507735624395,125.6006205438393,0.0190448243941726,0.0217512643450282,0.0170772643998647,0.1025388119185072,0.1021610429176153
01bdn81w,Modèle résiduel normalisé,197,62,0.0001876925146643,0.8688766894669369,29.55457966840024,0.0332867210527844,0.0169396640026363,0.0965982654999042,129.1965585387685,0.0208640057786271,0.0212935672308772,0.0167915790946756,0.0996136985655523,0.0989648807220734
01bdn81w,Modèle résiduel normalisé,198,63,0.0001845106285874,0.8835013837649904,30.17538301298876,0.0309906617095048,0.0148380892030124,0.0897834390915673,118.80318347633796,0.0186324150076714,0.0211199458139256,0.0167115236489245,0.0996167944091507,0.1049355659793075
01bdn81w,Modèle résiduel normalisé,199,64,0.0001809971909403,0.8752706914112486,29.892929387306022,0.032015001804194,0.0155697079568073,0.0907450387703961,124.48412778486036,0.0192780335401666,0.0216552262337735,0.0170904175561462,0.1014260643949875,0.0995026774640776
01bdn81w,Modèle résiduel normalisé,200,65,0.0001771660676561,0.8804101985076378,29.77645132798374,0.0324472155307195,0.0157615278430026,0.0900319809543675,127.0674347706991,0.0194466750876143,0.0212397238550086,0.0167325612706824,0.0989952971760788,0.1006131294923715
01bdn81w,Modèle résiduel normalisé,201,66,0.0001730323784284,0.8543263365482462,28.67705599337833,0.0368253768898959,0.0183481078209548,0.1059397116046527,143.9906888831082,0.0229018122792757,0.0212662947467631,0.0166979497616999,0.0996997679750888,0.1116038895825035
01bdn81w,Modèle résiduel normalisé,202,67,0.0001686124370399,0.8790697270426256,30.01690396966513,0.031561294052339,0.0154023683662044,0.0906524795653491,126.8968554984944,0.0192128459055875,0.021234983112663,0.0167804402896226,0.1002704084842887,0.0954098310321569
01bdn81w,Modèle résiduel normalisé,203,68,0.0001639236869799,0.8858786060892302,30.22540397831922,0.0308127032297271,0.0148068096103339,0.0880657794146702,118.54789719332308,0.0184260995030916,0.0208430423791337,0.0164789153684854,0.0978907648569498,0.0988468583991639
9knzit7w,Modèle filtered after,0,1,2e-05,0.6447305418550968,11.715921634804316,0.2595397716889161,0.0580807710066437,0.2525062635540962,875.3355388488886,0.0784674423048272,0.1330750817733426,0.0828458140904624,0.4084747844646054,0.4822234163481381
9knzit7w,Modèle filtered after,9,2,7.999999999999999e-05,0.7369033508002758,22.929871931247963,0.0713684727940796,0.035161881125532,0.1468484103679657,635.0924843940934,0.042754826194141,0.0624956968991506,0.0426635081774645,0.2330971870931887,0.3351849592140605
9knzit7w,Modèle filtered after,18,3,0.00014,0.7292212713509798,22.77998498161101,0.0726107212914052,0.0354297202429734,0.1463321561459452,646.0203141398471,0.0433885806123726,0.0524904053402884,0.0367352815885697,0.2052274323519199,0.2717638782135421
9knzit7w,Modèle filtered after,19,4,0.0002,0.7199366316199303,22.536975685454696,0.0746708707476026,0.0371861862950027,0.158350667450577,692.9007211120112,0.0456816997611895,0.0510074338395028,0.0355612226506514,0.2012470161782637,0.2441918008750485
9knzit7w,Modèle filtered after,20,5,0.0001998036594786,0.7453812025487423,23.08819911299932,0.0700793466661601,0.0355475303949788,0.1477743126451969,641.9757489769855,0.0429925401112996,0.0501181254944493,0.0349281527732889,0.1986174293222927,0.2178550603228711
9knzit7w,Modèle filtered after,21,6,0.0001992154127807,0.7657195497304201,22.760309592201832,0.0727753864656615,0.0361809933674521,0.1399989544879645,657.5275302632614,0.0434441393590532,0.04784291522998,0.0338803101105675,0.190988780780425,0.2111714228146499
9knzit7w,Modèle filtered after,22,7,0.0001982375814475,0.7461310233920813,21.828227898714307,0.081019322100781,0.0392530251992866,0.1613635718822479,652.7311406959866,0.049378189141862,0.0461368186684745,0.0329118060143364,0.1851487118870981,0.1890306659343262
9knzit7w,Modèle filtered after,23,8,0.0001968740245322,0.787623630836606,23.05741517166729,0.0703281577860008,0.0345006248098798,0.1376538567710667,618.1776892499572,0.0413428951287642,0.0447803521228413,0.032035325834107,0.180870383707506,0.1765454629015538
9knzit7w,Modèle filtered after,32,9,0.0001951301233713,0.77121152728796,21.94964115839517,0.079894694801389,0.03901019890327,0.1534972423687577,631.7736481809559,0.0479441950446926,0.0441581070002528,0.031467686114352,0.1792705098106976,0.1738385070235498
9knzit7w,Modèle filtered after,33,10,0.0001930127603458,0.7463045995682478,23.375291903478377,0.067800891573767,0.0329537026118487,0.1437012809328735,587.6224432860757,0.0402270002523437,0.0434538763947784,0.0313270659741735,0.1757301913213826,0.1749943063984955
9knzit7w,Modèle filtered after,42,11,0.0001905302917203,0.737956315279007,21.79921239944544,0.0812904223615788,0.0405320647987537,0.163988213520497,651.7318029814107,0.0510760792531073,0.0432678906832851,0.0311833282391871,0.1748175719572652,0.1778629421586952
9knzit7w,Modèle filtered after,43,12,0.0001876925146643,0.7542920615524054,20.583207171513024,0.0935060349400829,0.0447156814625486,0.1532432832755148,708.4923273186087,0.0531064854585565,0.0430008984666558,0.0309388541781734,0.1751147187465141,0.1870553906586381
9knzit7w,Modèle filtered after,44,13,0.0001845106285874,0.7930179890245199,22.13843574909083,0.0781768581429477,0.0373500659479759,0.1404100821819156,637.9135778547961,0.0452521954430267,0.0418784536962066,0.030243964678037,0.1712081799463879,0.1738409501230043
9knzit7w,Modèle filtered after,45,14,0.0001809971909403,0.7703727036714554,17.425261177644067,0.1345045392473829,0.0557759343646466,0.1836637267842888,692.8425352985088,0.0715815153671428,0.0413771860241409,0.0300649547528836,0.169636229023097,0.1860077673449151
9knzit7w,Modèle filtered after,46,15,0.0001771660676561,0.754632256925106,20.37219082830509,0.0958055037110772,0.0437093297950923,0.1665807352401316,661.3007485332693,0.0555432856199331,0.040904093293413,0.0299491585427594,0.166739048977052,0.1773376311626165
9knzit7w,Modèle filtered after,47,16,0.0001730323784284,0.7995586395263672,23.59594103823323,0.0661002265670209,0.0310828231158666,0.1252482869895175,567.9352847407456,0.0372021851944737,0.0446726306747164,0.031762218816326,0.1814831421980934,0.2203140768613065
9knzit7w,Modèle filtered after,56,17,0.0001686124370399,0.7851606216281652,23.676560315648324,0.0654895466760471,0.0306611224659718,0.1278075003065168,573.0527199612347,0.0366616864921525,0.0417773587884561,0.0300548513938162,0.1706013684912074,0.201780091520519
9knzit7w,Modèle filtered after,65,18,0.0001639236869799,0.777994217351079,22.831459008842923,0.0721816905846913,0.0354753404972143,0.1412665178067982,611.7990608635155,0.0429356290842406,0.0419165092941013,0.0301017509773373,0.1705597200761399,0.1922900824833978
9knzit7w,Modèle filtered after,66,19,0.0001589846326031,0.7741557918488979,22.830601662565787,0.0721888156761401,0.033649111399427,0.1370677652303129,605.6069665450699,0.0405365262413397,0.040984726240558,0.0298853253329833,0.1675638547768035,0.1805187051274603
9knzit7w,Modèle filtered after,67,20,0.0001538147661004,0.7758991830050945,23.635926046857456,0.0657966371743154,0.0306856025708839,0.1309974486939609,572.5005263400542,0.0370200416073203,0.0393154582294124,0.0289050759972944,0.1618009417828532,0.1687335821108952
9knzit7w,Modèle filtered after,68,21,0.0001484344905731,0.8207234535366297,23.41566703661704,0.0674864600517154,0.0329184784204699,0.1256179301999509,589.5292188885996,0.0389859750284813,0.0399997853673994,0.0292363392805019,0.164100304846802,0.1901404947463062
9knzit7w,Modèle filtered after,69,22,0.0001428650395107,0.7938627805560827,23.263127021394997,0.0686821131896219,0.032771175232483,0.1326447743922472,601.8056339316847,0.0397667736979201,0.0384302930230455,0.0282398628131035,0.1590555144714251,0.1774173173452577
9knzit7w,Modèle filtered after,70,23,0.0001371283929921,0.8053055424243212,23.60466149940585,0.0660338965512449,0.0310402397881262,0.1228872276842594,555.2413844893409,0.0367700284114107,0.0380109632913503,0.0279951372011114,0.1586071105313397,0.1806892828955765
9knzit7w,Modèle filtered after,71,24,0.0001312471909403,0.8107323814183474,23.59395906800941,0.0661153112197624,0.0300503287871833,0.1250398012343794,562.3788950223623,0.0362264427240006,0.0372234090201316,0.0276172434002341,0.1546392177922591,0.1826541297918846
9knzit7w,Modèle filtered after,80,25,0.0001252446437729,0.8057093303650618,23.734101163391443,0.0650571362008816,0.0294733055634424,0.1263673277571797,561.7641760752277,0.0359516452299431,0.037260741400983,0.0275505954444768,0.1542763181271091,0.1973724059400058
9knzit7w,Modèle filtered after,89,26,0.0001191444408012,0.8084357362240553,23.245924677917333,0.0688182724195329,0.033831829612609,0.123847977258265,564.9825501625376,0.0398825352312997,0.0375975980348284,0.0277992906762407,0.1564391001818641,0.1919289084992581
9knzit7w,Modèle filtered after,90,27,0.0001129706567396,0.799777440726757,23.748026228701686,0.0649529213058362,0.0294332574412692,0.1236882105004042,568.1808491089871,0.0354882910323794,0.036463571840056,0.0270469665880345,0.1526960205106485,0.1932587916512162
9knzit7w,Modèle filtered after,99,28,0.0001067476566931,0.8266334477812052,23.43596800607221,0.0673289124873232,0.0315392145712394,0.1200122840236872,566.3177758208034,0.0375579667161218,0.0357856228046359,0.0266738857645841,0.149836215851528,0.1963089741766452
9knzit7w,Modèle filtered after,100,29,0.0001005,0.8138135652989149,23.60512201754385,0.0660303955856311,0.0305124285514466,0.1220239552203565,554.3101556913923,0.0365832709358073,0.0353984381447756,0.0263747016396073,0.1482103238062512,0.1869673067102989
9knzit7w,Modèle filtered after,101,30,9.425234330683332e-05,0.8143551275134087,23.755082928686413,0.0649001728646615,0.0286461887299083,0.124883331824094,533.390213642647,0.0354136195383034,0.0352972735080026,0.0263231780657905,0.1481762174216489,0.2108858597855414
9knzit7w,Modèle filtered after,110,31,8.802934326035174e-05,0.8064317628741264,23.81199188654687,0.0644763442914471,0.0281881583796348,0.1223780997097492,537.514246457474,0.0344959407811984,0.0358556433272878,0.0265391622219354,0.1506700585145623,0.2169263299194074
9knzit7w,Modèle filtered after,119,32,8.18555591987204e-05,0.8301445413380861,23.81593077923425,0.0644471120727589,0.0284655488212592,0.1220112089067697,539.2127763364048,0.0345648179936688,0.034570897779157,0.0258313218890238,0.1456737486465323,0.214573600479672
9knzit7w,Modèle filtered after,120,33,7.575535622709694e-05,0.8002428337931633,23.81228064963189,0.064474200805934,0.0287060402915813,0.1381058217957615,545.6244033612193,0.0385734666197095,0.0339309172779922,0.0255034425025505,0.1439573093347491,0.2134572202039341
9knzit7w,Modèle filtered after,121,34,6.975280905969277e-05,0.8360398672521114,23.80774969361888,0.0645078422620605,0.0281840552925132,0.1191851738840341,537.1722239652588,0.0340117746964097,0.0337954999338234,0.0254649532838694,0.143209732888687,0.2230823810002015
9knzit7w,Modèle filtered after,130,35,6.387160700787457e-05,0.8249912392348051,23.64049239525141,0.065762055638236,0.0301211662299465,0.118810589890927,549.2865562144663,0.0359859417076222,0.0337681224149081,0.0253194085239703,0.1430496431346382,0.2212447907114701
9knzit7w,Modèle filtered after,131,36,5.813496048927527e-05,0.8257608786225319,23.70782403153188,0.06525424939211,0.0288928996014874,0.1245083247777074,540.5727388080386,0.035955777100753,0.0330982631252658,0.0249416582406528,0.1408425601079098,0.2260735007603803
9knzit7w,Modèle filtered after,132,37,5.256550942687932e-05,0.8352765161544085,23.692556403250897,0.0653690509590315,0.0287260889017488,0.1277726448606699,540.475645513371,0.0370761297817807,0.0331719853847678,0.0249936785811798,0.1413435081560765,0.2258197698696905
9knzit7w,Modèle filtered after,133,38,4.718523389958981e-05,0.8376198802143335,23.683335866931277,0.0654384805472561,0.02871293266071,0.1242687879130244,531.3583712717717,0.036502749659121,0.0330545148406658,0.0249921012211651,0.1411866906790002,0.2386054737613566
9knzit7w,Modèle filtered after,134,39,4.201536739689893e-05,0.847848093137145,23.79713717926731,0.0645867068137318,0.028026752610458,0.1189377233386039,532.0115720516677,0.0341729497013147,0.0326218080646809,0.0245929807199225,0.1397295509795508,0.246150599106362
9knzit7w,Modèle filtered after,135,40,3.707631302000537e-05,0.8175806943327188,23.80347762393277,0.0645395776157427,0.0281240994809195,0.1256642807275056,519.5265931174048,0.0353159758378751,0.0323009817079911,0.0244808039072179,0.138295772305179,0.2496396408175989
9knzit7w,Modèle filtered after,136,41,3.238756296009547e-05,0.8401508945971727,23.741280658599013,0.0650033841462118,0.0283891071157995,0.1265371266053989,536.7339057899496,0.0364360616367775,0.0321485312400205,0.0243552363319923,0.1378764504747044,0.2526661494085865
9knzit7w,Modèle filtered after,137,42,2.7967621571569576e-05,0.8302712310105562,23.62580653185096,0.0658733383643014,0.0294317105726804,0.1212496095104143,530.2803925828416,0.0359902864438481,0.0320025535540715,0.0242615405905751,0.137447465030897,0.2492381042890971
9knzit7w,Modèle filtered after,138,43,2.3833932343808982e-05,0.8342959526926279,23.588705795801708,0.0661553102058884,0.0302092625934164,0.1211204165592789,541.3317206028139,0.036445447592996,0.0316746453679497,0.0240221835349896,0.1363376346566985,0.2498042149949939
9knzit7w,Modèle filtered after,139,44,2.0002809059692745e-05,0.8265512902289629,23.601722836908216,0.0660562413165443,0.0294665315595921,0.1251624197466299,534.4107471235724,0.0372165667358785,0.031525166618878,0.0239960167804853,0.1354037887687164,0.2558949292607365
9knzit7w,Modèle filtered after,140,45,1.6489371412549524e-05,0.832339508458972,23.65440688455692,0.065656791478324,0.0291595776798203,0.1197747585829347,522.5520954726218,0.0354911735921632,0.0315862660889603,0.0240957193009014,0.135405768580254,0.2484548326221204
9knzit7w,Modèle filtered after,141,46,1.3307485335635575e-05,0.8363061863929033,23.63114975821955,0.0658328280729814,0.0293676107830833,0.1189766506431624,524.423256791401,0.0355558758601546,0.0310815971329688,0.0237211778707381,0.1342022121853886,0.2522582906268297
9knzit7w,Modèle filtered after,142,47,1.0469708279631076e-05,0.8273138925433159,23.739339535700186,0.0650179127279786,0.0285523356578778,0.1277249864069745,528.0295556171994,0.0375379218021407,0.0310863423041037,0.0237147959339762,0.1341377133803983,0.2509596116780754
9knzit7w,Modèle filtered after,143,48,7.987239654118992e-06,0.8415828160941601,23.78916517947131,0.0646460123760648,0.0278428815072402,0.1188601204194128,513.9873661375756,0.0342386201373301,0.0313401666409786,0.023854534047836,0.1349974444676791,0.2714548459757239
9knzit7w,Modèle filtered after,144,49,5.869876628632224e-06,0.8258424401283264,23.769591246724254,0.0647918585250081,0.028185236180434,0.1221010935259983,515.0253670042181,0.0352136781439185,0.0311188039242199,0.0237178954243239,0.1344381947250616,0.2593026830544395
5dmh1fmi,Modèle U-Net classique,0,1,2e-05,0.4911435883620689,10.001724420461072,0.3161649911571653,0.1502453742613052,0.373313936693915,476.02033361695976,0.2071382244085443,0.333761719493275,0.1799710171026551,0.7092196794911327,0.7283861593812959
5dmh1fmi,Modèle U-Net classique,9,2,7.999999999999999e-05,0.83203125,17.821706359540748,0.1285034187734672,0.033707187350454,0.1561568520706275,214.74601289710355,0.0436451553270734,0.1085189731839375,0.076610437212273,0.2839930735719509,0.7344189728172417
5dmh1fmi,Modèle U-Net classique,18,3,0.00014,0.84033203125,25.14202265380065,0.0553221267445702,0.0335728383526719,0.1519038153105768,204.43685168464276,0.0422201536210446,0.0617916915311008,0.0461513402943427,0.1951179027430012,0.4769437208007543
5dmh1fmi,Modèle U-Net classique,27,4,0.0002,0.8400794719827587,23.751083414663924,0.0649300637488622,0.0378492455287226,0.1564330805478425,229.77584345320605,0.0465101378745046,0.0569748039890685,0.0431097605798998,0.1841136255962216,0.368101615872648
5dmh1fmi,Modèle U-Net classique,28,5,0.0001998036594786,0.8514783135775862,24.090400797906547,0.0624424536442006,0.0307017402916119,0.1443566207228035,210.02829566007884,0.0385256829061384,0.0517574109089298,0.0395498142665268,0.1744716749805161,0.3152871399353712
5dmh1fmi,Modèle U-Net classique,37,6,0.0001992154127807,0.85595703125,26.992099196879217,0.04470900864582,0.026919822304927,0.1306811532583729,187.172764244092,0.0334557072612746,0.0490386470531423,0.0377247140575677,0.1672157157753777,0.3192759249200169
5dmh1fmi,Modèle U-Net classique,46,7,0.0001982375814475,0.8597285829741379,25.28881352323928,0.0543950429287272,0.0308256480072079,0.1312978940791097,182.39842022370783,0.0380474221732082,0.0482972520841365,0.037217949795672,0.1647789470023579,0.3144059714853254
5dmh1fmi,Modèle U-Net classique,47,8,0.0001968740245322,0.8644598599137931,26.15716002795112,0.0492200441133576,0.02434735151072,0.1278753948622736,172.92447005424336,0.0311589682282044,0.0467104553921609,0.0358118465902586,0.1619604768342951,0.2904046438952796
5dmh1fmi,Modèle U-Net classique,56,9,0.0001951301233713,0.8624898976293104,25.974693067703303,0.0502649606166482,0.0299310919925056,0.1271405790386529,199.0528917174987,0.0362944559932782,0.0486778705739057,0.0371207238182935,0.1654391167764989,0.2971114145321214
5dmh1fmi,Modèle U-Net classique,57,10,0.0001930127603458,0.853448275862069,25.91291598181308,0.0506237369609333,0.0262073040779294,0.137998070439388,188.5212560922392,0.0341608630942887,0.0473022738662667,0.0364389968478781,0.1618150282555665,0.2747528541228201
5dmh1fmi,Modèle U-Net classique,58,11,0.0001905302917203,0.8584489493534483,26.106020464245404,0.0495106897627943,0.0307285925052289,0.1316876781397852,182.5528341257951,0.0374206490814685,0.0451526091410181,0.0346213368237273,0.1571541086603433,0.2713143351113694
5dmh1fmi,Modèle U-Net classique,59,12,0.0001876925146643,0.8675915948275862,25.137337012886476,0.055351978557394,0.0256630263837247,0.1340514087471468,167.86328289070445,0.0327692109577614,0.045269996771573,0.0348507585003972,0.1587304620979688,0.2673019282838218
5dmh1fmi,Modèle U-Net classique,60,13,0.0001845106285874,0.857000942887931,24.94234187679373,0.0566086641012952,0.0321066200347809,0.1357785031713288,194.40648735129497,0.0393556338445893,0.0432985644692029,0.0334557329551277,0.1538860619577587,0.2675602909209382
5dmh1fmi,Modèle U-Net classique,61,14,0.0001809971909403,0.8712957974137931,27.31646447541512,0.0430701888708275,0.024522747137937,0.1247488869161441,171.21437182417588,0.0310045424206503,0.0428352518739481,0.0328766617080212,0.1556205945646661,0.2564221063994953
5dmh1fmi,Modèle U-Net classique,70,15,0.0001771660676561,0.8693089978448276,26.638779930313103,0.0465651496999227,0.0275744775245929,0.1210378101416703,205.0176971523756,0.0338659150975531,0.0423440610687447,0.0324783182074116,0.1527851870936206,0.2729978733337842
5dmh1fmi,Modèle U-Net classique,71,16,0.0001730323784284,0.8818022629310345,27.545653870271668,0.0419485840916643,0.0235193038744659,0.1211863008552584,146.70707835261229,0.029974049149916,0.041065312269279,0.0316257029214603,0.1508065786244523,0.2568266065711649
5dmh1fmi,Modèle U-Net classique,80,17,0.0001686124370399,0.8750505118534483,26.452610801473725,0.0475739771812071,0.028534123898837,0.1212706705876465,170.17175270394225,0.0346281211180933,0.041282934248129,0.0318718308614742,0.1498402874821271,0.2805596108301582
5dmh1fmi,Modèle U-Net classique,81,18,0.0001639236869799,0.8580111799568966,26.7004816489381,0.0462355382211723,0.0296092513177929,0.1305310240593449,191.6562070058444,0.0367676429450511,0.0402921564622312,0.0307849622132559,0.1497527290231142,0.2663225163825047
5dmh1fmi,Modèle U-Net classique,82,19,0.0001589846326031,0.8646955818965517,24.745286586138413,0.0579076139827916,0.0326982146642845,0.1283320008680738,183.2171974883668,0.0394565529864409,0.0407832801883292,0.0311530829829155,0.14973532816029,0.2601563013198539
5dmh1fmi,Modèle U-Net classique,83,20,0.0001538147661004,0.8647966056034483,24.358970257490817,0.0605412644279959,0.0264393282604628,0.1251277068051798,175.0893842042138,0.0329660364779932,0.0384958339616274,0.0296820266586211,0.144742853493772,0.2577804056688761
5dmh1fmi,Modèle U-Net classique,84,21,0.0001484344905731,0.8711274245689655,25.14618843206792,0.0552956004511049,0.028321194847853,0.1215863613219096,167.13781607570598,0.0344452426351349,0.0391606128432302,0.0302634709952478,0.1460676832586272,0.2681187589008074
5dmh1fmi,Modèle U-Net classique,85,22,0.0001428650395107,0.8819201239224138,27.665724666584,0.0413726907220162,0.0212790467294639,0.1180771284833036,152.9216583964602,0.0272178224063125,0.0376918863457364,0.0292432526222024,0.1419843637153633,0.2553981377337223
5dmh1fmi,Modèle U-Net classique,94,23,0.0001371283929921,0.8803542564655172,27.77860040879776,0.0408385185725675,0.0204457702950156,0.1212734633992458,148.85230671207867,0.0268798802561801,0.0386196800754365,0.0294163022110732,0.1446419941882292,0.269861239939928
5dmh1fmi,Modèle U-Net classique,103,24,0.0001312471909403,0.8802532327586207,26.477668109603805,0.0474369321530616,0.0239418634887913,0.1185045162665432,167.86084179117012,0.0299193896995536,0.0368528426664634,0.0282707985283599,0.1414474046383148,0.2667420354600136
5dmh1fmi,Modèle U-Net classique,104,25,0.0001252446437729,0.8773067079741379,26.204151313737327,0.0489544791557171,0.0257032553440537,0.1212870625072512,165.29017339804415,0.0317202821887772,0.0366240481280873,0.0281998759063963,0.140430780653006,0.2623165188054753
5dmh1fmi,Modèle U-Net classique,105,26,0.0001191444408012,0.8768184267241379,25.83495044457284,0.0510801869134085,0.0294875091519849,0.1152039750896651,165.25223986849346,0.0350759279239794,0.0354452984901065,0.027472344545536,0.1359334816662674,0.259821370912668
5dmh1fmi,Modèle U-Net classique,106,27,0.0001129706567396,0.8814486799568966,26.906269020886803,0.045152993604743,0.0233145746049182,0.1148083527283422,155.4368642501728,0.0291205062691507,0.0351909631863236,0.0273559905437386,0.136977839610006,0.264039144747787
5dmh1fmi,Modèle U-Net classique,107,28,0.0001067476566931,0.8740402747844828,25.714671512054156,0.0517924462963588,0.023126549440725,0.1244203412327273,164.5208296417036,0.0293238482855517,0.035110007557604,0.0270705528748341,0.1354896078507105,0.2545290154396978
5dmh1fmi,Modèle U-Net classique,108,29,0.0001005,0.8766500538793104,26.329373211999325,0.0482537799520107,0.0258514503466671,0.1165633751400585,166.074656695786,0.0319538156919438,0.034715222616672,0.0267394499964693,0.1357299050268454,0.2601288179429168
5dmh1fmi,Modèle U-Net classique,109,30,9.425234330683332e-05,0.8740402747844828,24.662255734614845,0.0584638233267353,0.0285052732275477,0.1218934563984131,190.73902998542133,0.035375356545736,0.034542352733258,0.0267424546420956,0.1339118643703623,0.2483645914138382
5dmh1fmi,Modèle U-Net classique,110,31,8.802934326035174e-05,0.8788220635775862,21.359378004578225,0.0855127946292671,0.023340375387463,0.1184100964716796,159.480504463373,0.0296117799549267,0.0341835591910231,0.0264564637158416,0.1334750043212348,0.2590426233334419
5dmh1fmi,Modèle U-Net classique,111,32,8.18555591987204e-05,0.8663793103448276,26.429774615274457,0.0476992191131106,0.0248033126880382,0.1284853537277928,185.8410301790219,0.0319407813507935,0.0343747026103938,0.0263960575525704,0.1341837211233428,0.2819781852010478
5dmh1fmi,Modèle U-Net classique,112,33,7.575535622709694e-05,0.8728953394396551,25.57728403021106,0.0526181771173392,0.0271281160028844,0.1193726052497995,164.86706015692798,0.0332258177343113,0.0335986563044353,0.0259888726684591,0.1325949978752014,0.2539787818478722
5dmh1fmi,Modèle U-Net classique,113,34,6.975280905969277e-05,0.8757576778017241,24.89271951312277,0.0569329941566208,0.0256770749351587,0.1184199445977293,171.71777693390828,0.0317121261152727,0.0331411808729171,0.0255693302641057,0.1307684422558189,0.2569056608610683
5dmh1fmi,Modèle U-Net classique,114,35,6.387160700787457e-05,0.887627963362069,28.08452550758707,0.0394251836126658,0.0193877702835818,0.1122498243790248,136.63752022922304,0.024992104651856,0.0326224405191138,0.0254994704762203,0.1290466705830688,0.2620794377869291
5dmh1fmi,Modèle U-Net classique,123,36,5.813496048927527e-05,0.8853380926724138,25.84306661677126,0.0510324794270201,0.0219043696556111,0.1135918025312752,140.30083644594885,0.0276525599303944,0.0320524144838126,0.0250401400013739,0.1276246525474593,0.274692456691693
5dmh1fmi,Modèle U-Net classique,124,37,5.256550942687932e-05,0.8819874730603449,28.683709084676675,0.0367971807238217,0.0198845505585958,0.115793684690163,144.89567930780134,0.0258936796594282,0.0316651684558417,0.0247239290585375,0.1269815359105411,0.270037923899726
5dmh1fmi,Modèle U-Net classique,125,38,4.718523389958981e-05,0.8853380926724138,27.840265639882865,0.0405496134002224,0.0206789318151001,0.1147219866257289,144.4529237400364,0.026336272215021,0.0307368067467314,0.0240550256636726,0.1247273762829792,0.2598182413822565
5dmh1fmi,Modèle U-Net classique,126,39,4.201536739689893e-05,0.8850181842672413,26.56850789320287,0.0469434069189958,0.0245389814392246,0.1127380909847802,151.13796021263136,0.030268721218253,0.0316955588885352,0.0244020974168028,0.1277756757843188,0.2820151866628573
5dmh1fmi,Modèle U-Net classique,127,40,3.707631302000537e-05,0.8868029364224138,25.314232364001697,0.0542360911320239,0.0211971064644127,0.1131270752641661,141.91473340111585,0.0268117793161293,0.0308164572820831,0.0239972539691843,0.125086452302515,0.2802667254502447
5dmh1fmi,Modèle U-Net classique,128,41,3.238756296009547e-05,0.8816002155172413,25.296340524968493,0.0543479257941272,0.0239058262507977,0.116676303076333,147.77468065644644,0.0298791115397009,0.0302063916594936,0.0236332784645641,0.1238384655334501,0.2666066709874022
5dmh1fmi,Modèle U-Net classique,129,42,2.7967621571569576e-05,0.8891433189655172,28.03960184909286,0.0396296199588138,0.0189670394656473,0.1107143613285031,129.35871360498635,0.0245092951146693,0.0299695715960911,0.0233868081441037,0.123669062096339,0.2676712366887647
5dmh1fmi,Modèle U-Net classique,138,43,2.3833932343808982e-05,0.8879310344827587,24.506950397098706,0.0595185688886903,0.0213472278595998,0.1128257680042036,135.57121314419442,0.0271024762428012,0.029687438510422,0.0232151573818399,0.1227458602724931,0.2789332164913161
5dmh1fmi,Modèle U-Net classique,139,44,2.0002809059692745e-05,0.8841763200431034,22.69693495756648,0.0733083174997693,0.0251397173530582,0.1168352537627877,151.47888766772877,0.0314671819194637,0.0300589055778124,0.02361674580134,0.1224085714063073,0.2788283501526919
5dmh1fmi,Modèle U-Net classique,140,45,1.6489371412549524e-05,0.8824420797413793,25.476482120691877,0.0532323812518394,0.0243753133791274,0.1185213782150169,147.81341130040792,0.0306566683896656,0.0297763072368171,0.0233080888915265,0.1225865222832076,0.2861938627802918
5dmh1fmi,Modèle U-Net classique,141,46,1.3307485335635575e-05,0.8860789331896551,26.6957564666107,0.0462606975074313,0.0219950877322719,0.113970129525867,138.47449952800577,0.0276552060426309,0.0291786952994954,0.0228683280233198,0.1212833110784363,0.2798828505871132
5dmh1fmi,Modèle U-Net classique,142,47,1.0469708279631076e-05,0.8858263739224138,23.82683876633516,0.0643662283561963,0.0221062841150781,0.1145877545249873,138.66197156268817,0.0278309931143604,0.0294549378415203,0.0230655178873457,0.1218134978961231,0.2953201738687662
5dmh1fmi,Modèle U-Net classique,143,48,7.987239654118992e-06,0.890069369612069,27.05426364614243,0.0443901709666066,0.0199750685293612,0.110586288545666,130.00606231317803,0.0253490627711189,0.0290882175740523,0.0227889896760511,0.1209183501191118,0.2895210801790922
5dmh1fmi,Modèle U-Net classique,144,49,5.869876628632224e-06,0.8908943965517241,23.45781852842911,0.0671597504262997,0.0209126501697404,0.1116042490406283,131.3152623197283,0.0264666325187888,0.028712679245947,0.0224596764733139,0.1205648948621546,0.2806089689525274
5dmh1fmi,Modèle U-Net classique,145,50,4.125975467701219e-06,0.888604525862069,23.7557267768219,0.0648953622685836,0.0226894631853391,0.1111755119315509,133.57904447082475,0.0281567355168276,0.0289454598966826,0.0227578174657164,0.1198853105306625,0.2804419928445266
5dmh1fmi,Modèle U-Net classique,146,51,2.7624185524954723e-06,0.8865167025862069,25.424463808137773,0.0535521374367753,0.0202854456187322,0.1124733055716958,133.62920095413207,0.0258368321790777,0.0289756030910927,0.0227610558573888,0.1206509480491662,0.2737135908160454
5dmh1fmi,Modèle U-Net classique,147,52,1.7845872192094625e-06,0.8896989493534483,26.73605956222041,0.0460465420793333,0.0222106167468531,0.1126665759446292,134.38444935294564,0.0277938436845253,0.0286897693673132,0.0225473701452406,0.1198246071162896,0.2781018329481793
5dmh1fmi,Modèle U-Net classique,148,53,1.19634052138698e-06,0.8882341056034483,28.394384857206678,0.0380435255758268,0.0206238136401978,0.1127585470676422,132.15554325733422,0.0261667641200895,0.0290693322944844,0.0228673077435192,0.1199662329103702,0.2787248343866095
5dmh1fmi,Modèle U-Net classique,149,54,0.0002,0.8694773706896551,27.55982307244225,0.0418802095836177,0.0236888655043881,0.1203673903284401,182.51916863731967,0.0298402718557366,0.0377192121062778,0.029219226927584,0.1404556797928789,0.3064238356474118
5dmh1fmi,Modèle U-Net classique,150,55,0.0001998036594786,0.8695952316810345,25.360793330433054,0.0539461348270581,0.0276753152238911,0.1219919309790792,183.5418392544915,0.0339627962816378,0.0368923201249578,0.0282133389184744,0.1402470899952782,0.2814070839020941
5dmh1fmi,Modèle U-Net classique,151,56,0.0001992154127807,0.8672380118534483,24.996969290320003,0.0562537573443227,0.0315450844194354,0.1256203675835297,175.95055027170108,0.0379486455871113,0.0360366664349268,0.0280015634126069,0.1361009541930806,0.2760304097945874
5dmh1fmi,Modèle U-Net classique,152,57,0.0001982375814475,0.8620016163793104,26.37724698240598,0.0479885525626362,0.0289958818205471,0.1341920651752373,208.0844949889957,0.0373652154772446,0.0364608688391426,0.0280257018012368,0.1385125233194767,0.2592783666765078
z4dp4z5s,Modèle all wave after,0,1,2e-05,0.7098843306303024,13.39526320453717,0.2139128331697525,0.0529105073073878,0.215726260561496,700.4481695204408,0.066953616333194,0.112054874189198,0.0730961969182376,0.3489875028570813,0.4042394397359702
z4dp4z5s,Modèle all wave after,9,2,7.999999999999999e-05,0.7514125760644674,22.40626278006445,0.0758030815584923,0.0381450105924159,0.1415236524771899,582.9527468763283,0.0452245475607924,0.0559250225252922,0.0405071825915647,0.2010055678566136,0.2247807839584927
z4dp4z5s,Modèle all wave after,18,3,0.00014,0.7600356582552195,22.575868332017603,0.0743372658234483,0.0372559003299102,0.1315349244978279,572.0903637990036,0.043571294110734,0.0478149561526914,0.035305862968427,0.1752985803891093,0.1852415169499093
z4dp4z5s,Modèle all wave after,27,4,0.0002,0.7706677932292223,22.725595391956105,0.0730668240253847,0.0364100065198726,0.1314612517599016,555.4606418228279,0.042702802515123,0.0463964659345126,0.0343447186713737,0.171483511435649,0.1764669747452341
z4dp4z5s,Modèle all wave after,36,5,0.0001998036594786,0.7798357959836721,22.6305905582789,0.0738704036403934,0.0368408703361637,0.1355235625524073,563.2803183390341,0.043555648473557,0.0443376855729448,0.0330489308933817,0.1637092199056379,0.145972320209107
z4dp4z5s,Modèle all wave after,37,6,0.0001992154127807,0.7919731549918652,22.972452751744697,0.0710194594463469,0.0346233054879121,0.1215671729296445,529.3534623414948,0.0401391125633381,0.0436866417331921,0.0326449932275159,0.1627801452132482,0.1398510392154416
z4dp4z5s,Modèle all wave after,46,7,0.0001982375814475,0.7854741457849741,22.58773927969473,0.0742357389698329,0.0354178220732137,0.1309291098732501,552.648000160373,0.0417442649486474,0.0421117462758575,0.0316647077429919,0.1572780268747479,0.1292685237562944
z4dp4z5s,Modèle all wave after,47,8,0.0001968740245322,0.7963395938277245,22.56743449658158,0.0744094809641974,0.0358614429133012,0.1254044936504215,552.2640735348928,0.0417458707815967,0.041674165543349,0.0313203097734179,0.1565626510268738,0.1344254371529865
z4dp4z5s,Modèle all wave after,48,9,0.0001951301233713,0.7917199730873108,22.823121448619407,0.0722510108445683,0.0353810049709863,0.1294656111858785,580.2352592207526,0.0416392222396098,0.0416598416519381,0.0313686245391445,0.1563795660472204,0.1406286958635093
z4dp4z5s,Modèle all wave after,49,10,0.0001930127603458,0.8065044600516558,22.96695479385832,0.07106442727532,0.034956541028805,0.1210340477991849,531.1855931831366,0.0408433927805163,0.041063392760172,0.0309223670084329,0.1544032363942073,0.138605055985071
z4dp4z5s,Modèle all wave after,50,11,0.0001905302917203,0.8068792708218098,22.68587412102616,0.0734017296716316,0.0358240426867269,0.1215754579752683,535.7781590762053,0.0419290248537436,0.0400761068918772,0.0301799765645316,0.1514321878372181,0.137199587684365
z4dp4z5s,Modèle all wave after,51,12,0.0001876925146643,0.7872122898697853,16.38621465120183,0.1515965324096249,0.0463676434592343,0.1343041416257619,649.8504876464101,0.0531631259364075,0.0400196579660499,0.0302055300618972,0.1512990842062619,0.1429310727624162
z4dp4z5s,Modèle all wave after,52,13,0.0001845106285874,0.8144577499479055,23.16481609028401,0.0694639052269927,0.0320019780483562,0.1262737647630274,519.7689537415366,0.0387776849674992,0.0389745713572107,0.0297807702839735,0.1469839578194003,0.132850651989781
z4dp4z5s,Modèle all wave after,61,14,0.0001809971909403,0.8066308870911598,20.871919625381,0.0904490518684726,0.0376581072050612,0.1337932669557631,561.3365483603866,0.0454348635394126,0.0389549494871208,0.0296668149418227,0.1473645267767771,0.1488914679765941
z4dp4z5s,Modèle all wave after,62,15,0.0001771660676561,0.8170790746808052,22.55391057331289,0.074525426707259,0.0356340690923389,0.121982944663614,536.9255472908812,0.0414112557191401,0.0385550706527165,0.0293421734522487,0.1462884518588262,0.1533331507216057
z4dp4z5s,Modèle all wave after,63,16,0.0001730323784284,0.8170645851641893,22.48204587226117,0.0751445877798749,0.0352359013049863,0.119053132366389,535.6817630928882,0.0411276417435146,0.0382553816232229,0.0291890221753067,0.1460976042153854,0.1476082115644408
z4dp4z5s,Modèle all wave after,64,17,0.0001686124370399,0.8356096427887678,23.074270665131984,0.0701918140824251,0.032980746764224,0.1117724508512765,497.0805453300603,0.0381679546553641,0.0379532130975877,0.0289873506595951,0.1446157525623998,0.1544205903436147
z4dp4z5s,Modèle all wave after,73,18,0.0001639236869799,0.8224053680896759,22.77887577564796,0.072619994421872,0.036022032611072,0.1162970315199345,525.893834868394,0.0413396941148676,0.0375318284552063,0.0287546663537561,0.143554404227724,0.1471014040402106
z4dp4z5s,Modèle all wave after,74,19,0.0001589846326031,0.8128820266574621,23.07188747723597,0.0702110755788894,0.0338410079129971,0.1259844270534813,538.071668378836,0.0398849133634939,0.0373455964164027,0.0284708650151808,0.1429049079757063,0.1621323439833377
z4dp4z5s,Modèle all wave after,75,20,0.0001538147661004,0.8200132418423891,23.132572485448616,0.0697222471083542,0.0317705144116189,0.1220919438637793,505.7589548452737,0.0376964611641597,0.0380389918873627,0.0290361817760933,0.1451496341596207,0.1669330445358589
z4dp4z5s,Modèle all wave after,84,21,0.0001484344905731,0.8367783408612013,23.31633314035141,0.0682626812980038,0.0311378443730063,0.1142152945976704,495.7379723196042,0.0365983519586734,0.0375042020553542,0.0285933452861143,0.1437569598577195,0.1774339888755592
z4dp4z5s,Modèle all wave after,93,22,0.0001428650395107,0.8273850027471781,23.2355730650122,0.0689003371029608,0.0312491287477314,0.1214615674689412,492.6702933581982,0.0373424186836928,0.0367103241338965,0.0282706333542122,0.1405616804897304,0.1667103068001808
z4dp4z5s,Modèle all wave after,94,23,0.0001371283929921,0.8281007837504148,23.099997712339132,0.0699842180324366,0.0318126417114399,0.1162736595142632,498.5288802829582,0.0371809372445568,0.0366148762930665,0.0280206961549758,0.1407830976250191,0.1770838643123786
z4dp4z5s,Modèle all wave after,95,24,0.0001312471909403,0.8266770634800196,23.205168275807573,0.0691419440279993,0.0320215212123002,0.113866159459576,504.1146402440747,0.0374323604337405,0.0355592980800617,0.0273671566899265,0.1376662936301962,0.1772961825462839
z4dp4z5s,Modèle all wave after,96,25,0.0001252446437729,0.8320212792605162,23.065789372421293,0.0702603859947856,0.0335253544617444,0.116075245430693,502.19315941540987,0.0391882878611795,0.0351940560635299,0.0272147242175114,0.1362746210708733,0.178091132848133
z4dp4z5s,Modèle all wave after,97,26,0.0001191444408012,0.825761616230011,22.871110154405358,0.0718529316381824,0.0345907142327632,0.1210152474232018,526.8843130514946,0.0411773425294086,0.0349891573986819,0.0271081287008259,0.1361289542288549,0.183579222710147
z4dp4z5s,Modèle all wave after,98,27,0.0001129706567396,0.8344560656696558,23.24171580805613,0.0688516273609832,0.0302724708162713,0.1198541813064366,497.57314581365074,0.0376985862967558,0.0353510394512164,0.0272551407707074,0.1364560617554572,0.1910655331545271
z4dp4z5s,Modèle all wave after,99,28,0.0001067476566931,0.8341244049370289,22.82944930372686,0.0721983936171194,0.034882455074694,0.1147660070564597,509.3246469296308,0.0405483795912005,0.0346551813080065,0.0268641866090136,0.134380389786055,0.1922724693713169
z4dp4z5s,Modèle all wave after,100,29,0.0001005,0.8295931350439787,23.22363605385496,0.0689950918767247,0.0318875210068654,0.1161567065864801,492.6535886751389,0.0372820104821585,0.0345728992890085,0.0267984000703079,0.1342940269518763,0.2023661287441369
z4dp4z5s,Modèle all wave after,101,30,9.425234330683332e-05,0.8425997514277697,23.29750801520246,0.0684107889923698,0.030357562325662,0.118104136432521,483.0664741527118,0.03751847660169,0.0336274540862969,0.0260836283315814,0.1314457738171181,0.1986377513216387
z4dp4z5s,Modèle all wave after,102,31,8.802934326035174e-05,0.838118027895689,22.963983982174017,0.0710887374091166,0.0340197841578628,0.1178061154205352,497.21507825996304,0.0403177808620967,0.0335025937942367,0.0260591142991137,0.1310240788265101,0.2073449826378735
z4dp4z5s,Modèle all wave after,103,32,8.18555591987204e-05,0.836688568815589,23.225279975055923,0.0689820348651419,0.0309495977999176,0.1128228222951293,486.35418927677006,0.0365028302767314,0.0335662038546175,0.0261054192481923,0.1315557287645436,0.2125975730558557
z4dp4z5s,Modèle all wave after,112,33,7.575535622709694e-05,0.8332166653126478,23.24032712059829,0.0688626361394762,0.0307677572709508,0.1274470577482134,494.26897667580647,0.0404382875130977,0.0331339901763825,0.0258332537674915,0.1303531656402253,0.2190104954605621
z4dp4z5s,Modèle all wave after,113,34,6.975280905969277e-05,0.8413585759699345,23.312447470616146,0.068293225730893,0.0303684504760894,0.1142130605876445,477.5556044412372,0.0365631132153794,0.0328048354901012,0.0256129122459359,0.1289454493972082,0.2264676307508301
z4dp4z5s,Modèle all wave after,114,35,6.387160700787457e-05,0.8396182861179113,23.324402640180104,0.0681992922935839,0.0300674515892751,0.121453818748705,476.8097877776059,0.0387578153458889,0.032654961961652,0.02559220452132,0.1287059907410894,0.2155032942169591
z4dp4z5s,Modèle all wave after,115,36,5.813496048927527e-05,0.841344216838479,23.132248441773456,0.0697248482782491,0.0325761729327496,0.1131605949485674,486.1592558434773,0.0383961594197899,0.0325302247844275,0.0254087009497227,0.1282547240055376,0.2560257782799102
r3pubh42,Modèle all wave,0,1,2e-05,0.6496016403724407,7.782939229530327,0.4081812379780845,0.0546114955996644,0.2680604200938652,952.3761202592829,0.077138333356586,0.1338412689570433,0.0826497142577273,0.4136179345540511,0.4380277547444033
r3pubh42,Modèle all wave,9,2,7.999999999999999e-05,0.7319259684661339,26.117514500751614,0.0494452156046933,0.0276490311170446,0.1585803206624655,699.1535730156659,0.0366111964244267,0.0598957848408792,0.0403506635552924,0.2325448332051945,0.348741988149973
r3pubh42,Modèle all wave,18,3,0.00014,0.7267812675443189,26.188856178234225,0.0490407599015698,0.028037406889529,0.1605360009546937,672.7037078389972,0.0370676962594533,0.0471344173957522,0.0329964243623818,0.1955276669090629,0.2538157820574239
r3pubh42,Modèle all wave,19,4,0.0002,0.7514346632464178,26.879292398347708,0.0452934477002623,0.0253981080805433,0.1493956431232649,640.7564513876181,0.0337161304878777,0.0450814499671005,0.0318779859564497,0.1869713801285649,0.2333872266050078
r3pubh42,Modèle all wave,28,5,0.0001998036594786,0.7236359222181912,25.171632619284274,0.0551338561809984,0.0295959727774406,0.166345048824261,684.1701978448756,0.0395098905368097,0.0423508536500426,0.0303945303536378,0.177713061372439,0.1990541076112506
r3pubh42,Modèle all wave,29,6,0.0001992154127807,0.8017362746699103,27.7153226045482,0.0411371186931374,0.0231204574670771,0.1359760113831224,595.1358845681851,0.0304054583198037,0.0413433043365804,0.0297415720251126,0.1749897497331994,0.1876281337159821
r3pubh42,Modèle all wave,38,7,0.0001982375814475,0.700113981962204,7.888018634542653,0.4032729278011054,0.1257531824682293,0.1836425513029098,1785.684791113987,0.1392962928732921,0.040224764519968,0.0290607299544235,0.1714447196095417,0.1995928803315529
r3pubh42,Modèle all wave,39,8,0.0001968740245322,0.7466649598088758,17.829749421320486,0.1283844807495693,0.0515538448917454,0.2246975315542056,729.465211110209,0.0765598214648921,0.0424134578221501,0.0302560002280351,0.1796350909922367,0.2206900327378868
r3pubh42,Modèle all wave,40,9,0.0001951301233713,0.7578618135945551,27.231146092353686,0.0434953365287629,0.0246300650439385,0.1474615299496157,632.7080732160475,0.0326910661212329,0.0392393079610207,0.0281990800832963,0.1694853174317087,0.1951310069133074
r3pubh42,Modèle all wave,41,10,0.0001930127603458,0.7640129389434025,20.461980752963598,0.0948202208135564,0.04142217350931,0.2100560356830728,715.2600045207212,0.0633950221898227,0.0380163042623008,0.0274957369368236,0.1642859462553109,0.1888157803660784
r3pubh42,Modèle all wave,42,11,0.0001905302917203,0.7753841527577104,26.9741152806127,0.0448016734218692,0.0245123625058552,0.1438838102180382,617.3424809389112,0.0323574053573197,0.0391411013487312,0.0282550115201972,0.1686556751274655,0.1857551015658765
r3pubh42,Modèle all wave,43,12,0.0001876925146643,0.7756998333437689,27.133346873860788,0.0439878419863274,0.0251452313928768,0.1475526736728076,578.8457729007434,0.0331685347161416,0.0370489458879853,0.0271399557096963,0.161063219142011,0.1755956899151843
r3pubh42,Modèle all wave,44,13,0.0001845106285874,0.7693219945348543,24.633508579699583,0.0586576379997054,0.0297163791055309,0.1626744306293027,657.9750001392665,0.040116523874217,0.0372888654008762,0.0268734162752954,0.1626984366239645,0.1822108431822723
r3pubh42,Modèle all wave,45,14,0.0001809971909403,0.7542193203136839,24.4449683079898,0.0599448095303438,0.0310061057579928,0.1634901638688712,661.4386077569275,0.040651149598175,0.037116408180923,0.0269820960357976,0.1619614672520731,0.1698310644899168
r3pubh42,Modèle all wave,46,15,0.0001771660676561,0.7854530318029995,26.14753583367589,0.049274611442823,0.0260458523407578,0.1455375233600879,609.8328372786539,0.0338597250781182,0.0352128800243521,0.0259885180494787,0.1540581880089564,0.1695593677015386
r3pubh42,Modèle all wave,47,16,0.0001730323784284,0.7879430631111408,24.479817568566027,0.059704782636408,0.0297062630154963,0.1523269561344179,635.3274961349925,0.0385669037571241,0.0354330917247212,0.0260112612014716,0.15527807854307,0.1777757439985234
r3pubh42,Modèle all wave,48,17,0.0001686124370399,0.8155029087231077,27.444770323694637,0.0424386425289577,0.0236246526112844,0.1344579650924123,589.046173987495,0.0306686252227117,0.0342778768708817,0.025308773220063,0.1511745068570996,0.1683220327473603
r3pubh42,Modèle all wave,49,18,0.0001639236869799,0.7673737077877439,25.42065798164037,0.0535756070880825,0.0280496494138035,0.1498767892862188,642.3562824999525,0.0361937771326509,0.0345180604336226,0.025366941653988,0.1518883776142556,0.1594031513310395
r3pubh42,Modèle all wave,50,19,0.0001589846326031,0.7945771546199404,20.00450596729869,0.099948136588062,0.0424372613237335,0.1642165595087512,701.5455975750381,0.0530367911118885,0.0341179995184652,0.0252545676074731,0.1509371302130385,0.1732058251260692
r3pubh42,Modèle all wave,51,20,0.0001538147661004,0.786255326764337,25.194117290829286,0.0549913188526463,0.0274888767764486,0.152715654979492,618.7266019420497,0.0368480760732601,0.033374789616682,0.024776014403846,0.1485840791884141,0.1619728353097398
r3pubh42,Modèle all wave,52,21,0.0001484344905731,0.7560094430528838,19.84073419799796,0.1018505292537942,0.0436904332118815,0.1906210487258845,705.1884255902769,0.0588316385602128,0.0332562211327827,0.0245935366624313,0.1474248185499101,0.1810310709680247
r3pubh42,Modèle all wave,53,22,0.0001428650395107,0.81017274075541,23.70779316809744,0.0652544812594155,0.0308028322419729,0.1579692723422215,618.3526262911054,0.0417796523663504,0.0334318285712446,0.024638601917073,0.1485955487841214,0.1802035460296349
r3pubh42,Modèle all wave,54,23,0.0001371283929921,0.8109834070863395,28.20689748083717,0.0388736326166591,0.0210536562934004,0.1291864956247395,506.5714748687767,0.0278515115637203,0.0327440869047218,0.0244020534575813,0.146133575715825,0.1814383483913719
r3pubh42,Modèle all wave,63,24,0.0001312471909403,0.7958791461484186,24.253603754371067,0.0612801489559183,0.0287254111006342,0.1475604710907771,577.8687070097392,0.0369020361324836,0.0323900346699942,0.024075956390295,0.145272180215161,0.1691300049424171
r3pubh42,Modèle all wave,64,25,0.0001252446437729,0.8206331051629165,24.317641131482105,0.06083001778323,0.0291366389920485,0.1398844235929949,566.4638099462669,0.036613306030631,0.0322969380336312,0.023947398050919,0.144520596274708,0.1968604693045983
r3pubh42,Modèle all wave,65,26,0.0001191444408012,0.8409751797544545,27.01169252185929,0.0446082692982151,0.0236558341902905,0.1314046015513354,548.6908654950352,0.030578669867125,0.0314387147529767,0.0235692770419339,0.1405555205976861,0.1743525325869902
r3pubh42,Modèle all wave,66,27,0.0001129706567396,0.8492955668219204,28.626167944908826,0.0370417590798738,0.0200803763843302,0.1246414605913491,492.0669872094556,0.0266585711004405,0.0315984328571929,0.0235294333468071,0.1410274255988944,0.189279033039005
r3pubh42,Modèle all wave,75,28,0.0001067476566931,0.8382699099080316,23.491833560386027,0.066897258740747,0.0283207613332518,0.1447933614253997,564.7761128000441,0.0369139710955064,0.0305807241039653,0.0230483613414769,0.1377598187352857,0.1865227345663767
r3pubh42,Modèle all wave,76,29,0.0001005,0.8555236643758314,28.397263825234788,0.0380309180078081,0.0208135367017881,0.1235862924107189,494.6423061996662,0.0271551738139884,0.0304438514141445,0.022874685191414,0.1373116352682949,0.1847292567229169
r3pubh42,Modèle all wave,77,30,9.425234330683332e-05,0.8549345937268488,28.69002646636137,0.0367704272962298,0.0196055120563712,0.1237859195419426,486.5729427632709,0.0259014697552754,0.0300861771505039,0.0228215771424783,0.1350847151225958,0.1851622344782719
r3pubh42,Modèle all wave,86,31,8.802934326035174e-05,0.8073230303567032,26.98224234017139,0.0447597737896566,0.0247909728887266,0.1380051551707859,519.5492825206397,0.0319449132115676,0.0303120316507724,0.0227564558124121,0.1369821225476061,0.1943514371274882
r3pubh42,Modèle all wave,87,32,8.18555591987204e-05,0.839026640201437,28.740758019229503,0.0365562887478759,0.0194900282819209,0.1235699708862551,482.9102831598626,0.0257553609794583,0.0299273410445859,0.0225559005346626,0.1356119225677262,0.2075135712312837
r3pubh42,Modèle all wave,96,33,7.575535622709694e-05,0.8443483258115834,28.2730777337982,0.0385785689153037,0.0199616757253634,0.1233388876606678,519.5055350984711,0.0260054815303662,0.0296937552097643,0.022527642460524,0.1339512422808215,0.1990299225171916
r3pubh42,Modèle all wave,97,34,6.975280905969277e-05,0.8270396713552803,26.91200909241085,0.0451231640993687,0.0237885869011796,0.1344810107658649,547.2247648546656,0.0308022255013728,0.0291763208488113,0.0221204920950481,0.1325787504514058,0.20876415936738
r3pubh42,Modèle all wave,98,35,6.387160700787457e-05,0.836078927434724,27.41908243600605,0.0425643375068951,0.0231440072750736,0.1281265022939649,513.1255309553334,0.0296932796722856,0.0292892118708954,0.0221085978719668,0.1327514646845495,0.1995293596106716
r3pubh42,Modèle all wave,99,36,5.813496048927527e-05,0.857999811912405,28.44725181479205,0.0378126756365088,0.0193550226696092,0.1208529569979371,490.14824204956665,0.0253432203598063,0.0291359121314226,0.0219435319503466,0.1327963892975424,0.2155686779918833
r3pubh42,Modèle all wave,108,37,5.256550942687932e-05,0.8369970424421902,28.619968293433946,0.0370682074900648,0.0197503536554246,0.1229884601358709,462.2617389646064,0.0260112048608475,0.0288507139915202,0.0218163549533893,0.1317961914862832,0.2158882236824585
r3pubh42,Modèle all wave,109,38,4.718523389958981e-05,0.8408845272557489,28.21471294750852,0.0388386702870862,0.0203117242982161,0.1244807014691418,483.2625438378625,0.0266634681872252,0.0284702799792409,0.021596600783145,0.1302303673110456,0.2186544729404695
r3pubh42,Modèle all wave,110,39,4.201536739689893e-05,0.8526672063202694,28.76472838976473,0.0364555437671634,0.019053130828101,0.1220041068977323,482.9865163661884,0.0251588520818743,0.0279887090158513,0.0213319946987888,0.1285438628660308,0.2187756256988415
r3pubh42,Modèle all wave,119,40,3.707631302000537e-05,0.8496853195387741,27.67075763215469,0.041348724609101,0.0206234601551088,0.1258026818776952,472.152245212949,0.0270078078811538,0.0283489857330663,0.0214455602451776,0.129307677061894,0.2272140493880269
r3pubh42,Modèle all wave,120,41,3.238756296009547e-05,0.8387943588454148,28.807906739498694,0.0362747696281917,0.0196117453662485,0.1229100900477376,452.8191062614984,0.0256817238726492,0.0277672240741423,0.0211916628460853,0.1273461362490287,0.2434107708370583
r3pubh42,Modèle all wave,121,42,2.7967621571569576e-05,0.8416555482765724,28.645017253865227,0.0369614616617494,0.0193912823973544,0.122947743740575,483.51894252519423,0.0255714963543517,0.0278184524156216,0.0211275973253779,0.1279128588353976,0.2390431645525317
r3pubh42,Modèle all wave,122,43,2.3833932343808982e-05,0.845080749741916,28.739907780721936,0.0365598673203627,0.0191525406172049,0.1240681969913943,462.3924936538964,0.0254725734221524,0.0278502277647837,0.0211588527020226,0.1278340842288274,0.2322381060315757
r3pubh42,Modèle all wave,123,44,2.0002809059692745e-05,0.8560505673803133,26.87867902423517,0.0452966463143832,0.0223560521443342,0.1302344457342706,451.8701396254072,0.0290532732253958,0.027537851793389,0.0209721046197427,0.1267067022685311,0.2287185648058214
r3pubh42,Modèle all wave,124,45,1.6489371412549524e-05,0.8304876171309372,28.58351997041272,0.0372240824505549,0.0196607781831046,0.1242574656317973,448.86626511338864,0.0256851528739107,0.0274036391280018,0.0208236496203029,0.126605465530585,0.2447471035978733
r3pubh42,Modèle all wave,125,46,1.3307485335635575e-05,0.8320776614649542,28.08299904611093,0.0394321128179528,0.0212304704854714,0.1240735038601119,448.7880180189216,0.027305852300648,0.0274350591656616,0.0210092312767783,0.1258889194100331,0.2369091391690775
r3pubh42,Modèle all wave,126,47,1.0469708279631076e-05,0.8362652125029728,28.94768398373885,0.0356956916024912,0.0188881896179297,0.1212533303889735,422.4665239375874,0.0248809845411571,0.0272331333074432,0.0208961743041554,0.1254054653402577,0.2298006320006063
r3pubh42,Modèle all wave,135,48,7.987239654118992e-06,0.8537361066916893,29.118251606868224,0.0350015615000336,0.018050018248373,0.1203153229736048,414.75943408021016,0.0241440714433275,0.0270536091003535,0.0206035709080214,0.125677976789128,0.2551713247234241
r3pubh42,Modèle all wave,144,49,5.869876628632224e-06,0.8704259272279411,28.98475432658925,0.035543671273674,0.0186921501339509,0.1177994249195888,408.31507336247086,0.024611956536256,0.0269833318252339,0.0205424150658978,0.1254757561553747,0.2638346446502922
r3pubh42,Modèle all wave,145,50,4.125975467701219e-06,0.8604429919144203,29.015210026342977,0.0354192612453265,0.0184078460944623,0.1185900890107812,417.2525297778666,0.0242774125252818,0.0267928999721303,0.0204928995659336,0.1246406201623443,0.2392203402824891
r3pubh42,Modèle all wave,146,51,2.7624185524954723e-06,0.8435235866184893,28.88471561377436,0.0359554078415039,0.0189284550282975,0.120905032702561,422.3566986151102,0.0248926607570771,0.0269672256918289,0.0205959855523119,0.1250633121683047,0.2405488076818804
r3pubh42,Modèle all wave,147,52,1.7845872192094625e-06,0.8331910063480509,28.895686996238688,0.0359100202631601,0.0192522022487788,0.1221203089788042,419.6654956277606,0.0251427606904301,0.0264043432031559,0.020292378289418,0.1228821795019838,0.2372599799408871
r3pubh42,Modèle all wave,148,53,1.19634052138698e-06,0.8299080873357838,28.7785489061874,0.0363975838070666,0.0194143638785543,0.1223909114969187,435.7537143570925,0.0252826813094574,0.0269398581570921,0.0206100976763245,0.1247052797076539,0.250883631567415
r3pubh42,Modèle all wave,149,54,0.0002,0.829995660946287,28.30179328563637,0.0384512387561149,0.0206424569839547,0.126864674276319,547.7367476033374,0.0270164920145581,0.0324581721558784,0.0240933668688258,0.1445734135042398,0.2404529466333552
r3pubh42,Modèle all wave,150,55,0.0001998036594786,0.8450836457055191,26.527687510048192,0.0471645423257128,0.0249976267845466,0.1328614228244485,517.0231023001675,0.0322863354251302,0.0318578579502864,0.02371183807094,0.1421583228641086,0.2150703123173652
r3pubh42,Modèle all wave,151,56,0.0001992154127807,0.8302234514006253,27.09722202409748,0.0441711695779788,0.0234199561628288,0.1345717917228567,487.7737446229258,0.0306765089646495,0.0312581081022946,0.0234690624344934,0.1391655555329261,0.2023551005265142
r3pubh42,Modèle all wave,152,57,0.0001982375814475,0.8337230230199879,28.484316479551055,0.0376516641381358,0.0199150707058865,0.1273802331295506,512.6049540151243,0.0267260971896607,0.0306545047360098,0.0229665285820125,0.1366497356221716,0.2004858533987122
r3pubh42,Modèle all wave,153,58,0.0001968740245322,0.8382924856810734,27.224255524637204,0.0435298553271279,0.0225318645544607,0.1283923115195899,530.029372424465,0.0290600435230238,0.0310215410879916,0.0232402527004353,0.1389780750768816,0.2017414910862079
r3pubh42,Modèle all wave,154,59,0.0001951301233713,0.8413921019126629,24.88240578641157,0.0570006372103569,0.0269481039060087,0.1361402417051381,542.1639309749442,0.0343749467283487,0.0302192798744027,0.0227764418754631,0.1357169818674397,0.1935369808577065
r3pubh42,Modèle all wave,155,60,0.0001930127603458,0.8421460348984291,28.547522935097472,0.0373786707662258,0.0205385340377688,0.1250274577017488,506.41236061205257,0.0269704901709638,0.0299511233058113,0.0225400803172881,0.135490607502114,0.19007823164137
r3pubh42,Modèle all wave,156,61,0.0001905302917203,0.8288283060336935,26.041079762097503,0.0498822473883696,0.0243810763068754,0.139581360436719,524.5702138417445,0.0324026732223814,0.0303339359438062,0.0226672493900435,0.1369842594314334,0.1984236215551694
r3pubh42,Modèle all wave,157,62,0.0001876925146643,0.8228894965402012,28.14612806771028,0.0391465592903842,0.0212009856156234,0.1308281552688829,524.8941175506224,0.027815346734534,0.0309016740618225,0.0228893649246957,0.1386988552398661,0.1974461567106432
r3pubh42,Modèle all wave,158,63,0.0001845106285874,0.8631934934648974,28.254606211435167,0.0386606978834193,0.0214338744829954,0.1225704211613227,508.900533296962,0.0273643011741083,0.0303543998390181,0.0228471312210218,0.1369426678706947,0.1906095502468255
